college_name,city,district,state,country,college_type,ownership,established_year,official_website,official_admission_url,ug_fee_inr,pg_fee_inr,Rating,Academic,Faculty,Infrastructure,Accommodation,Placement,Social_Life,nirf_2025_rank,College_Name,State,UG_fee,PG_fee,nirf_2025_ss,nirf_2025_fsr,nirf_2025_fqe,nirf_2025_fru,nirf_2025_pu,nirf_2025_qp,nirf_2025_ipr,nirf_2025_fppp,nirf_2025_gph,nirf_2025_gue,nirf_2025_ms,nirf_2025_gphd,affiliation,autonomous_status,naac_grade,accreditation,official_contact_email,official_phone,address,maps_url,campus_area_acres,hostel_available,hostel_fee_inr,library_available,labs_available,sports_facilities,clubs_societies,average_package_lpa,highest_package_lpa,median_package_lpa,placement_rate_percent,placement_year,recruiter_count,top_recruiters,internship_info,placement_source_url,placement_source_year,review_score_5,review_count,review_source,review_source_url,review_year,courses,popular_branches,degree_types,course_duration,entrance_exams,eligibility,cutoff_info,admission_process,application_url,fees_source_url,fees_source_year,college_description,pros,cons,collegeiq_score,data_last_verified,existing_dataset_source,nirf_source,data_status,online_verification_status,online_verification_note
Indian Institute of Technology Madras,,,Tamil nadu,India,,,,,,75116,23070,8.7,9.0,8.7,8.8,7.9,8.8,9.0,1,Indian Institute of Technology Madras ,Tamil nadu,"75,116","23,070",18.5,30.0,17.2,30.0,34.22,32.52,14.0,10.0,31.07,15.0,19.54,16.68,,,,,,,,,,,,,,,,,,,,,,,,,,,,,,,,,,,,,,,,,,,,,,,Indian_Engineering_Colleges_Dataset.csv,NIRF_2025_Scores_with_Rank.csv,Existing dataset + NIRF 2025 where conservatively matched,Not yet verified,Populate only from authoritative/current sources; do not infer missing values.
"College of Engineering, Anna University",,,Tamil nadu,India,,,,,,50000,50000,8.4,8.7,8.1,8.7,7.7,8.3,8.7,20,"College of Engineering, Anna University ",Tamil nadu,"50,000","50,000",17.86,24.65,14.13,12.8,22.92,25.67,11.0,321.0,25.5,12.51,12.61,12.66,,,,,,,,,,,,,,,,,,,,,,,,,,,,,,,,,,,,,,,,,,,,,,,Indian_Engineering_Colleges_Dataset.csv,NIRF_2025_Scores_with_Rank.csv,Existing dataset + NIRF 2025 where conservatively matched,Not yet verified,Populate only from authoritative/current sources; do not infer missing values.
"NIT Trichy, Tiruchirappalli",,,Tamil nadu,India,,,,,,149250,99250,8.5,8.6,8.2,8.7,7.8,8.8,8.7,9,"NIT Trichy, Tiruchirappalli ",Tamil nadu,"1,49,250","99,250",17.5,21.87,14.15,19.73,24.63,24.18,6.5,2.34,35.15,15.0,17.86,10.69,,,,,,,,,,,,,,,,,,,,,,,,,,,,,,,,,,,,,,,,,,,,,,,Indian_Engineering_Colleges_Dataset.csv,NIRF_2025_Scores_with_Rank.csv,Existing dataset + NIRF 2025 where conservatively matched,Not yet verified,Populate only from authoritative/current sources; do not infer missing values.
Vellore Institute of Technology,,,Tamil nadu,India,,,,,,198000,183000,8.3,8.3,7.8,8.9,8.0,8.5,8.5,16,Vellore Institute of Technology ,Tamil nadu,"1,98,000","1,83,000",20.0,22.26,1431.0,10.2,24.62,33.56,9.0,0.42,29.58,15.0,13.93,13.72,,,,,,,,,,,,,,,,,,,,,,,,,,,,,,,,,,,,,,,,,,,,,,,Indian_Engineering_Colleges_Dataset.csv,NIRF_2025_Scores_with_Rank.csv,Existing dataset + NIRF 2025 where conservatively matched,Not yet verified,Populate only from authoritative/current sources; do not infer missing values.
"SRM Engineering College, Kanchipuram",,,Tamil nadu,India,,,,,,260000,170000,7.2,6.5,6.9,7.6,6.6,7.1,8.3,,"SRM Engineering College, Kanchipuram ",Tamil nadu,"2,60,000","1,70,000",,,,,,,,,,,,,,,,,,,,,,,,,,,,,,,,,,,,,,,,,,,,,,,,,,,,,,,,,,,Indian_Engineering_Colleges_Dataset.csv,NIRF_2025_Scores_with_Rank.csv,Existing dataset + NIRF 2025 where conservatively matched,Not yet verified,Populate only from authoritative/current sources; do not infer missing values.
SSN College of Engineering,,,Tamil nadu,India,,,,,,50000,50000,8.6,8.9,8.7,9.1,7.6,8.3,8.8,,SSN College of Engineering ,Tamil nadu,"50,000","50,000",,,,,,,,,,,,,,,,,,,,,,,,,,,,,,,,,,,,,,,,,,,,,,,,,,,,,,,,,,,Indian_Engineering_Colleges_Dataset.csv,NIRF_2025_Scores_with_Rank.csv,Existing dataset + NIRF 2025 where conservatively matched,Not yet verified,Populate only from authoritative/current sources; do not infer missing values.
"SASTRA University, Thanjavur",,,Tamil nadu,India,,,,,,167000,157000,8.1,8.5,8.2,8.3,7.0,8.7,8.1,,"SASTRA University, Thanjavur ",Tamil nadu,"1,67,000","1,57,000",,,,,,,,,,,,,,,,,,,,,,,,,,,,,,,,,,,,,,,,,,,,,,,,,,,,,,,,,,,Indian_Engineering_Colleges_Dataset.csv,NIRF_2025_Scores_with_Rank.csv,Existing dataset + NIRF 2025 where conservatively matched,Not yet verified,Populate only from authoritative/current sources; do not infer missing values.
P.S.G College of Technology,,,Tamil nadu,India,,,,,,87000,154000,9.0,9.2,8.9,9.0,8.7,9.1,8.8,,P.S.G College of Technology ,Tamil nadu,"87,000","1,54,000",,,,,,,,,,,,,,,,,,,,,,,,,,,,,,,,,,,,,,,,,,,,,,,,,,,,,,,,,,,Indian_Engineering_Colleges_Dataset.csv,NIRF_2025_Scores_with_Rank.csv,Existing dataset + NIRF 2025 where conservatively matched,Not yet verified,Populate only from authoritative/current sources; do not infer missing values.
Thiagarajar College of Engineering,,,Tamil nadu,India,,,,,,50000,50000,8.6,8.9,8.6,8.6,7.9,8.7,8.6,,Thiagarajar College of Engineering ,Tamil nadu,"50,000","50,000",,,,,,,,,,,,,,,,,,,,,,,,,,,,,,,,,,,,,,,,,,,,,,,,,,,,,,,,,,,Indian_Engineering_Colleges_Dataset.csv,NIRF_2025_Scores_with_Rank.csv,Existing dataset + NIRF 2025 where conservatively matched,Not yet verified,Populate only from authoritative/current sources; do not infer missing values.
Coimbatore Institute of Technology,,,Tamil nadu,India,,,,,,23670,132710,8.0,8.5,8.2,7.4,6.8,8.4,8.5,,Coimbatore Institute of Technology ,Tamil nadu,"23,670","1,32,710",,,,,,,,,,,,,,,,,,,,,,,,,,,,,,,,,,,,,,,,,,,,,,,,,,,,,,,,,,,Indian_Engineering_Colleges_Dataset.csv,NIRF_2025_Scores_with_Rank.csv,Existing dataset + NIRF 2025 where conservatively matched,Not yet verified,Populate only from authoritative/current sources; do not infer missing values.
Karunya Institute of Technology and Sciences,,,Tamil nadu,India,,,,,,213500,121500,7.9,7.9,7.9,8.5,7.9,7.5,7.4,,Karunya Institute of Technology and Sciences ,Tamil nadu,"2,13,500","1,21,500",,,,,,,,,,,,,,,,,,,,,,,,,,,,,,,,,,,,,,,,,,,,,,,,,,,,,,,,,,,Indian_Engineering_Colleges_Dataset.csv,NIRF_2025_Scores_with_Rank.csv,Existing dataset + NIRF 2025 where conservatively matched,Not yet verified,Populate only from authoritative/current sources; do not infer missing values.
Kumaraguru College of Technology,,,Tamil nadu,India,,,,,,50000,50000,8.2,8.3,8.0,8.8,7.6,7.9,8.5,,Kumaraguru College of Technology ,Tamil nadu,"50,000","50,000",,,,,,,,,,,,,,,,,,,,,,,,,,,,,,,,,,,,,,,,,,,,,,,,,,,,,,,,,,,Indian_Engineering_Colleges_Dataset.csv,NIRF_2025_Scores_with_Rank.csv,Existing dataset + NIRF 2025 where conservatively matched,Not yet verified,Populate only from authoritative/current sources; do not infer missing values.
"VEL Tech, Chennai",,,Tamil nadu,India,,,,,,50000,,8.2,8.5,8.1,7.8,8.5,8.3,8.1,,"VEL Tech, Chennai ",Tamil nadu,"50,000",--,,,,,,,,,,,,,,,,,,,,,,,,,,,,,,,,,,,,,,,,,,,,,,,,,,,,,,,,,,,Indian_Engineering_Colleges_Dataset.csv,NIRF_2025_Scores_with_Rank.csv,Existing dataset + NIRF 2025 where conservatively matched,Not yet verified,Populate only from authoritative/current sources; do not infer missing values.
"Mepco Schlenk Engineering College, Sivakasi",,,Tamil nadu,India,,,,,,134000,104150,8.1,8.5,8.3,8.6,8.1,7.9,7.0,,"Mepco Schlenk Engineering College, Sivakasi ",Tamil nadu,"1,34,000","1,04,150",,,,,,,,,,,,,,,,,,,,,,,,,,,,,,,,,,,,,,,,,,,,,,,,,,,,,,,,,,,Indian_Engineering_Colleges_Dataset.csv,NIRF_2025_Scores_with_Rank.csv,Existing dataset + NIRF 2025 where conservatively matched,Not yet verified,Populate only from authoritative/current sources; do not infer missing values.
Government College of Technology,,,Tamil nadu,India,,,,,,9180,10110,8.1,8.4,8.3,8.0,7.1,8.0,8.8,,Government College of Technology ,Tamil nadu,"9,180","10,110",,,,,,,,,,,,,,,,,,,,,,,,,,,,,,,,,,,,,,,,,,,,,,,,,,,,,,,,,,,Indian_Engineering_Colleges_Dataset.csv,NIRF_2025_Scores_with_Rank.csv,Existing dataset + NIRF 2025 where conservatively matched,Not yet verified,Populate only from authoritative/current sources; do not infer missing values.
Hindustan Institute of Technology and Science,,,Tamil nadu,India,,,,,,229500,125500,7.6,7.8,7.8,7.9,6.9,6.9,8.0,,Hindustan Institute of Technology and Science ,Tamil nadu,"2,29,500","1,25,500",,,,,,,,,,,,,,,,,,,,,,,,,,,,,,,,,,,,,,,,,,,,,,,,,,,,,,,,,,,Indian_Engineering_Colleges_Dataset.csv,NIRF_2025_Scores_with_Rank.csv,Existing dataset + NIRF 2025 where conservatively matched,Not yet verified,Populate only from authoritative/current sources; do not infer missing values.
Sri Krishna College of Engineering and Technology,,,Tamil nadu,India,,,,,,50000,50000,8.1,8.2,8.2,9.0,7.4,8.2,7.7,100,Sri Krishna College of Engineering and Technology ,Tamil nadu,"50,000","50,000",14.0,28.9,12.78,12.79,940.0,9.95,2.5,0.51,36.08,15.0,1144.0,0.89,,,,,,,,,,,,,,,,,,,,,,,,,,,,,,,,,,,,,,,,,,,,,,,Indian_Engineering_Colleges_Dataset.csv,NIRF_2025_Scores_with_Rank.csv,Existing dataset + NIRF 2025 where conservatively matched,Not yet verified,Populate only from authoritative/current sources; do not infer missing values.
Kongu Engineering College,,,Tamil nadu,India,,,,,,60000,65000,8.3,8.3,8.3,8.9,7.7,8.3,8.3,,Kongu Engineering College ,Tamil nadu,"60,000","65,000",,,,,,,,,,,,,,,,,,,,,,,,,,,,,,,,,,,,,,,,,,,,,,,,,,,,,,,,,,,Indian_Engineering_Colleges_Dataset.csv,NIRF_2025_Scores_with_Rank.csv,Existing dataset + NIRF 2025 where conservatively matched,Not yet verified,Populate only from authoritative/current sources; do not infer missing values.
Bannari Amman Institute of Technology,,,Tamil nadu,India,,,,,,60000,35000,8.3,8.2,8.0,9.1,8.1,8.1,8.2,,Bannari Amman Institute of Technology ,Tamil nadu,"60,000","35,000",,,,,,,,,,,,,,,,,,,,,,,,,,,,,,,,,,,,,,,,,,,,,,,,,,,,,,,,,,,Indian_Engineering_Colleges_Dataset.csv,NIRF_2025_Scores_with_Rank.csv,Existing dataset + NIRF 2025 where conservatively matched,Not yet verified,Populate only from authoritative/current sources; do not infer missing values.
"Sona College of Technology, Salem",,,Tamil nadu,India,,,,,,200000,229000,8.1,8.5,8.3,8.3,7.3,7.9,8.5,,"Sona College of Technology, Salem ",Tamil nadu,"2,00,000","2,29,000",,,,,,,,,,,,,,,,,,,,,,,,,,,,,,,,,,,,,,,,,,,,,,,,,,,,,,,,,,,Indian_Engineering_Colleges_Dataset.csv,NIRF_2025_Scores_with_Rank.csv,Existing dataset + NIRF 2025 where conservatively matched,Not yet verified,Populate only from authoritative/current sources; do not infer missing values.
Tamil Nadu Veterinary and Animal Sciences University,,,Tamil nadu,India,,,,,,21415,33325,8.3,8.4,8.4,8.2,8.0,8.2,8.4,,Tamil Nadu Veterinary and Animal Sciences University ,Tamil nadu,"21,415","33,325",,,,,,,,,,,,,,,,,,,,,,,,,,,,,,,,,,,,,,,,,,,,,,,,,,,,,,,,,,,Indian_Engineering_Colleges_Dataset.csv,NIRF_2025_Scores_with_Rank.csv,Existing dataset + NIRF 2025 where conservatively matched,Not yet verified,Populate only from authoritative/current sources; do not infer missing values.
"St. Joseph College Of Engineering, Kanchipuram",,,Tamil nadu,India,,,,,,60000,65000,8.0,7.0,,9.0,,8.0,,,"St. Joseph College Of Engineering, Kanchipuram ",Tamil nadu,"60,000","65,000",,,,,,,,,,,,,,,,,,,,,,,,,,,,,,,,,,,,,,,,,,,,,,,,,,,,,,,,,,,Indian_Engineering_Colleges_Dataset.csv,NIRF_2025_Scores_with_Rank.csv,Existing dataset + NIRF 2025 where conservatively matched,Not yet verified,Populate only from authoritative/current sources; do not infer missing values.
Saveetha Engineering College,,,Tamil nadu,India,,,,,,85000,60000,8.0,8.1,8.1,8.6,7.3,7.7,7.9,,Saveetha Engineering College ,Tamil nadu,"85,000","60,000",,,,,,,,,,,,,,,,,,,,,,,,,,,,,,,,,,,,,,,,,,,,,,,,,,,,,,,,,,,Indian_Engineering_Colleges_Dataset.csv,NIRF_2025_Scores_with_Rank.csv,Existing dataset + NIRF 2025 where conservatively matched,Not yet verified,Populate only from authoritative/current sources; do not infer missing values.
"Sri Sairam Engineering College, Chennai",,,Tamil nadu,India,,,,,,50000,25000,7.7,8.4,7.9,8.2,7.3,7.9,6.7,,"Sri Sairam Engineering College, Chennai ",Tamil nadu,"50,000","25,000",,,,,,,,,,,,,,,,,,,,,,,,,,,,,,,,,,,,,,,,,,,,,,,,,,,,,,,,,,,Indian_Engineering_Colleges_Dataset.csv,NIRF_2025_Scores_with_Rank.csv,Existing dataset + NIRF 2025 where conservatively matched,Not yet verified,Populate only from authoritative/current sources; do not infer missing values.
B.S. Abdur Rahman Crescent Institute of Science,,,Tamil nadu,India,,,,,,85000,40000,8.2,8.4,8.3,8.7,7.8,7.7,8.2,,B.S. Abdur Rahman Crescent Institute of Science ,Tamil nadu,"85,000","40,000",,,,,,,,,,,,,,,,,,,,,,,,,,,,,,,,,,,,,,,,,,,,,,,,,,,,,,,,,,,Indian_Engineering_Colleges_Dataset.csv,NIRF_2025_Scores_with_Rank.csv,Existing dataset + NIRF 2025 where conservatively matched,Not yet verified,Populate only from authoritative/current sources; do not infer missing values.
Sri Ramakrishna Engineering College,,,Tamil nadu,India,,,,,,55000,60000,8.1,8.4,8.0,8.3,7.7,8.3,8.0,,Sri Ramakrishna Engineering College ,Tamil nadu,"55,000","60,000",,,,,,,,,,,,,,,,,,,,,,,,,,,,,,,,,,,,,,,,,,,,,,,,,,,,,,,,,,,Indian_Engineering_Colleges_Dataset.csv,NIRF_2025_Scores_with_Rank.csv,Existing dataset + NIRF 2025 where conservatively matched,Not yet verified,Populate only from authoritative/current sources; do not infer missing values.
Rajalakshmi Engineering College,,,Tamil nadu,India,,,,,,50000,50000,7.8,8.1,8.1,8.0,6.3,8.3,7.7,,Rajalakshmi Engineering College ,Tamil nadu,"50,000","50,000",,,,,,,,,,,,,,,,,,,,,,,,,,,,,,,,,,,,,,,,,,,,,,,,,,,,,,,,,,,Indian_Engineering_Colleges_Dataset.csv,NIRF_2025_Scores_with_Rank.csv,Existing dataset + NIRF 2025 where conservatively matched,Not yet verified,Populate only from authoritative/current sources; do not infer missing values.
Sri Venkateswara College of Engineering,,,Tamil nadu,India,,,,,,65000,60000,8.2,8.4,8.4,8.6,7.4,8.1,8.0,,Sri Venkateswara College of Engineering ,Tamil nadu,"65,000","60,000",,,,,,,,,,,,,,,,,,,,,,,,,,,,,,,,,,,,,,,,,,,,,,,,,,,,,,,,,,,Indian_Engineering_Colleges_Dataset.csv,NIRF_2025_Scores_with_Rank.csv,Existing dataset + NIRF 2025 where conservatively matched,Not yet verified,Populate only from authoritative/current sources; do not infer missing values.
IIT Bombay,,,Maharashtra,India,,,,,,228000,32000,8.9,9.3,8.7,8.9,7.9,9.1,9.2,3,IIT Bombay ,Maharashtra,"2,28,000","32,000",18.5,26.28,16.97,26.22,30.64,30.23,14.0,9.93,32.5,13.88,20.67,20.0,,,,,,,,,,,,,,,,,,,,,,,,,,,,,,,,,,,,,,,,,,,,,,,Indian_Engineering_Colleges_Dataset.csv,NIRF_2025_Scores_with_Rank.csv,Existing dataset + NIRF 2025 where conservatively matched,Not yet verified,Populate only from authoritative/current sources; do not infer missing values.
Institute of Chemical Technology,,,Maharashtra,India,,,,,,85350,70750,8.7,9.1,8.9,8.7,8.1,8.4,9.1,41,Institute of Chemical Technology ,Maharashtra,"85,350","70,750",11.5,28.08,18.48,18.3,17.85,19.08,7.0,642.0,29.43,15.0,13.64,688.0,,,,,,,,,,,,,,,,,,,,,,,,,,,,,,,,,,,,,,,,,,,,,,,Indian_Engineering_Colleges_Dataset.csv,NIRF_2025_Scores_with_Rank.csv,Existing dataset + NIRF 2025 where conservatively matched,Not yet verified,Populate only from authoritative/current sources; do not infer missing values.
Visvesvaraya National Institute of Technology,,,Maharashtra,India,,,,,,149200,93600,8.1,8.3,8.0,8.4,7.5,7.7,8.7,,Visvesvaraya National Institute of Technology ,Maharashtra,"1,49,200","93,600",,,,,,,,,,,,,,,,,,,,,,,,,,,,,,,,,,,,,,,,,,,,,,,,,,,,,,,,,,,Indian_Engineering_Colleges_Dataset.csv,NIRF_2025_Scores_with_Rank.csv,Existing dataset + NIRF 2025 where conservatively matched,Not yet verified,Populate only from authoritative/current sources; do not infer missing values.
College of Engineering,,,Maharashtra,India,,,,,,40500,64500,8.6,8.7,8.1,8.5,8.2,8.7,9.1,,College of Engineering ,Maharashtra,"40,500","64,500",,,,,,,,,,,,,,,,,,,,,,,,,,,,,,,,,,,,,,,,,,,,,,,,,,,,,,,,,,,Indian_Engineering_Colleges_Dataset.csv,NIRF_2025_Scores_with_Rank.csv,Existing dataset + NIRF 2025 where conservatively matched,Not yet verified,Populate only from authoritative/current sources; do not infer missing values.
Defence Institute of Advanced Technology,,,Maharashtra,India,,,,,,153600,45000,8.8,9.0,8.8,9.0,8.6,8.6,8.6,92,Defence Institute of Advanced Technology ,Maharashtra,"1,53,600","45,000",3.78,27.38,16.57,20.97,13.01,12.23,1.0,9.78,20.75,10.66,19.13,158.0,,,,,,,,,,,,,,,,,,,,,,,,,,,,,,,,,,,,,,,,,,,,,,,Indian_Engineering_Colleges_Dataset.csv,NIRF_2025_Scores_with_Rank.csv,Existing dataset + NIRF 2025 where conservatively matched,Not yet verified,Populate only from authoritative/current sources; do not infer missing values.
National Institute of Industrial Engineering,,,Maharashtra,India,,,,,,598000,104000,9.0,9.0,9.0,9.0,9.0,9.3,8.6,,National Institute of Industrial Engineering ,Maharashtra,"5,98,000","1,04,000",,,,,,,,,,,,,,,,,,,,,,,,,,,,,,,,,,,,,,,,,,,,,,,,,,,,,,,,,,,Indian_Engineering_Colleges_Dataset.csv,NIRF_2025_Scores_with_Rank.csv,Existing dataset + NIRF 2025 where conservatively matched,Not yet verified,Populate only from authoritative/current sources; do not infer missing values.
Army Institute of Technology,,,Maharashtra,India,,,,,,180197,120560,8.3,8.0,7.6,7.9,8.5,8.7,9.0,,Army Institute of Technology ,Maharashtra,"1,80,197","1,20,560",,,,,,,,,,,,,,,,,,,,,,,,,,,,,,,,,,,,,,,,,,,,,,,,,,,,,,,,,,,Indian_Engineering_Colleges_Dataset.csv,NIRF_2025_Scores_with_Rank.csv,Existing dataset + NIRF 2025 where conservatively matched,Not yet verified,Populate only from authoritative/current sources; do not infer missing values.
Bharati Vidyapeeth Deemed University,,,Maharashtra,India,,,,,,120000,50000,7.8,8.1,7.9,8.1,6.8,7.7,8.2,,Bharati Vidyapeeth Deemed University ,Maharashtra,"1,20,000","50,000",,,,,,,,,,,,,,,,,,,,,,,,,,,,,,,,,,,,,,,,,,,,,,,,,,,,,,,,,,,Indian_Engineering_Colleges_Dataset.csv,NIRF_2025_Scores_with_Rank.csv,Existing dataset + NIRF 2025 where conservatively matched,Not yet verified,Populate only from authoritative/current sources; do not infer missing values.
Veermata Jijabai Technological Institute,,,Maharashtra,India,,,,,,84051,83734,7.9,8.2,7.8,7.1,7.2,8.7,8.4,,Veermata Jijabai Technological Institute ,Maharashtra,"84,051","83,734",,,,,,,,,,,,,,,,,,,,,,,,,,,,,,,,,,,,,,,,,,,,,,,,,,,,,,,,,,,Indian_Engineering_Colleges_Dataset.csv,NIRF_2025_Scores_with_Rank.csv,Existing dataset + NIRF 2025 where conservatively matched,Not yet verified,Populate only from authoritative/current sources; do not infer missing values.
GH Raisoni College of Engineering,,,Maharashtra,India,,,,,,560000,132000,8.4,8.5,8.4,8.5,8.0,8.0,8.8,,GH Raisoni College of Engineering ,Maharashtra,"5,60,000","1,32,000",,,,,,,,,,,,,,,,,,,,,,,,,,,,,,,,,,,,,,,,,,,,,,,,,,,,,,,,,,,Indian_Engineering_Colleges_Dataset.csv,NIRF_2025_Scores_with_Rank.csv,Existing dataset + NIRF 2025 where conservatively matched,Not yet verified,Populate only from authoritative/current sources; do not infer missing values.
Mukesh Patel School of Technology Management and,,,Maharashtra,India,,,,,,452000,501500,8.2,8.1,7.8,8.7,8.0,8.1,8.3,,Mukesh Patel School of Technology Management and ,Maharashtra,"4,52,000","5,01,500",,,,,,,,,,,,,,,,,,,,,,,,,,,,,,,,,,,,,,,,,,,,,,,,,,,,,,,,,,,Indian_Engineering_Colleges_Dataset.csv,NIRF_2025_Scores_with_Rank.csv,Existing dataset + NIRF 2025 where conservatively matched,Not yet verified,Populate only from authoritative/current sources; do not infer missing values.
Sardar Patel Institute of Technology,,,Maharashtra,India,,,,,,170000,168000,8.1,8.4,7.9,8.3,6.9,9.1,8.1,,Sardar Patel Institute of Technology ,Maharashtra,"1,70,000","1,68,000",,,,,,,,,,,,,,,,,,,,,,,,,,,,,,,,,,,,,,,,,,,,,,,,,,,,,,,,,,,Indian_Engineering_Colleges_Dataset.csv,NIRF_2025_Scores_with_Rank.csv,Existing dataset + NIRF 2025 where conservatively matched,Not yet verified,Populate only from authoritative/current sources; do not infer missing values.
Shri Ramdeobaba College of Engineering and Management,,,Maharashtra,India,,,,,,145000,125000,8.1,8.3,8.0,7.9,7.6,8.3,8.2,,Shri Ramdeobaba College of Engineering and Management ,Maharashtra,"1,45,000","1,25,000",,,,,,,,,,,,,,,,,,,,,,,,,,,,,,,,,,,,,,,,,,,,,,,,,,,,,,,,,,,Indian_Engineering_Colleges_Dataset.csv,NIRF_2025_Scores_with_Rank.csv,Existing dataset + NIRF 2025 where conservatively matched,Not yet verified,Populate only from authoritative/current sources; do not infer missing values.
Rashtrasant Tukadoji Maharaj Nagpur University,,,Maharashtra,India,,,,,,33600,60000,7.5,8.0,7.7,7.9,7.2,6.9,7.4,,Rashtrasant Tukadoji Maharaj Nagpur University ,Maharashtra,"33,600","60,000",,,,,,,,,,,,,,,,,,,,,,,,,,,,,,,,,,,,,,,,,,,,,,,,,,,,,,,,,,,Indian_Engineering_Colleges_Dataset.csv,NIRF_2025_Scores_with_Rank.csv,Existing dataset + NIRF 2025 where conservatively matched,Not yet verified,Populate only from authoritative/current sources; do not infer missing values.
Yeshwantrao Chavan College of Engineering,,,Maharashtra,India,,,,,,151801,153328,7.6,7.7,7.6,8.2,7.0,7.2,7.6,,Yeshwantrao Chavan College of Engineering ,Maharashtra,"1,51,801","1,53,328",,,,,,,,,,,,,,,,,,,,,,,,,,,,,,,,,,,,,,,,,,,,,,,,,,,,,,,,,,,Indian_Engineering_Colleges_Dataset.csv,NIRF_2025_Scores_with_Rank.csv,Existing dataset + NIRF 2025 where conservatively matched,Not yet verified,Populate only from authoritative/current sources; do not infer missing values.
Walchand College of Engineering,,,Maharashtra,India,,,,,,84935,96550,8.3,8.4,8.3,8.4,7.3,8.8,8.4,,Walchand College of Engineering ,Maharashtra,"84,935","96,550",,,,,,,,,,,,,,,,,,,,,,,,,,,,,,,,,,,,,,,,,,,,,,,,,,,,,,,,,,,Indian_Engineering_Colleges_Dataset.csv,NIRF_2025_Scores_with_Rank.csv,Existing dataset + NIRF 2025 where conservatively matched,Not yet verified,Populate only from authoritative/current sources; do not infer missing values.
MIT World Peace University,,,Maharashtra,India,,,,,,310000,190000,8.0,8.1,8.0,8.5,7.0,7.7,8.4,,MIT World Peace University ,Maharashtra,"3,10,000","1,90,000",,,,,,,,,,,,,,,,,,,,,,,,,,,,,,,,,,,,,,,,,,,,,,,,,,,,,,,,,,,Indian_Engineering_Colleges_Dataset.csv,NIRF_2025_Scores_with_Rank.csv,Existing dataset + NIRF 2025 where conservatively matched,Not yet verified,Populate only from authoritative/current sources; do not infer missing values.
Vishwakarma Institute of Information Technology,,,Maharashtra,India,,,,,,164000,78000,7.8,8.2,8.1,7.4,6.8,8.0,8.1,,Vishwakarma Institute of Information Technology ,Maharashtra,"1,64,000","78,000",,,,,,,,,,,,,,,,,,,,,,,,,,,,,,,,,,,,,,,,,,,,,,,,,,,,,,,,,,,Indian_Engineering_Colleges_Dataset.csv,NIRF_2025_Scores_with_Rank.csv,Existing dataset + NIRF 2025 where conservatively matched,Not yet verified,Populate only from authoritative/current sources; do not infer missing values.
Ramrao Adik Institute of Technology,,,Maharashtra,India,,,,,,325000,150000,8.6,8.2,8.1,9.0,8.0,8.7,9.3,,Ramrao Adik Institute of Technology ,Maharashtra,"3,25,000","1,50,000",,,,,,,,,,,,,,,,,,,,,,,,,,,,,,,,,,,,,,,,,,,,,,,,,,,,,,,,,,,Indian_Engineering_Colleges_Dataset.csv,NIRF_2025_Scores_with_Rank.csv,Existing dataset + NIRF 2025 where conservatively matched,Not yet verified,Populate only from authoritative/current sources; do not infer missing values.
Sardar Patel College of Engineering,,,Maharashtra,India,,,,,,170000,168000,8.0,8.3,7.9,8.0,7.2,8.1,8.2,,Sardar Patel College of Engineering ,Maharashtra,"1,70,000","1,68,000",,,,,,,,,,,,,,,,,,,,,,,,,,,,,,,,,,,,,,,,,,,,,,,,,,,,,,,,,,,Indian_Engineering_Colleges_Dataset.csv,NIRF_2025_Scores_with_Rank.csv,Existing dataset + NIRF 2025 where conservatively matched,Not yet verified,Populate only from authoritative/current sources; do not infer missing values.
K. J. Somaiya College of Engineering,,,Maharashtra,India,,,,,,286000,196800,8.2,8.2,7.7,8.7,8.0,8.0,8.5,,K. J. Somaiya College of Engineering ,Maharashtra,"2,86,000","1,96,800",,,,,,,,,,,,,,,,,,,,,,,,,,,,,,,,,,,,,,,,,,,,,,,,,,,,,,,,,,,Indian_Engineering_Colleges_Dataset.csv,NIRF_2025_Scores_with_Rank.csv,Existing dataset + NIRF 2025 where conservatively matched,Not yet verified,Populate only from authoritative/current sources; do not infer missing values.
Pimpri Chinchwad College of Engineering,,,Maharashtra,India,,,,,,138559,107687,8.1,8.7,8.1,7.9,7.6,8.6,7.5,,Pimpri Chinchwad College of Engineering ,Maharashtra,"1,38,559","1,07,687",,,,,,,,,,,,,,,,,,,,,,,,,,,,,,,,,,,,,,,,,,,,,,,,,,,,,,,,,,,Indian_Engineering_Colleges_Dataset.csv,NIRF_2025_Scores_with_Rank.csv,Existing dataset + NIRF 2025 where conservatively matched,Not yet verified,Populate only from authoritative/current sources; do not infer missing values.
MKSSS's Cummins College of Engineering for Women,,,Maharashtra,India,,,,,,180836,155200,8.3,8.3,8.1,7.8,8.0,9.0,8.6,,"MKSSS's Cummins College of Engineering for Women, ",Maharashtra,"1,80,836","1,55,200",,,,,,,,,,,,,,,,,,,,,,,,,,,,,,,,,,,,,,,,,,,,,,,,,,,,,,,,,,,Indian_Engineering_Colleges_Dataset.csv,NIRF_2025_Scores_with_Rank.csv,Existing dataset + NIRF 2025 where conservatively matched,Not yet verified,Populate only from authoritative/current sources; do not infer missing values.
Dwarkadas J Sanghvi College of Engineering,,,Maharashtra,India,,,,,,194000,139000,8.2,8.2,8.2,8.4,7.7,8.3,8.2,,Dwarkadas J Sanghvi College of Engineering ,Maharashtra,"1,94,000","1,39,000",,,,,,,,,,,,,,,,,,,,,,,,,,,,,,,,,,,,,,,,,,,,,,,,,,,,,,,,,,,Indian_Engineering_Colleges_Dataset.csv,NIRF_2025_Scores_with_Rank.csv,Existing dataset + NIRF 2025 where conservatively matched,Not yet verified,Populate only from authoritative/current sources; do not infer missing values.
Thakur College of Engineering and Technology,,,Maharashtra,India,,,,,,147500,136931,8.2,8.1,7.9,9.1,8.0,7.9,8.4,,Thakur College of Engineering and Technology ,Maharashtra,"1,47,500","1,36,931",,,,,,,,,,,,,,,,,,,,,,,,,,,,,,,,,,,,,,,,,,,,,,,,,,,,,,,,,,,Indian_Engineering_Colleges_Dataset.csv,NIRF_2025_Scores_with_Rank.csv,Existing dataset + NIRF 2025 where conservatively matched,Not yet verified,Populate only from authoritative/current sources; do not infer missing values.
SVKM's Narsee Monjee Institute of Management Studies,,,Maharashtra,India,,,,,,302000,,8.2,8.5,8.6,8.3,6.8,8.3,8.7,,SVKM's Narsee Monjee Institute of Management Studies ,Maharashtra,"3,02,000",--,,,,,,,,,,,,,,,,,,,,,,,,,,,,,,,,,,,,,,,,,,,,,,,,,,,,,,,,,,,Indian_Engineering_Colleges_Dataset.csv,NIRF_2025_Scores_with_Rank.csv,Existing dataset + NIRF 2025 where conservatively matched,Not yet verified,Populate only from authoritative/current sources; do not infer missing values.
"Amity University, Mumbai",,,Maharashtra,India,,,,,,222000,150000,8.1,7.9,8.2,8.4,7.6,7.8,8.6,,"Amity University, Mumbai ",Maharashtra,"2,22,000","1,50,000",,,,,,,,,,,,,,,,,,,,,,,,,,,,,,,,,,,,,,,,,,,,,,,,,,,,,,,,,,,Indian_Engineering_Colleges_Dataset.csv,NIRF_2025_Scores_with_Rank.csv,Existing dataset + NIRF 2025 where conservatively matched,Not yet verified,Populate only from authoritative/current sources; do not infer missing values.
"Vishwakarma Institute of Technology, Pune",,,Maharashtra,India,,,,,,179895,88765,7.5,8.1,7.9,6.5,6.5,7.8,8.4,,"Vishwakarma Institute of Technology, Pune ",Maharashtra,"1,79,895","88,765",,,,,,,,,,,,,,,,,,,,,,,,,,,,,,,,,,,,,,,,,,,,,,,,,,,,,,,,,,,Indian_Engineering_Colleges_Dataset.csv,NIRF_2025_Scores_with_Rank.csv,Existing dataset + NIRF 2025 where conservatively matched,Not yet verified,Populate only from authoritative/current sources; do not infer missing values.
Indian Institute of Information Technology,,,Maharashtra,India,,,,,,234500,100500,7.8,8.2,8.0,7.2,7.5,8.4,7.5,,Indian Institute of Information Technology ,Maharashtra,"2,34,500","1,00,500",,,,,,,,,,,,,,,,,,,,,,,,,,,,,,,,,,,,,,,,,,,,,,,,,,,,,,,,,,,Indian_Engineering_Colleges_Dataset.csv,NIRF_2025_Scores_with_Rank.csv,Existing dataset + NIRF 2025 where conservatively matched,Not yet verified,Populate only from authoritative/current sources; do not infer missing values.
Tata Institute of Social Sciences,,,Maharashtra,India,,,,,,,,8.6,9.0,8.9,8.6,8.1,8.4,8.6,,Tata Institute of Social Sciences ,Maharashtra,--,--,,,,,,,,,,,,,,,,,,,,,,,,,,,,,,,,,,,,,,,,,,,,,,,,,,,,,,,,,,,Indian_Engineering_Colleges_Dataset.csv,NIRF_2025_Scores_with_Rank.csv,Existing dataset + NIRF 2025 where conservatively matched,Not yet verified,Populate only from authoritative/current sources; do not infer missing values.
Indian Institute of Technology,,,Uttar pradesh,India,,,,,,215600,214050,8.9,9.1,8.7,9.3,8.4,8.9,9.1,,Indian Institute of Technology ,Uttar pradesh,"2,15,600","2,14,050",,,,,,,,,,,,,,,,,,,,,,,,,,,,,,,,,,,,,,,,,,,,,,,,,,,,,,,,,,,Indian_Engineering_Colleges_Dataset.csv,NIRF_2025_Scores_with_Rank.csv,Existing dataset + NIRF 2025 where conservatively matched,Not yet verified,Populate only from authoritative/current sources; do not infer missing values.
Indian Institute of Technology,,,Uttar pradesh,India,,,,,,84981,36815,8.5,8.5,8.1,7.6,8.2,9.1,9.2,,Indian Institute of Technology ,Uttar pradesh,"84,981","36,815",,,,,,,,,,,,,,,,,,,,,,,,,,,,,,,,,,,,,,,,,,,,,,,,,,,,,,,,,,,Indian_Engineering_Colleges_Dataset.csv,NIRF_2025_Scores_with_Rank.csv,Existing dataset + NIRF 2025 where conservatively matched,Not yet verified,Populate only from authoritative/current sources; do not infer missing values.
"Amity University, Noida",,,Uttar pradesh,India,,,,,,311000,140000,8.2,8.0,8.1,8.9,7.9,7.6,8.7,,"Amity University, Noida ",Uttar pradesh,"3,11,000","1,40,000",,,,,,,,,,,,,,,,,,,,,,,,,,,,,,,,,,,,,,,,,,,,,,,,,,,,,,,,,,,Indian_Engineering_Colleges_Dataset.csv,NIRF_2025_Scores_with_Rank.csv,Existing dataset + NIRF 2025 where conservatively matched,Not yet verified,Populate only from authoritative/current sources; do not infer missing values.
Aligarh Muslim University,,,Uttar pradesh,India,,,,,,269445,430970,8.3,8.8,8.5,8.8,7.9,7.2,8.6,34,Aligarh Muslim University ,Uttar pradesh,"2,69,445","4,30,970",11.0,30.0,18.26,17.6,26.31,24.88,2.0,246.0,34.23,13.16,11.06,5.72,,,,,,,,,,,,,,,,,,,,,,,,,,,,,,,,,,,,,,,,,,,,,,,Indian_Engineering_Colleges_Dataset.csv,NIRF_2025_Scores_with_Rank.csv,Existing dataset + NIRF 2025 where conservatively matched,Not yet verified,Populate only from authoritative/current sources; do not infer missing values.
MNNIT Allahabad,,,Uttar pradesh,India,,,,,,84666,118000,8.0,8.4,7.8,7.1,7.3,8.9,8.2,,MNNIT Allahabad ,Uttar pradesh,"84,666","1,18,000",,,,,,,,,,,,,,,,,,,,,,,,,,,,,,,,,,,,,,,,,,,,,,,,,,,,,,,,,,,Indian_Engineering_Colleges_Dataset.csv,NIRF_2025_Scores_with_Rank.csv,Existing dataset + NIRF 2025 where conservatively matched,Not yet verified,Populate only from authoritative/current sources; do not infer missing values.
Jaypee Institute of Information Technology University,,,Uttar pradesh,India,,,,,,236500,120000,7.8,7.8,7.3,8.2,7.7,7.8,7.7,,Jaypee Institute of Information Technology University ,Uttar pradesh,"2,36,500","1,20,000",,,,,,,,,,,,,,,,,,,,,,,,,,,,,,,,,,,,,,,,,,,,,,,,,,,,,,,,,,,Indian_Engineering_Colleges_Dataset.csv,NIRF_2025_Scores_with_Rank.csv,Existing dataset + NIRF 2025 where conservatively matched,Not yet verified,Populate only from authoritative/current sources; do not infer missing values.
Indian Institute of Information Technology,,,Uttar pradesh,India,,,,,,104000,280400,8.3,8.4,7.6,9.0,7.4,9.2,8.1,,Indian Institute of Information Technology ,Uttar pradesh,"1,04,000","2,80,400",,,,,,,,,,,,,,,,,,,,,,,,,,,,,,,,,,,,,,,,,,,,,,,,,,,,,,,,,,,Indian_Engineering_Colleges_Dataset.csv,NIRF_2025_Scores_with_Rank.csv,Existing dataset + NIRF 2025 where conservatively matched,Not yet verified,Populate only from authoritative/current sources; do not infer missing values.
"Dayalbagh Educational Institute Faculty of Engineering, Agra",,,Uttar pradesh,India,,,,,,51300,26500,8.0,8.3,8.5,8.1,7.1,8.2,8.0,,"Dayalbagh Educational Institute Faculty of Engineering, Agra ",Uttar pradesh,"51,300","26,500",,,,,,,,,,,,,,,,,,,,,,,,,,,,,,,,,,,,,,,,,,,,,,,,,,,,,,,,,,,Indian_Engineering_Colleges_Dataset.csv,NIRF_2025_Scores_with_Rank.csv,Existing dataset + NIRF 2025 where conservatively matched,Not yet verified,Populate only from authoritative/current sources; do not infer missing values.
Sharda University,,,Uttar pradesh,India,,,,,,163770,97850,7.9,7.7,7.9,8.6,7.6,6.9,8.6,,Sharda University ,Uttar pradesh,"1,63,770","97,850",,,,,,,,,,,,,,,,,,,,,,,,,,,,,,,,,,,,,,,,,,,,,,,,,,,,,,,,,,,Indian_Engineering_Colleges_Dataset.csv,NIRF_2025_Scores_with_Rank.csv,Existing dataset + NIRF 2025 where conservatively matched,Not yet verified,Populate only from authoritative/current sources; do not infer missing values.
Galgotias University,,,Uttar pradesh,India,,,,,,159000,45000,7.6,7.9,7.9,7.5,6.9,7.7,7.8,,Galgotias University ,Uttar pradesh,"1,59,000","45,000",,,,,,,,,,,,,,,,,,,,,,,,,,,,,,,,,,,,,,,,,,,,,,,,,,,,,,,,,,,Indian_Engineering_Colleges_Dataset.csv,NIRF_2025_Scores_with_Rank.csv,Existing dataset + NIRF 2025 where conservatively matched,Not yet verified,Populate only from authoritative/current sources; do not infer missing values.
"Bennett University, Greater Noida",,,Uttar pradesh,India,,,,,,350000,60000,8.6,8.5,8.8,9.2,7.9,8.3,8.6,,"Bennett University, Greater Noida ",Uttar pradesh,"3,50,000","60,000",,,,,,,,,,,,,,,,,,,,,,,,,,,,,,,,,,,,,,,,,,,,,,,,,,,,,,,,,,,Indian_Engineering_Colleges_Dataset.csv,NIRF_2025_Scores_with_Rank.csv,Existing dataset + NIRF 2025 where conservatively matched,Not yet verified,Populate only from authoritative/current sources; do not infer missing values.
Shiv Nadar University,,,Uttar pradesh,India,,,,,,200000,160000,9.0,8.8,8.8,9.6,8.7,8.5,9.4,,Shiv Nadar University ,Uttar pradesh,"2,00,000","1,60,000",,,,,,,,,,,,,,,,,,,,,,,,,,,,,,,,,,,,,,,,,,,,,,,,,,,,,,,,,,,Indian_Engineering_Colleges_Dataset.csv,NIRF_2025_Scores_with_Rank.csv,Existing dataset + NIRF 2025 where conservatively matched,Not yet verified,Populate only from authoritative/current sources; do not infer missing values.
"Integral University, Lucknow",,,Uttar pradesh,India,,,,,,140000,80000,7.4,7.6,7.4,8.0,7.3,6.5,7.4,,"Integral University, Lucknow ",Uttar pradesh,"1,40,000","80,000",,,,,,,,,,,,,,,,,,,,,,,,,,,,,,,,,,,,,,,,,,,,,,,,,,,,,,,,,,,Indian_Engineering_Colleges_Dataset.csv,NIRF_2025_Scores_with_Rank.csv,Existing dataset + NIRF 2025 where conservatively matched,Not yet verified,Populate only from authoritative/current sources; do not infer missing values.
J.S. University,,,Uttar pradesh,India,,,,,,47500,13500,8.5,8.5,8.7,9.0,7.8,8.2,8.6,,J.S. University ,Uttar pradesh,"47,500","13,500",,,,,,,,,,,,,,,,,,,,,,,,,,,,,,,,,,,,,,,,,,,,,,,,,,,,,,,,,,,Indian_Engineering_Colleges_Dataset.csv,NIRF_2025_Scores_with_Rank.csv,Existing dataset + NIRF 2025 where conservatively matched,Not yet verified,Populate only from authoritative/current sources; do not infer missing values.
"GLA University, Mathura",,,Uttar pradesh,India,,,,,,178000,75000,8.2,8.2,8.3,8.3,7.9,8.2,8.1,,"GLA University, Mathura ",Uttar pradesh,"1,78,000","75,000",,,,,,,,,,,,,,,,,,,,,,,,,,,,,,,,,,,,,,,,,,,,,,,,,,,,,,,,,,,Indian_Engineering_Colleges_Dataset.csv,NIRF_2025_Scores_with_Rank.csv,Existing dataset + NIRF 2025 where conservatively matched,Not yet verified,Populate only from authoritative/current sources; do not infer missing values.
Institute of Engineering and Technology,,,Uttar pradesh,India,,,,,,89775,73200,7.4,7.6,7.0,7.3,7.7,7.0,7.8,,Institute of Engineering and Technology ,Uttar pradesh,"89,775","73,200",,,,,,,,,,,,,,,,,,,,,,,,,,,,,,,,,,,,,,,,,,,,,,,,,,,,,,,,,,,Indian_Engineering_Colleges_Dataset.csv,NIRF_2025_Scores_with_Rank.csv,Existing dataset + NIRF 2025 where conservatively matched,Not yet verified,Populate only from authoritative/current sources; do not infer missing values.
Sanskriti University,,,Uttar pradesh,India,,,,,,115000,45000,7.0,7.2,7.0,7.5,6.7,6.9,6.8,,Sanskriti University ,Uttar pradesh,"1,15,000","45,000",,,,,,,,,,,,,,,,,,,,,,,,,,,,,,,,,,,,,,,,,,,,,,,,,,,,,,,,,,,Indian_Engineering_Colleges_Dataset.csv,NIRF_2025_Scores_with_Rank.csv,Existing dataset + NIRF 2025 where conservatively matched,Not yet verified,Populate only from authoritative/current sources; do not infer missing values.
"Monad University, Hapur",,,Uttar pradesh,India,,,,,,151000,35500,8.0,7.6,8.5,8.0,7.4,8.2,8.1,,"Monad University, Hapur ",Uttar pradesh,"1,51,000","35,500",,,,,,,,,,,,,,,,,,,,,,,,,,,,,,,,,,,,,,,,,,,,,,,,,,,,,,,,,,,Indian_Engineering_Colleges_Dataset.csv,NIRF_2025_Scores_with_Rank.csv,Existing dataset + NIRF 2025 where conservatively matched,Not yet verified,Populate only from authoritative/current sources; do not infer missing values.
Indian Institute of Information Technology,,,Uttar pradesh,India,,,,,,218700,218700,7.8,7.6,7.4,6.8,7.2,9.4,8.1,,Indian Institute of Information Technology ,Uttar pradesh,"2,18,700","2,18,700",,,,,,,,,,,,,,,,,,,,,,,,,,,,,,,,,,,,,,,,,,,,,,,,,,,,,,,,,,,Indian_Engineering_Colleges_Dataset.csv,NIRF_2025_Scores_with_Rank.csv,Existing dataset + NIRF 2025 where conservatively matched,Not yet verified,Populate only from authoritative/current sources; do not infer missing values.
"IFTM University, Moradabad",,,Uttar pradesh,India,,,,,,107000,75000,7.8,7.9,8.1,8.0,7.5,6.8,8.3,,"IFTM University, Moradabad ",Uttar pradesh,"1,07,000","75,000",,,,,,,,,,,,,,,,,,,,,,,,,,,,,,,,,,,,,,,,,,,,,,,,,,,,,,,,,,,Indian_Engineering_Colleges_Dataset.csv,NIRF_2025_Scores_with_Rank.csv,Existing dataset + NIRF 2025 where conservatively matched,Not yet verified,Populate only from authoritative/current sources; do not infer missing values.
"Shobhit University, Meerut",,,Uttar pradesh,India,,,,,,111200,122400,7.8,8.4,7.8,8.3,7.3,7.0,7.9,,"Shobhit University, Meerut ",Uttar pradesh,"1,11,200","1,22,400",,,,,,,,,,,,,,,,,,,,,,,,,,,,,,,,,,,,,,,,,,,,,,,,,,,,,,,,,,,Indian_Engineering_Colleges_Dataset.csv,NIRF_2025_Scores_with_Rank.csv,Existing dataset + NIRF 2025 where conservatively matched,Not yet verified,Populate only from authoritative/current sources; do not infer missing values.
"Glocal University, Saharanpur",,,Uttar pradesh,India,,,,,,144000,94000,7.1,7.5,7.0,6.7,6.9,7.2,7.3,,"Glocal University, Saharanpur ",Uttar pradesh,"1,44,000","94,000",,,,,,,,,,,,,,,,,,,,,,,,,,,,,,,,,,,,,,,,,,,,,,,,,,,,,,,,,,,Indian_Engineering_Colleges_Dataset.csv,NIRF_2025_Scores_with_Rank.csv,Existing dataset + NIRF 2025 where conservatively matched,Not yet verified,Populate only from authoritative/current sources; do not infer missing values.
"Rama University, Kanpur",,,Uttar pradesh,India,,,,,,90000,75000,6.7,6.6,7.3,6.5,6.1,6.6,7.1,,"Rama University, Kanpur ",Uttar pradesh,"90,000","75,000",,,,,,,,,,,,,,,,,,,,,,,,,,,,,,,,,,,,,,,,,,,,,,,,,,,,,,,,,,,Indian_Engineering_Colleges_Dataset.csv,NIRF_2025_Scores_with_Rank.csv,Existing dataset + NIRF 2025 where conservatively matched,Not yet verified,Populate only from authoritative/current sources; do not infer missing values.
Noida Institute of Engineering and Technology,,,Uttar pradesh,India,,,,,,614000,213000,7.6,8.1,8.0,7.6,7.1,7.8,7.1,,Noida Institute of Engineering and Technology ,Uttar pradesh,"6,14,000","2,13,000",,,,,,,,,,,,,,,,,,,,,,,,,,,,,,,,,,,,,,,,,,,,,,,,,,,,,,,,,,,Indian_Engineering_Colleges_Dataset.csv,NIRF_2025_Scores_with_Rank.csv,Existing dataset + NIRF 2025 where conservatively matched,Not yet verified,Populate only from authoritative/current sources; do not infer missing values.
"ABES Engineering College, Ghaziabad",,,Uttar pradesh,India,,,,,,143700,130000,7.9,8.1,8.1,8.2,7.2,7.8,8.0,,"ABES Engineering College, Ghaziabad ",Uttar pradesh,"1,43,700","1,30,000",,,,,,,,,,,,,,,,,,,,,,,,,,,,,,,,,,,,,,,,,,,,,,,,,,,,,,,,,,,Indian_Engineering_Colleges_Dataset.csv,NIRF_2025_Scores_with_Rank.csv,Existing dataset + NIRF 2025 where conservatively matched,Not yet verified,Populate only from authoritative/current sources; do not infer missing values.
Bundelkhand Institute of Engineering & Technology,,,Uttar pradesh,India,,,,,,61800,59300,7.1,7.3,6.9,7.4,7.0,6.2,8.0,,Bundelkhand Institute of Engineering & Technology ,Uttar pradesh,"61,800","59,300",,,,,,,,,,,,,,,,,,,,,,,,,,,,,,,,,,,,,,,,,,,,,,,,,,,,,,,,,,,Indian_Engineering_Colleges_Dataset.csv,NIRF_2025_Scores_with_Rank.csv,Existing dataset + NIRF 2025 where conservatively matched,Not yet verified,Populate only from authoritative/current sources; do not infer missing values.
Harcourt Butler Technological University,,,Uttar pradesh,India,,,,,,135000,83300,7.3,7.5,7.4,6.5,6.9,7.8,7.8,,Harcourt Butler Technological University ,Uttar pradesh,"1,35,000","83,300",,,,,,,,,,,,,,,,,,,,,,,,,,,,,,,,,,,,,,,,,,,,,,,,,,,,,,,,,,,Indian_Engineering_Colleges_Dataset.csv,NIRF_2025_Scores_with_Rank.csv,Existing dataset + NIRF 2025 where conservatively matched,Not yet verified,Populate only from authoritative/current sources; do not infer missing values.
Rajiv Gandhi Institute of Petroleum Technology,,,Uttar pradesh,India,,,,,,221100,42100,8.6,8.7,8.2,9.2,8.6,8.2,8.6,78,Rajiv Gandhi Institute of Petroleum Technology ,Uttar pradesh,"2,21,100","42,100",950.0,30.0,18.02,20.26,618.0,10.74,0.0,3.2,35.82,15.0,13.79,2.81,,,,,,,,,,,,,,,,,,,,,,,,,,,,,,,,,,,,,,,,,,,,,,,Indian_Engineering_Colleges_Dataset.csv,NIRF_2025_Scores_with_Rank.csv,Existing dataset + NIRF 2025 where conservatively matched,Not yet verified,Populate only from authoritative/current sources; do not infer missing values.
Indian Institute of Technology,,,Delhi ncr,India,,,,,,220300,132900,8.7,9.0,8.7,8.9,7.8,9.0,9.0,,Indian Institute of Technology ,Delhi ncr,"2,20,300","1,32,900",,,,,,,,,,,,,,,,,,,,,,,,,,,,,,,,,,,,,,,,,,,,,,,,,,,,,,,,,,,Indian_Engineering_Colleges_Dataset.csv,NIRF_2025_Scores_with_Rank.csv,Existing dataset + NIRF 2025 where conservatively matched,Not yet verified,Populate only from authoritative/current sources; do not infer missing values.
"Jamia Millia Islamia University-[JMI], New Delhi",,,Delhi ncr,India,,,,,,16150,8970,8.0,8.4,8.3,8.4,7.6,7.2,8.2,,"Jamia Millia Islamia University-[JMI], New Delhi ",Delhi ncr,"16,150","8,970",,,,,,,,,,,,,,,,,,,,,,,,,,,,,,,,,,,,,,,,,,,,,,,,,,,,,,,,,,,Indian_Engineering_Colleges_Dataset.csv,NIRF_2025_Scores_with_Rank.csv,Existing dataset + NIRF 2025 where conservatively matched,Not yet verified,Populate only from authoritative/current sources; do not infer missing values.
Delhi Technological University,,,Delhi ncr,India,,,,,,190000,166000,8.2,7.9,7.5,8.6,7.6,8.6,8.8,30,Delhi Technological University ,Delhi ncr,"1,90,000","1,66,000",19.0,30.0,12.01,12.0,21.17,22.16,2.25,1414.0,37.76,15.0,1749.0,8.92,,,,,,,,,,,,,,,,,,,,,,,,,,,,,,,,,,,,,,,,,,,,,,,Indian_Engineering_Colleges_Dataset.csv,NIRF_2025_Scores_with_Rank.csv,Existing dataset + NIRF 2025 where conservatively matched,Not yet verified,Populate only from authoritative/current sources; do not infer missing values.
"Amity University, Noida",,,Delhi ncr,India,,,,,,311000,140000,8.2,8.0,8.1,8.9,7.9,7.6,8.7,,"Amity University, Noida ",Delhi ncr,"3,11,000","1,40,000",,,,,,,,,,,,,,,,,,,,,,,,,,,,,,,,,,,,,,,,,,,,,,,,,,,,,,,,,,,Indian_Engineering_Colleges_Dataset.csv,NIRF_2025_Scores_with_Rank.csv,Existing dataset + NIRF 2025 where conservatively matched,Not yet verified,Populate only from authoritative/current sources; do not infer missing values.
Indraprastha Institute of Information Technology,,,Delhi ncr,India,,,,,,360000,100000,8.7,8.8,8.9,8.9,8.7,8.6,8.2,63,Indraprastha Institute of Information Technology ,Delhi ncr,"3,60,000","1,00,000",12.0,24.63,13.67,16.16,12.91,12.72,0.0,454.0,34.83,15.0,19.95,3.96,,,,,,,,,,,,,,,,,,,,,,,,,,,,,,,,,,,,,,,,,,,,,,,Indian_Engineering_Colleges_Dataset.csv,NIRF_2025_Scores_with_Rank.csv,Existing dataset + NIRF 2025 where conservatively matched,Not yet verified,Populate only from authoritative/current sources; do not infer missing values.
Guru Gobind Singh Indraprastha University,,,Delhi ncr,India,,,,,,117200,23000,7.8,8.1,8.0,8.1,7.5,6.9,8.1,,Guru Gobind Singh Indraprastha University ,Delhi ncr,"1,17,200","23,000",,,,,,,,,,,,,,,,,,,,,,,,,,,,,,,,,,,,,,,,,,,,,,,,,,,,,,,,,,,Indian_Engineering_Colleges_Dataset.csv,NIRF_2025_Scores_with_Rank.csv,Existing dataset + NIRF 2025 where conservatively matched,Not yet verified,Populate only from authoritative/current sources; do not infer missing values.
Jaypee Institute of Information Technology University,,,Delhi ncr,India,,,,,,236500,120000,7.8,7.8,7.3,8.2,7.7,7.8,7.7,,Jaypee Institute of Information Technology University ,Delhi ncr,"2,36,500","1,20,000",,,,,,,,,,,,,,,,,,,,,,,,,,,,,,,,,,,,,,,,,,,,,,,,,,,,,,,,,,,Indian_Engineering_Colleges_Dataset.csv,NIRF_2025_Scores_with_Rank.csv,Existing dataset + NIRF 2025 where conservatively matched,Not yet verified,Populate only from authoritative/current sources; do not infer missing values.
National Institute of Food Technology Entrepreneurship and,,,Delhi ncr,India,,,,,,171550,152950,8.1,8.5,6.9,9.4,7.1,8.5,7.9,,National Institute of Food Technology Entrepreneurship and ,Delhi ncr,"1,71,550","1,52,950",,,,,,,,,,,,,,,,,,,,,,,,,,,,,,,,,,,,,,,,,,,,,,,,,,,,,,,,,,,Indian_Engineering_Colleges_Dataset.csv,NIRF_2025_Scores_with_Rank.csv,Existing dataset + NIRF 2025 where conservatively matched,Not yet verified,Populate only from authoritative/current sources; do not infer missing values.
"School of Engineering and Technology, NCU",,,Delhi ncr,India,,,,,,260000,82000,9.0,9.0,,9.0,,,,,"School of Engineering and Technology, NCU ",Delhi ncr,"2,60,000","82,000",,,,,,,,,,,,,,,,,,,,,,,,,,,,,,,,,,,,,,,,,,,,,,,,,,,,,,,,,,,Indian_Engineering_Colleges_Dataset.csv,NIRF_2025_Scores_with_Rank.csv,Existing dataset + NIRF 2025 where conservatively matched,Not yet verified,Populate only from authoritative/current sources; do not infer missing values.
J.C. Bose University Of Science And Technology,,,Delhi ncr,India,,,,,,83625,83625,7.3,7.7,7.4,6.6,6.5,7.7,7.6,,"J.C. Bose University Of Science And Technology, ",Delhi ncr,"83,625","83,625",,,,,,,,,,,,,,,,,,,,,,,,,,,,,,,,,,,,,,,,,,,,,,,,,,,,,,,,,,,Indian_Engineering_Colleges_Dataset.csv,NIRF_2025_Scores_with_Rank.csv,Existing dataset + NIRF 2025 where conservatively matched,Not yet verified,Populate only from authoritative/current sources; do not infer missing values.
Indira Gandhi Delhi Technical University For Women,,,Delhi ncr,India,,,,,,88000,33000,7.6,7.7,7.6,6.9,7.0,8.3,7.9,,Indira Gandhi Delhi Technical University For Women ,Delhi ncr,"88,000","33,000",,,,,,,,,,,,,,,,,,,,,,,,,,,,,,,,,,,,,,,,,,,,,,,,,,,,,,,,,,,Indian_Engineering_Colleges_Dataset.csv,NIRF_2025_Scores_with_Rank.csv,Existing dataset + NIRF 2025 where conservatively matched,Not yet verified,Populate only from authoritative/current sources; do not infer missing values.
Manav Rachna International Institute Of Research And,,,Delhi ncr,India,,,,,,181500,116000,7.2,7.1,6.5,8.4,6.7,6.5,7.8,,Manav Rachna International Institute Of Research And ,Delhi ncr,"1,81,500","1,16,000",,,,,,,,,,,,,,,,,,,,,,,,,,,,,,,,,,,,,,,,,,,,,,,,,,,,,,,,,,,Indian_Engineering_Colleges_Dataset.csv,NIRF_2025_Scores_with_Rank.csv,Existing dataset + NIRF 2025 where conservatively matched,Not yet verified,Populate only from authoritative/current sources; do not infer missing values.
Sharda University,,,Delhi ncr,India,,,,,,163770,97850,7.9,7.7,7.9,8.6,7.6,6.9,8.6,,Sharda University ,Delhi ncr,"1,63,770","97,850",,,,,,,,,,,,,,,,,,,,,,,,,,,,,,,,,,,,,,,,,,,,,,,,,,,,,,,,,,,Indian_Engineering_Colleges_Dataset.csv,NIRF_2025_Scores_with_Rank.csv,Existing dataset + NIRF 2025 where conservatively matched,Not yet verified,Populate only from authoritative/current sources; do not infer missing values.
Galgotias University,,,Delhi ncr,India,,,,,,159000,45000,7.6,7.9,7.9,7.5,6.9,7.7,7.8,,Galgotias University ,Delhi ncr,"1,59,000","45,000",,,,,,,,,,,,,,,,,,,,,,,,,,,,,,,,,,,,,,,,,,,,,,,,,,,,,,,,,,,Indian_Engineering_Colleges_Dataset.csv,NIRF_2025_Scores_with_Rank.csv,Existing dataset + NIRF 2025 where conservatively matched,Not yet verified,Populate only from authoritative/current sources; do not infer missing values.
Netaji Subhas University of Technology,,,Delhi ncr,India,,,,,,190000,120000,7.8,7.9,7.6,7.6,7.1,8.9,7.9,,Netaji Subhas University of Technology ,Delhi ncr,"1,90,000","1,20,000",,,,,,,,,,,,,,,,,,,,,,,,,,,,,,,,,,,,,,,,,,,,,,,,,,,,,,,,,,,Indian_Engineering_Colleges_Dataset.csv,NIRF_2025_Scores_with_Rank.csv,Existing dataset + NIRF 2025 where conservatively matched,Not yet verified,Populate only from authoritative/current sources; do not infer missing values.
Shiv Nadar University,,,Delhi ncr,India,,,,,,200000,160000,9.0,8.8,8.8,9.6,8.7,8.5,9.4,,Shiv Nadar University ,Delhi ncr,"2,00,000","1,60,000",,,,,,,,,,,,,,,,,,,,,,,,,,,,,,,,,,,,,,,,,,,,,,,,,,,,,,,,,,,Indian_Engineering_Colleges_Dataset.csv,NIRF_2025_Scores_with_Rank.csv,Existing dataset + NIRF 2025 where conservatively matched,Not yet verified,Populate only from authoritative/current sources; do not infer missing values.
Manav Rachna International Institute of Research and,,,Delhi ncr,India,,,,,,181500,165000,7.5,7.4,7.5,8.3,7.3,6.6,7.6,,Manav Rachna International Institute of Research and ,Delhi ncr,"1,81,500","1,65,000",,,,,,,,,,,,,,,,,,,,,,,,,,,,,,,,,,,,,,,,,,,,,,,,,,,,,,,,,,,Indian_Engineering_Colleges_Dataset.csv,NIRF_2025_Scores_with_Rank.csv,Existing dataset + NIRF 2025 where conservatively matched,Not yet verified,Populate only from authoritative/current sources; do not infer missing values.
National Institute of Technology,,,Delhi ncr,India,,,,,,96866,198500,6.8,7.3,7.1,6.0,6.0,7.6,6.8,,National Institute of Technology ,Delhi ncr,"96,866","1,98,500",,,,,,,,,,,,,,,,,,,,,,,,,,,,,,,,,,,,,,,,,,,,,,,,,,,,,,,,,,,Indian_Engineering_Colleges_Dataset.csv,NIRF_2025_Scores_with_Rank.csv,Existing dataset + NIRF 2025 where conservatively matched,Not yet verified,Populate only from authoritative/current sources; do not infer missing values.
"Gurugram University, Gurgaon",,,Delhi ncr,India,,,,,,40000,,8.2,8.6,8.4,8.6,7.4,8.0,8.1,,"Gurugram University, Gurgaon ",Delhi ncr,"40,000",--,,,,,,,,,,,,,,,,,,,,,,,,,,,,,,,,,,,,,,,,,,,,,,,,,,,,,,,,,,,Indian_Engineering_Colleges_Dataset.csv,NIRF_2025_Scores_with_Rank.csv,Existing dataset + NIRF 2025 where conservatively matched,Not yet verified,Populate only from authoritative/current sources; do not infer missing values.
Chhotu Ram Rural Institute Of Technology,,,Delhi ncr,India,,,,,,33450,33450,8.4,8.7,8.4,8.7,8.1,8.1,8.2,,Chhotu Ram Rural Institute Of Technology ,Delhi ncr,"33,450","33,450",,,,,,,,,,,,,,,,,,,,,,,,,,,,,,,,,,,,,,,,,,,,,,,,,,,,,,,,,,,Indian_Engineering_Colleges_Dataset.csv,NIRF_2025_Scores_with_Rank.csv,Existing dataset + NIRF 2025 where conservatively matched,Not yet verified,Populate only from authoritative/current sources; do not infer missing values.
SunRise University,,,Delhi ncr,India,,,,,,72200,32200,8.1,8.1,8.7,8.1,7.3,7.9,8.4,,SunRise University ,Delhi ncr,"72,200","32,200",,,,,,,,,,,,,,,,,,,,,,,,,,,,,,,,,,,,,,,,,,,,,,,,,,,,,,,,,,,Indian_Engineering_Colleges_Dataset.csv,NIRF_2025_Scores_with_Rank.csv,Existing dataset + NIRF 2025 where conservatively matched,Not yet verified,Populate only from authoritative/current sources; do not infer missing values.
"Monad University, Hapur",,,Delhi ncr,India,,,,,,151000,35500,8.0,7.6,8.5,8.0,7.4,8.2,8.1,,"Monad University, Hapur ",Delhi ncr,"1,51,000","35,500",,,,,,,,,,,,,,,,,,,,,,,,,,,,,,,,,,,,,,,,,,,,,,,,,,,,,,,,,,,Indian_Engineering_Colleges_Dataset.csv,NIRF_2025_Scores_with_Rank.csv,Existing dataset + NIRF 2025 where conservatively matched,Not yet verified,Populate only from authoritative/current sources; do not infer missing values.
"Amity University, Gurgaon",,,Delhi ncr,India,,,,,,230000,156000,7.7,7.8,7.6,8.6,7.1,7.1,8.1,,"Amity University, Gurgaon ",Delhi ncr,"2,30,000","1,56,000",,,,,,,,,,,,,,,,,,,,,,,,,,,,,,,,,,,,,,,,,,,,,,,,,,,,,,,,,,,Indian_Engineering_Colleges_Dataset.csv,NIRF_2025_Scores_with_Rank.csv,Existing dataset + NIRF 2025 where conservatively matched,Not yet verified,Populate only from authoritative/current sources; do not infer missing values.
"Shobhit University, Meerut",,,Delhi ncr,India,,,,,,111200,122400,7.8,8.4,7.8,8.3,7.3,7.0,7.9,,"Shobhit University, Meerut ",Delhi ncr,"1,11,200","1,22,400",,,,,,,,,,,,,,,,,,,,,,,,,,,,,,,,,,,,,,,,,,,,,,,,,,,,,,,,,,,Indian_Engineering_Colleges_Dataset.csv,NIRF_2025_Scores_with_Rank.csv,Existing dataset + NIRF 2025 where conservatively matched,Not yet verified,Populate only from authoritative/current sources; do not infer missing values.
Indraprastha Institute of Technology and Management,,,Delhi ncr,India,,,,,,125000,,8.3,8.3,8.7,7.8,8.0,8.7,8.5,,Indraprastha Institute of Technology and Management ,Delhi ncr,"1,25,000",--,,,,,,,,,,,,,,,,,,,,,,,,,,,,,,,,,,,,,,,,,,,,,,,,,,,,,,,,,,,Indian_Engineering_Colleges_Dataset.csv,NIRF_2025_Scores_with_Rank.csv,Existing dataset + NIRF 2025 where conservatively matched,Not yet verified,Populate only from authoritative/current sources; do not infer missing values.
Maharaja Agrasen Institute of Technology,,,Delhi ncr,India,,,,,,143200,,7.5,7.8,7.7,7.5,7.2,7.5,7.4,,Maharaja Agrasen Institute of Technology ,Delhi ncr,"1,43,200",--,,,,,,,,,,,,,,,,,,,,,,,,,,,,,,,,,,,,,,,,,,,,,,,,,,,,,,,,,,,Indian_Engineering_Colleges_Dataset.csv,NIRF_2025_Scores_with_Rank.csv,Existing dataset + NIRF 2025 where conservatively matched,Not yet verified,Populate only from authoritative/current sources; do not infer missing values.
Maharaja Surajmal Institute of Technology,,,Delhi ncr,India,,,,,,135300,,7.3,7.9,7.5,6.8,6.7,7.7,7.1,,Maharaja Surajmal Institute of Technology ,Delhi ncr,"1,35,300",--,,,,,,,,,,,,,,,,,,,,,,,,,,,,,,,,,,,,,,,,,,,,,,,,,,,,,,,,,,,Indian_Engineering_Colleges_Dataset.csv,NIRF_2025_Scores_with_Rank.csv,Existing dataset + NIRF 2025 where conservatively matched,Not yet verified,Populate only from authoritative/current sources; do not infer missing values.
Noida Institute of Engineering and Technology,,,Delhi ncr,India,,,,,,614000,213000,7.6,8.1,8.0,7.6,7.1,7.8,7.1,,Noida Institute of Engineering and Technology ,Delhi ncr,"6,14,000","2,13,000",,,,,,,,,,,,,,,,,,,,,,,,,,,,,,,,,,,,,,,,,,,,,,,,,,,,,,,,,,,Indian_Engineering_Colleges_Dataset.csv,NIRF_2025_Scores_with_Rank.csv,Existing dataset + NIRF 2025 where conservatively matched,Not yet verified,Populate only from authoritative/current sources; do not infer missing values.
K L University,,,Andhra pradesh,India,,,,,,250000,145000,8.3,8.5,8.3,8.8,7.6,8.3,8.2,,K L University ,Andhra pradesh,"2,50,000","1,45,000",,,,,,,,,,,,,,,,,,,,,,,,,,,,,,,,,,,,,,,,,,,,,,,,,,,,,,,,,,,Indian_Engineering_Colleges_Dataset.csv,NIRF_2025_Scores_with_Rank.csv,Existing dataset + NIRF 2025 where conservatively matched,Not yet verified,Populate only from authoritative/current sources; do not infer missing values.
"Andhra University, College of Engineering",,,Andhra pradesh,India,,,,,,10000,109000,7.7,8.2,7.8,8.0,6.9,7.2,7.9,,"Andhra University, College of Engineering ",Andhra pradesh,"10,000","1,09,000",,,,,,,,,,,,,,,,,,,,,,,,,,,,,,,,,,,,,,,,,,,,,,,,,,,,,,,,,,,Indian_Engineering_Colleges_Dataset.csv,NIRF_2025_Scores_with_Rank.csv,Existing dataset + NIRF 2025 where conservatively matched,Not yet verified,Populate only from authoritative/current sources; do not infer missing values.
"Sri Venkateswara University College of Engineering, Tirupati",,,Andhra pradesh,India,,,,,,16395,31647,7.8,7.6,7.4,8.1,8.4,6.9,8.1,,"Sri Venkateswara University College of Engineering, Tirupati ",Andhra pradesh,"16,395","31,647",,,,,,,,,,,,,,,,,,,,,,,,,,,,,,,,,,,,,,,,,,,,,,,,,,,,,,,,,,,Indian_Engineering_Colleges_Dataset.csv,NIRF_2025_Scores_with_Rank.csv,Existing dataset + NIRF 2025 where conservatively matched,Not yet verified,Populate only from authoritative/current sources; do not infer missing values.
"Vignan’s Foundation for Science, Technology, and Research",,,Andhra pradesh,India,,,,,,250000,110000,8.2,8.2,8.5,8.2,8.4,7.7,8.4,80,"Vignan’s Foundation for Science, Technology, and Research, ",Andhra pradesh,"2,50,000","1,10,000",17.3,30.0,17.18,7.21,7.58,10.55,2.5,0.89,28.11,15.0,9.68,541.0,,,,,,,,,,,,,,,,,,,,,,,,,,,,,,,,,,,,,,,,,,,,,,,Indian_Engineering_Colleges_Dataset.csv,NIRF_2025_Scores_with_Rank.csv,Existing dataset + NIRF 2025 where conservatively matched,Not yet verified,Populate only from authoritative/current sources; do not infer missing values.
"JNTUK University College of Engineering, Kakinada, East",,,Andhra pradesh,India,,,,,,10000,30000,7.7,8.0,7.8,8.2,7.1,7.0,8.3,,"JNTUK University College of Engineering, Kakinada, East ",Andhra pradesh,"10,000","30,000",,,,,,,,,,,,,,,,,,,,,,,,,,,,,,,,,,,,,,,,,,,,,,,,,,,,,,,,,,,Indian_Engineering_Colleges_Dataset.csv,NIRF_2025_Scores_with_Rank.csv,Existing dataset + NIRF 2025 where conservatively matched,Not yet verified,Populate only from authoritative/current sources; do not infer missing values.
Sree Vidyanikethan Engineering College,,,Andhra pradesh,India,,,,,,280000,76850,8.5,8.4,8.3,8.8,8.5,8.4,8.6,,Sree Vidyanikethan Engineering College ,Andhra pradesh,"2,80,000","76,850",,,,,,,,,,,,,,,,,,,,,,,,,,,,,,,,,,,,,,,,,,,,,,,,,,,,,,,,,,,Indian_Engineering_Colleges_Dataset.csv,NIRF_2025_Scores_with_Rank.csv,Existing dataset + NIRF 2025 where conservatively matched,Not yet verified,Populate only from authoritative/current sources; do not infer missing values.
G. Pulla Reddy Engineering College,,,Andhra pradesh,India,,,,,,80000,80000,8.3,8.5,8.5,8.5,7.7,8.2,8.4,,G. Pulla Reddy Engineering College ,Andhra pradesh,"80,000","80,000",,,,,,,,,,,,,,,,,,,,,,,,,,,,,,,,,,,,,,,,,,,,,,,,,,,,,,,,,,,Indian_Engineering_Colleges_Dataset.csv,NIRF_2025_Scores_with_Rank.csv,Existing dataset + NIRF 2025 where conservatively matched,Not yet verified,Populate only from authoritative/current sources; do not infer missing values.
Sri Venkateswara College of Engineering and Technology,,,Andhra pradesh,India,,,,,,89350,75000,7.9,8.3,8.0,8.2,7.9,7.3,7.5,,Sri Venkateswara College of Engineering and Technology ,Andhra pradesh,"89,350","75,000",,,,,,,,,,,,,,,,,,,,,,,,,,,,,,,,,,,,,,,,,,,,,,,,,,,,,,,,,,,Indian_Engineering_Colleges_Dataset.csv,NIRF_2025_Scores_with_Rank.csv,Existing dataset + NIRF 2025 where conservatively matched,Not yet verified,Populate only from authoritative/current sources; do not infer missing values.
Velagapudi Ramakrishna Siddhartha Engineering College,,,Andhra pradesh,India,,,,,,71050,70000,8.2,8.6,8.4,8.4,7.6,8.2,8.1,,Velagapudi Ramakrishna Siddhartha Engineering College ,Andhra pradesh,"71,050","70,000",,,,,,,,,,,,,,,,,,,,,,,,,,,,,,,,,,,,,,,,,,,,,,,,,,,,,,,,,,,Indian_Engineering_Colleges_Dataset.csv,NIRF_2025_Scores_with_Rank.csv,Existing dataset + NIRF 2025 where conservatively matched,Not yet verified,Populate only from authoritative/current sources; do not infer missing values.
Shri Vishnu Engineering College for Women,,,Andhra pradesh,India,,,,,,95000,55000,8.8,8.7,8.5,9.3,8.6,8.8,9.0,,Shri Vishnu Engineering College for Women ,Andhra pradesh,"95,000","55,000",,,,,,,,,,,,,,,,,,,,,,,,,,,,,,,,,,,,,,,,,,,,,,,,,,,,,,,,,,,Indian_Engineering_Colleges_Dataset.csv,NIRF_2025_Scores_with_Rank.csv,Existing dataset + NIRF 2025 where conservatively matched,Not yet verified,Populate only from authoritative/current sources; do not infer missing values.
"JNTUA College of Engineering, Ananthapur",,,Andhra pradesh,India,,,,,,25000,38750,7.0,7.1,6.7,7.5,7.3,6.3,7.3,,"JNTUA College of Engineering, Ananthapur ",Andhra pradesh,"25,000","38,750",,,,,,,,,,,,,,,,,,,,,,,,,,,,,,,,,,,,,,,,,,,,,,,,,,,,,,,,,,,Indian_Engineering_Colleges_Dataset.csv,NIRF_2025_Scores_with_Rank.csv,Existing dataset + NIRF 2025 where conservatively matched,Not yet verified,Populate only from authoritative/current sources; do not infer missing values.
Sagi Ramakrishnam Raju Engineering College,,,Andhra pradesh,India,,,,,,30000,57000,8.2,8.5,8.4,8.3,7.5,8.2,8.3,,Sagi Ramakrishnam Raju Engineering College ,Andhra pradesh,"30,000","57,000",,,,,,,,,,,,,,,,,,,,,,,,,,,,,,,,,,,,,,,,,,,,,,,,,,,,,,,,,,,Indian_Engineering_Colleges_Dataset.csv,NIRF_2025_Scores_with_Rank.csv,Existing dataset + NIRF 2025 where conservatively matched,Not yet verified,Populate only from authoritative/current sources; do not infer missing values.
Gayatri Vidya Parishad College of Engineering,,,Andhra pradesh,India,,,,,,276000,100000,7.7,8.3,8.0,7.3,6.8,8.1,7.4,,Gayatri Vidya Parishad College of Engineering ,Andhra pradesh,"2,76,000","1,00,000",,,,,,,,,,,,,,,,,,,,,,,,,,,,,,,,,,,,,,,,,,,,,,,,,,,,,,,,,,,Indian_Engineering_Colleges_Dataset.csv,NIRF_2025_Scores_with_Rank.csv,Existing dataset + NIRF 2025 where conservatively matched,Not yet verified,Populate only from authoritative/current sources; do not infer missing values.
Jawaharlal Nehru Technological University,,,Andhra pradesh,India,,,,,,100000,,7.4,7.7,7.1,7.7,6.8,7.1,7.8,94,Jawaharlal Nehru Technological University ,Andhra pradesh,"1,00,000",--,15.5,30.0,15.53,14.14,8.86,10.53,1.0,2.0,22.89,15.0,9.87,1.85,,,,,,,,,,,,,,,,,,,,,,,,,,,,,,,,,,,,,,,,,,,,,,,Indian_Engineering_Colleges_Dataset.csv,NIRF_2025_Scores_with_Rank.csv,Existing dataset + NIRF 2025 where conservatively matched,Not yet verified,Populate only from authoritative/current sources; do not infer missing values.
Indian Institute of Technology,,,Andhra pradesh,India,,,,,,16950,78218,8.6,9.0,8.8,8.7,8.1,8.2,8.9,,Indian Institute of Technology ,Andhra pradesh,"16,950","78,218",,,,,,,,,,,,,,,,,,,,,,,,,,,,,,,,,,,,,,,,,,,,,,,,,,,,,,,,,,,Indian_Engineering_Colleges_Dataset.csv,NIRF_2025_Scores_with_Rank.csv,Existing dataset + NIRF 2025 where conservatively matched,Not yet verified,Populate only from authoritative/current sources; do not infer missing values.
Prasad V. Potluri Siddhartha Institute of Technology,,,Andhra pradesh,India,,,,,,280000,140000,7.9,8.1,8.1,8.1,7.3,7.9,7.8,,Prasad V. Potluri Siddhartha Institute of Technology ,Andhra pradesh,"2,80,000","1,40,000",,,,,,,,,,,,,,,,,,,,,,,,,,,,,,,,,,,,,,,,,,,,,,,,,,,,,,,,,,,Indian_Engineering_Colleges_Dataset.csv,NIRF_2025_Scores_with_Rank.csv,Existing dataset + NIRF 2025 where conservatively matched,Not yet verified,Populate only from authoritative/current sources; do not infer missing values.
Centurion University of Technology and Management,,,Andhra pradesh,India,,,,,,125000,60000,7.8,8.0,8.3,7.6,7.2,7.4,8.3,,Centurion University of Technology and Management ,Andhra pradesh,"1,25,000","60,000",,,,,,,,,,,,,,,,,,,,,,,,,,,,,,,,,,,,,,,,,,,,,,,,,,,,,,,,,,,Indian_Engineering_Colleges_Dataset.csv,NIRF_2025_Scores_with_Rank.csv,Existing dataset + NIRF 2025 where conservatively matched,Not yet verified,Populate only from authoritative/current sources; do not infer missing values.
Aditya Engineering College,,,Andhra pradesh,India,,,,,,72000,29500,7.8,7.9,7.8,8.5,7.4,7.4,7.9,,Aditya Engineering College ,Andhra pradesh,"72,000","29,500",,,,,,,,,,,,,,,,,,,,,,,,,,,,,,,,,,,,,,,,,,,,,,,,,,,,,,,,,,,Indian_Engineering_Colleges_Dataset.csv,NIRF_2025_Scores_with_Rank.csv,Existing dataset + NIRF 2025 where conservatively matched,Not yet verified,Populate only from authoritative/current sources; do not infer missing values.
Bapatla Engineering College,,,Andhra pradesh,India,,,,,,75000,90000,7.5,7.8,7.7,8.2,7.3,6.5,7.7,,Bapatla Engineering College ,Andhra pradesh,"75,000","90,000",,,,,,,,,,,,,,,,,,,,,,,,,,,,,,,,,,,,,,,,,,,,,,,,,,,,,,,,,,,Indian_Engineering_Colleges_Dataset.csv,NIRF_2025_Scores_with_Rank.csv,Existing dataset + NIRF 2025 where conservatively matched,Not yet verified,Populate only from authoritative/current sources; do not infer missing values.
Gudlavalleru Engineering College,,,Andhra pradesh,India,,,,,,81600,74850,8.2,8.5,8.4,8.7,7.7,7.5,8.1,,Gudlavalleru Engineering College ,Andhra pradesh,"81,600","74,850",,,,,,,,,,,,,,,,,,,,,,,,,,,,,,,,,,,,,,,,,,,,,,,,,,,,,,,,,,,Indian_Engineering_Colleges_Dataset.csv,NIRF_2025_Scores_with_Rank.csv,Existing dataset + NIRF 2025 where conservatively matched,Not yet verified,Populate only from authoritative/current sources; do not infer missing values.
Sri Venkateswara College of Engineering,,,Andhra pradesh,India,,,,,,80000,75000,8.3,8.3,8.1,9.0,8.0,7.8,8.5,,Sri Venkateswara College of Engineering ,Andhra pradesh,"80,000","75,000",,,,,,,,,,,,,,,,,,,,,,,,,,,,,,,,,,,,,,,,,,,,,,,,,,,,,,,,,,,Indian_Engineering_Colleges_Dataset.csv,NIRF_2025_Scores_with_Rank.csv,Existing dataset + NIRF 2025 where conservatively matched,Not yet verified,Populate only from authoritative/current sources; do not infer missing values.
Sri Vasavi Engineering College,,,Andhra pradesh,India,,,,,,189000,60850,7.9,8.1,8.0,8.3,7.4,7.6,7.8,,Sri Vasavi Engineering College ,Andhra pradesh,"1,89,000","60,850",,,,,,,,,,,,,,,,,,,,,,,,,,,,,,,,,,,,,,,,,,,,,,,,,,,,,,,,,,,Indian_Engineering_Colleges_Dataset.csv,NIRF_2025_Scores_with_Rank.csv,Existing dataset + NIRF 2025 where conservatively matched,Not yet verified,Populate only from authoritative/current sources; do not infer missing values.
Indian Institute of Information Technology Sri City,,,Andhra pradesh,India,,,,,,103000,271000,7.0,7.9,7.1,6.9,6.4,7.3,6.4,,Indian Institute of Information Technology Sri City ,Andhra pradesh,"1,03,000","2,71,000",,,,,,,,,,,,,,,,,,,,,,,,,,,,,,,,,,,,,,,,,,,,,,,,,,,,,,,,,,,Indian_Engineering_Colleges_Dataset.csv,NIRF_2025_Scores_with_Rank.csv,Existing dataset + NIRF 2025 where conservatively matched,Not yet verified,Populate only from authoritative/current sources; do not infer missing values.
National Institute of Technology,,,Andhra pradesh,India,,,,,,187500,100000,7.2,7.9,7.5,6.9,6.6,6.9,7.2,,National Institute of Technology ,Andhra pradesh,"1,87,500","1,00,000",,,,,,,,,,,,,,,,,,,,,,,,,,,,,,,,,,,,,,,,,,,,,,,,,,,,,,,,,,,Indian_Engineering_Colleges_Dataset.csv,NIRF_2025_Scores_with_Rank.csv,Existing dataset + NIRF 2025 where conservatively matched,Not yet verified,Populate only from authoritative/current sources; do not infer missing values.
Rajiv Gandhi University of Knowledge Technologies -[RGUKT],,,Andhra pradesh,India,,,,,,39000,96000,8.2,8.4,8.1,8.9,7.6,7.7,8.5,,"Rajiv Gandhi University of Knowledge Technologies -[RGUKT], ",Andhra pradesh,"39,000","96,000",,,,,,,,,,,,,,,,,,,,,,,,,,,,,,,,,,,,,,,,,,,,,,,,,,,,,,,,,,,Indian_Engineering_Colleges_Dataset.csv,NIRF_2025_Scores_with_Rank.csv,Existing dataset + NIRF 2025 where conservatively matched,Not yet verified,Populate only from authoritative/current sources; do not infer missing values.
Raghu Engineering College,,,Andhra pradesh,India,,,,,,85000,57000,8.1,8.3,8.1,8.4,7.1,8.5,8.0,,Raghu Engineering College ,Andhra pradesh,"85,000","57,000",,,,,,,,,,,,,,,,,,,,,,,,,,,,,,,,,,,,,,,,,,,,,,,,,,,,,,,,,,,Indian_Engineering_Colleges_Dataset.csv,NIRF_2025_Scores_with_Rank.csv,Existing dataset + NIRF 2025 where conservatively matched,Not yet verified,Populate only from authoritative/current sources; do not infer missing values.
Indian Institute of Information Technology Design and,,,Andhra pradesh,India,,,,,,144600,67500,7.4,7.9,8.0,6.7,7.6,7.2,7.2,,Indian Institute of Information Technology Design and ,Andhra pradesh,"1,44,600","67,500",,,,,,,,,,,,,,,,,,,,,,,,,,,,,,,,,,,,,,,,,,,,,,,,,,,,,,,,,,,Indian_Engineering_Colleges_Dataset.csv,NIRF_2025_Scores_with_Rank.csv,Existing dataset + NIRF 2025 where conservatively matched,Not yet verified,Populate only from authoritative/current sources; do not infer missing values.
Rajeev Gandhi Memorial College of Engineering and,,,Andhra pradesh,India,,,,,,69100,62800,7.4,7.8,7.6,8.0,7.2,6.2,7.4,,Rajeev Gandhi Memorial College of Engineering and ,Andhra pradesh,"69,100","62,800",,,,,,,,,,,,,,,,,,,,,,,,,,,,,,,,,,,,,,,,,,,,,,,,,,,,,,,,,,,Indian_Engineering_Colleges_Dataset.csv,NIRF_2025_Scores_with_Rank.csv,Existing dataset + NIRF 2025 where conservatively matched,Not yet verified,Populate only from authoritative/current sources; do not infer missing values.
VIT University,,,Andhra pradesh,India,,,,,,198000,193000,8.2,8.3,8.3,8.1,7.9,8.4,8.1,,VIT University ,Andhra pradesh,"1,98,000","1,93,000",,,,,,,,,,,,,,,,,,,,,,,,,,,,,,,,,,,,,,,,,,,,,,,,,,,,,,,,,,,Indian_Engineering_Colleges_Dataset.csv,NIRF_2025_Scores_with_Rank.csv,Existing dataset + NIRF 2025 where conservatively matched,Not yet verified,Populate only from authoritative/current sources; do not infer missing values.
National Institute of Technology,,,Karnataka,India,,,,,,152730,100355,8.4,8.7,8.2,8.4,7.2,8.9,8.9,,National Institute of Technology ,Karnataka,"1,52,730","1,00,355",,,,,,,,,,,,,,,,,,,,,,,,,,,,,,,,,,,,,,,,,,,,,,,,,,,,,,,,,,,Indian_Engineering_Colleges_Dataset.csv,NIRF_2025_Scores_with_Rank.csv,Existing dataset + NIRF 2025 where conservatively matched,Not yet verified,Populate only from authoritative/current sources; do not infer missing values.
Manipal Institute of Technology,,,Karnataka,India,,,,,,335000,210000,8.7,8.5,8.1,9.4,8.5,8.1,9.3,59,Manipal Institute of Technology ,Karnataka,"3,35,000","2,10,000",15.89,26.6,15.02,10.76,17.03,20.39,4.0,0.28,2719.0,14.71,13.75,5.13,,,,,,,,,,,,,,,,,,,,,,,,,,,,,,,,,,,,,,,,,,,,,,,Indian_Engineering_Colleges_Dataset.csv,NIRF_2025_Scores_with_Rank.csv,Existing dataset + NIRF 2025 where conservatively matched,Not yet verified,Populate only from authoritative/current sources; do not infer missing values.
R V College of Engineering,,,Karnataka,India,,,,,,350000,37700,8.5,8.7,8.2,8.6,7.9,9.0,8.4,,R V College of Engineering ,Karnataka,"3,50,000","37,700",,,,,,,,,,,,,,,,,,,,,,,,,,,,,,,,,,,,,,,,,,,,,,,,,,,,,,,,,,,Indian_Engineering_Colleges_Dataset.csv,NIRF_2025_Scores_with_Rank.csv,Existing dataset + NIRF 2025 where conservatively matched,Not yet verified,Populate only from authoritative/current sources; do not infer missing values.
Ramaiah Institute of Technology,,,Karnataka,India,,,,,,86226,96570,8.4,8.5,8.3,8.7,7.8,8.3,8.6,75,Ramaiah Institute of Technology ,Karnataka,"86,226","96,570",14.5,28.93,15.52,11.43,1141.0,11.02,5.0,0.59,33.25,15.0,12.56,1.96,,,,,,,,,,,,,,,,,,,,,,,,,,,,,,,,,,,,,,,,,,,,,,,Indian_Engineering_Colleges_Dataset.csv,NIRF_2025_Scores_with_Rank.csv,Existing dataset + NIRF 2025 where conservatively matched,Not yet verified,Populate only from authoritative/current sources; do not infer missing values.
International Institute of Information Technology,,,Karnataka,India,,,,,,164000,324000,8.7,9.2,9.1,8.8,8.5,8.9,7.6,,International Institute of Information Technology ,Karnataka,"1,64,000","3,24,000",,,,,,,,,,,,,,,,,,,,,,,,,,,,,,,,,,,,,,,,,,,,,,,,,,,,,,,,,,,Indian_Engineering_Colleges_Dataset.csv,NIRF_2025_Scores_with_Rank.csv,Existing dataset + NIRF 2025 where conservatively matched,Not yet verified,Populate only from authoritative/current sources; do not infer missing values.
BMS College of Engineering,,,Karnataka,India,,,,,,229110,26800,8.2,8.4,8.0,8.0,8.0,8.3,8.7,,BMS College of Engineering ,Karnataka,"2,29,110","26,800",,,,,,,,,,,,,,,,,,,,,,,,,,,,,,,,,,,,,,,,,,,,,,,,,,,,,,,,,,,Indian_Engineering_Colleges_Dataset.csv,NIRF_2025_Scores_with_Rank.csv,Existing dataset + NIRF 2025 where conservatively matched,Not yet verified,Populate only from authoritative/current sources; do not infer missing values.
Siddaganga Institute of Technology,,,Karnataka,India,,,,,,79475,92975,7.8,8.1,7.7,8.1,7.2,8.0,7.6,,Siddaganga Institute of Technology ,Karnataka,"79,475","92,975",,,,,,,,,,,,,,,,,,,,,,,,,,,,,,,,,,,,,,,,,,,,,,,,,,,,,,,,,,,Indian_Engineering_Colleges_Dataset.csv,NIRF_2025_Scores_with_Rank.csv,Existing dataset + NIRF 2025 where conservatively matched,Not yet verified,Populate only from authoritative/current sources; do not infer missing values.
New Horizon College of Engineering,,,Karnataka,India,,,,,,250000,75000,8.0,8.0,8.1,8.3,7.6,7.8,8.2,,New Horizon College of Engineering ,Karnataka,"2,50,000","75,000",,,,,,,,,,,,,,,,,,,,,,,,,,,,,,,,,,,,,,,,,,,,,,,,,,,,,,,,,,,Indian_Engineering_Colleges_Dataset.csv,NIRF_2025_Scores_with_Rank.csv,Existing dataset + NIRF 2025 where conservatively matched,Not yet verified,Populate only from authoritative/current sources; do not infer missing values.
"Faculty of Engineering and Technology, Jain University",,,Karnataka,India,,,,,,197500,85000,8.1,8.0,8.0,8.3,7.9,7.7,8.5,,"Faculty of Engineering and Technology, Jain University ",Karnataka,"1,97,500","85,000",,,,,,,,,,,,,,,,,,,,,,,,,,,,,,,,,,,,,,,,,,,,,,,,,,,,,,,,,,,Indian_Engineering_Colleges_Dataset.csv,NIRF_2025_Scores_with_Rank.csv,Existing dataset + NIRF 2025 where conservatively matched,Not yet verified,Populate only from authoritative/current sources; do not infer missing values.
Sri Jayachamarajendra College of Engineering,,,Karnataka,India,,,,,,475000,140000,8.3,8.4,7.8,8.5,7.6,8.7,8.6,,Sri Jayachamarajendra College of Engineering ,Karnataka,"4,75,000","1,40,000",,,,,,,,,,,,,,,,,,,,,,,,,,,,,,,,,,,,,,,,,,,,,,,,,,,,,,,,,,,Indian_Engineering_Colleges_Dataset.csv,NIRF_2025_Scores_with_Rank.csv,Existing dataset + NIRF 2025 where conservatively matched,Not yet verified,Populate only from authoritative/current sources; do not infer missing values.
Dayananda Sagar College of Engineering,,,Karnataka,India,,,,,,96106,292720,8.0,8.0,7.7,8.8,7.4,7.7,8.3,,Dayananda Sagar College of Engineering ,Karnataka,"96,106","2,92,720",,,,,,,,,,,,,,,,,,,,,,,,,,,,,,,,,,,,,,,,,,,,,,,,,,,,,,,,,,,Indian_Engineering_Colleges_Dataset.csv,NIRF_2025_Scores_with_Rank.csv,Existing dataset + NIRF 2025 where conservatively matched,Not yet verified,Populate only from authoritative/current sources; do not infer missing values.
NMAM Institute of Technology,,,Karnataka,India,,,,,,163000,83220,7.9,8.0,8.2,8.1,7.5,7.5,7.9,,NMAM Institute of Technology ,Karnataka,"1,63,000","83,220",,,,,,,,,,,,,,,,,,,,,,,,,,,,,,,,,,,,,,,,,,,,,,,,,,,,,,,,,,,Indian_Engineering_Colleges_Dataset.csv,NIRF_2025_Scores_with_Rank.csv,Existing dataset + NIRF 2025 where conservatively matched,Not yet verified,Populate only from authoritative/current sources; do not infer missing values.
Nitte Meenakshi Institute of Technology,,,Karnataka,India,,,,,,58806,65390,7.8,8.1,7.9,7.8,7.1,7.6,8.1,,Nitte Meenakshi Institute of Technology ,Karnataka,"58,806","65,390",,,,,,,,,,,,,,,,,,,,,,,,,,,,,,,,,,,,,,,,,,,,,,,,,,,,,,,,,,,Indian_Engineering_Colleges_Dataset.csv,NIRF_2025_Scores_with_Rank.csv,Existing dataset + NIRF 2025 where conservatively matched,Not yet verified,Populate only from authoritative/current sources; do not infer missing values.
PES University,,,Karnataka,India,,,,,,340000,200000,8.0,8.5,8.1,8.1,7.7,8.1,7.6,,PES University ,Karnataka,"3,40,000","2,00,000",,,,,,,,,,,,,,,,,,,,,,,,,,,,,,,,,,,,,,,,,,,,,,,,,,,,,,,,,,,Indian_Engineering_Colleges_Dataset.csv,NIRF_2025_Scores_with_Rank.csv,Existing dataset + NIRF 2025 where conservatively matched,Not yet verified,Populate only from authoritative/current sources; do not infer missing values.
BMS Institute of Technology and Management,,,Karnataka,India,,,,,,350000,,7.9,8.2,8.0,7.7,7.7,7.9,7.7,,BMS Institute of Technology and Management ,Karnataka,"3,50,000",--,,,,,,,,,,,,,,,,,,,,,,,,,,,,,,,,,,,,,,,,,,,,,,,,,,,,,,,,,,,Indian_Engineering_Colleges_Dataset.csv,NIRF_2025_Scores_with_Rank.csv,Existing dataset + NIRF 2025 where conservatively matched,Not yet verified,Populate only from authoritative/current sources; do not infer missing values.
"KLE Technological University, Hubli",,,Karnataka,India,,,,,,15000,40000,8.4,8.5,8.2,9.1,7.6,8.4,8.4,,"KLE Technological University, Hubli ",Karnataka,"15,000","40,000",,,,,,,,,,,,,,,,,,,,,,,,,,,,,,,,,,,,,,,,,,,,,,,,,,,,,,,,,,,Indian_Engineering_Colleges_Dataset.csv,NIRF_2025_Scores_with_Rank.csv,Existing dataset + NIRF 2025 where conservatively matched,Not yet verified,Populate only from authoritative/current sources; do not infer missing values.
Dr. Ambedkar Institute of Technology,,,Karnataka,India,,,,,,30200,37500,7.2,7.7,7.5,7.5,6.8,6.7,7.2,,Dr. Ambedkar Institute of Technology ,Karnataka,"30,200","37,500",,,,,,,,,,,,,,,,,,,,,,,,,,,,,,,,,,,,,,,,,,,,,,,,,,,,,,,,,,,Indian_Engineering_Colleges_Dataset.csv,NIRF_2025_Scores_with_Rank.csv,Existing dataset + NIRF 2025 where conservatively matched,Not yet verified,Populate only from authoritative/current sources; do not infer missing values.
PES College of Engineering,,,Karnataka,India,,,,,,76800,74450,7.7,7.9,7.7,8.5,6.7,7.3,8.0,,PES College of Engineering ,Karnataka,"76,800","74,450",,,,,,,,,,,,,,,,,,,,,,,,,,,,,,,,,,,,,,,,,,,,,,,,,,,,,,,,,,,Indian_Engineering_Colleges_Dataset.csv,NIRF_2025_Scores_with_Rank.csv,Existing dataset + NIRF 2025 where conservatively matched,Not yet verified,Populate only from authoritative/current sources; do not infer missing values.
CMR Institute of Technology,,,Karnataka,India,,,,,,250000,140000,7.9,8.2,7.9,8.3,7.3,7.7,8.0,,CMR Institute of Technology ,Karnataka,"2,50,000","1,40,000",,,,,,,,,,,,,,,,,,,,,,,,,,,,,,,,,,,,,,,,,,,,,,,,,,,,,,,,,,,Indian_Engineering_Colleges_Dataset.csv,NIRF_2025_Scores_with_Rank.csv,Existing dataset + NIRF 2025 where conservatively matched,Not yet verified,Populate only from authoritative/current sources; do not infer missing values.
The National Institute of Engineering,,,Karnataka,India,,,,,,44090,55590,8.1,8.5,8.3,7.8,7.6,8.4,7.9,,The National Institute of Engineering ,Karnataka,"44,090","55,590",,,,,,,,,,,,,,,,,,,,,,,,,,,,,,,,,,,,,,,,,,,,,,,,,,,,,,,,,,,Indian_Engineering_Colleges_Dataset.csv,NIRF_2025_Scores_with_Rank.csv,Existing dataset + NIRF 2025 where conservatively matched,Not yet verified,Populate only from authoritative/current sources; do not infer missing values.
"Alliance College of Engineering and Design, Bangalore",,,Karnataka,India,,,,,,225000,150000,7.2,7.3,6.5,8.7,7.1,6.5,7.2,,"Alliance College of Engineering and Design, Bangalore ",Karnataka,"2,25,000","1,50,000",,,,,,,,,,,,,,,,,,,,,,,,,,,,,,,,,,,,,,,,,,,,,,,,,,,,,,,,,,,Indian_Engineering_Colleges_Dataset.csv,NIRF_2025_Scores_with_Rank.csv,Existing dataset + NIRF 2025 where conservatively matched,Not yet verified,Populate only from authoritative/current sources; do not infer missing values.
Basaveshwar Engineering College,,,Karnataka,India,,,,,,65340,60000,7.7,8.1,8.1,8.1,7.9,6.6,7.2,,Basaveshwar Engineering College ,Karnataka,"65,340","60,000",,,,,,,,,,,,,,,,,,,,,,,,,,,,,,,,,,,,,,,,,,,,,,,,,,,,,,,,,,,Indian_Engineering_Colleges_Dataset.csv,NIRF_2025_Scores_with_Rank.csv,Existing dataset + NIRF 2025 where conservatively matched,Not yet verified,Populate only from authoritative/current sources; do not infer missing values.
"Christ University, Bangalore",,,Karnataka,India,,,,,,170000,35000,8.3,8.5,8.2,8.9,7.4,8.1,8.8,,"Christ University, Bangalore ",Karnataka,"1,70,000","35,000",,,,,,,,,,,,,,,,,,,,,,,,,,,,,,,,,,,,,,,,,,,,,,,,,,,,,,,,,,,Indian_Engineering_Colleges_Dataset.csv,NIRF_2025_Scores_with_Rank.csv,Existing dataset + NIRF 2025 where conservatively matched,Not yet verified,Populate only from authoritative/current sources; do not infer missing values.
Manipal Academy of Higher Education,,,Karnataka,India,,,,,,335000,210000,8.4,8.5,8.6,8.8,8.2,7.8,8.4,,Manipal Academy of Higher Education ,Karnataka,"3,35,000","2,10,000",,,,,,,,,,,,,,,,,,,,,,,,,,,,,,,,,,,,,,,,,,,,,,,,,,,,,,,,,,,Indian_Engineering_Colleges_Dataset.csv,NIRF_2025_Scores_with_Rank.csv,Existing dataset + NIRF 2025 where conservatively matched,Not yet verified,Populate only from authoritative/current sources; do not infer missing values.
Indian Institute of Science,,,Karnataka,India,,,,,,29200,35200,9.0,9.6,9.4,9.5,8.5,8.4,8.4,,Indian Institute of Science ,Karnataka,"29,200","35,200",,,,,,,,,,,,,,,,,,,,,,,,,,,,,,,,,,,,,,,,,,,,,,,,,,,,,,,,,,,Indian_Engineering_Colleges_Dataset.csv,NIRF_2025_Scores_with_Rank.csv,Existing dataset + NIRF 2025 where conservatively matched,Not yet verified,Populate only from authoritative/current sources; do not infer missing values.
"REVA University, Bangalore",,,Karnataka,India,,,,,,225000,500000,8.4,8.3,8.3,9.3,8.1,7.8,8.4,,"REVA University, Bangalore ",Karnataka,"2,25,000","5,00,000",,,,,,,,,,,,,,,,,,,,,,,,,,,,,,,,,,,,,,,,,,,,,,,,,,,,,,,,,,,Indian_Engineering_Colleges_Dataset.csv,NIRF_2025_Scores_with_Rank.csv,Existing dataset + NIRF 2025 where conservatively matched,Not yet verified,Populate only from authoritative/current sources; do not infer missing values.
"Alliance University, Bangalore",,,Karnataka,India,,,,,,625000,150000,8.0,8.2,8.2,8.8,7.2,7.6,8.0,,"Alliance University, Bangalore ",Karnataka,"6,25,000","1,50,000",,,,,,,,,,,,,,,,,,,,,,,,,,,,,,,,,,,,,,,,,,,,,,,,,,,,,,,,,,,Indian_Engineering_Colleges_Dataset.csv,NIRF_2025_Scores_with_Rank.csv,Existing dataset + NIRF 2025 where conservatively matched,Not yet verified,Populate only from authoritative/current sources; do not infer missing values.
"Presidency University, Bangalore",,,Karnataka,India,,,,,,210000,90000,8.3,8.2,8.6,8.8,7.6,8.2,8.3,,"Presidency University, Bangalore ",Karnataka,"2,10,000","90,000",,,,,,,,,,,,,,,,,,,,,,,,,,,,,,,,,,,,,,,,,,,,,,,,,,,,,,,,,,,Indian_Engineering_Colleges_Dataset.csv,NIRF_2025_Scores_with_Rank.csv,Existing dataset + NIRF 2025 where conservatively matched,Not yet verified,Populate only from authoritative/current sources; do not infer missing values.
Indian Institute of Technology,,,Telangana,India,,,,,,222995,500895,8.5,8.7,8.7,8.5,8.0,8.3,8.6,,Indian Institute of Technology ,Telangana,"2,22,995","5,00,895",,,,,,,,,,,,,,,,,,,,,,,,,,,,,,,,,,,,,,,,,,,,,,,,,,,,,,,,,,,Indian_Engineering_Colleges_Dataset.csv,NIRF_2025_Scores_with_Rank.csv,Existing dataset + NIRF 2025 where conservatively matched,Not yet verified,Populate only from authoritative/current sources; do not infer missing values.
National Institute of Technology,,,Telangana,India,,,,,,130000,75000,8.4,8.6,8.2,8.5,7.9,8.6,8.4,,National Institute of Technology ,Telangana,"1,30,000","75,000",,,,,,,,,,,,,,,,,,,,,,,,,,,,,,,,,,,,,,,,,,,,,,,,,,,,,,,,,,,Indian_Engineering_Colleges_Dataset.csv,NIRF_2025_Scores_with_Rank.csv,Existing dataset + NIRF 2025 where conservatively matched,Not yet verified,Populate only from authoritative/current sources; do not infer missing values.
International Institute of Information Technology,,,Telangana,India,,,,,,300000,150000,8.3,9.0,8.5,7.8,8.2,9.2,6.9,,International Institute of Information Technology ,Telangana,"3,00,000","1,50,000",,,,,,,,,,,,,,,,,,,,,,,,,,,,,,,,,,,,,,,,,,,,,,,,,,,,,,,,,,,Indian_Engineering_Colleges_Dataset.csv,NIRF_2025_Scores_with_Rank.csv,Existing dataset + NIRF 2025 where conservatively matched,Not yet verified,Populate only from authoritative/current sources; do not infer missing values.
Jawaharlal Nehru Technological University,,,Telangana,India,,,,,,12500,18000,8.0,8.3,7.8,8.3,7.7,7.6,8.3,94,Jawaharlal Nehru Technological University ,Telangana,"12,500","18,000",15.5,30.0,15.53,14.14,8.86,10.53,1.0,2.0,22.89,15.0,9.87,1.85,,,,,,,,,,,,,,,,,,,,,,,,,,,,,,,,,,,,,,,,,,,,,,,Indian_Engineering_Colleges_Dataset.csv,NIRF_2025_Scores_with_Rank.csv,Existing dataset + NIRF 2025 where conservatively matched,Not yet verified,Populate only from authoritative/current sources; do not infer missing values.
"University College of Engineering, Osmania University",,,Telangana,India,,,,,,27770,39770,8.6,9.0,8.5,8.6,8.5,8.4,8.4,,"University College of Engineering, Osmania University ",Telangana,"27,770","39,770",,,,,,,,,,,,,,,,,,,,,,,,,,,,,,,,,,,,,,,,,,,,,,,,,,,,,,,,,,,Indian_Engineering_Colleges_Dataset.csv,NIRF_2025_Scores_with_Rank.csv,Existing dataset + NIRF 2025 where conservatively matched,Not yet verified,Populate only from authoritative/current sources; do not infer missing values.
Chaitanya Bharathi Institute of Technology,,,Telangana,India,,,,,,134000,151600,8.2,8.5,8.4,8.3,7.1,8.6,8.5,,Chaitanya Bharathi Institute of Technology ,Telangana,"1,34,000","1,51,600",,,,,,,,,,,,,,,,,,,,,,,,,,,,,,,,,,,,,,,,,,,,,,,,,,,,,,,,,,,Indian_Engineering_Colleges_Dataset.csv,NIRF_2025_Scores_with_Rank.csv,Existing dataset + NIRF 2025 where conservatively matched,Not yet verified,Populate only from authoritative/current sources; do not infer missing values.
Vallurupalli Nageswara Rao Vignana Jyothi Institute of,,,Telangana,India,,,,,,131000,141700,8.4,8.4,8.2,8.5,8.1,8.4,8.5,,Vallurupalli Nageswara Rao Vignana Jyothi Institute of ,Telangana,"1,31,000","1,41,700",,,,,,,,,,,,,,,,,,,,,,,,,,,,,,,,,,,,,,,,,,,,,,,,,,,,,,,,,,,Indian_Engineering_Colleges_Dataset.csv,NIRF_2025_Scores_with_Rank.csv,Existing dataset + NIRF 2025 where conservatively matched,Not yet verified,Populate only from authoritative/current sources; do not infer missing values.
"CVR College of Engineering, Ibrahimpatnam, Rangareddi",,,Telangana,India,,,,,,121650,72500,8.3,8.6,8.5,8.2,8.1,8.6,7.7,,"CVR College of Engineering, Ibrahimpatnam, Rangareddi ",Telangana,"1,21,650","72,500",,,,,,,,,,,,,,,,,,,,,,,,,,,,,,,,,,,,,,,,,,,,,,,,,,,,,,,,,,,Indian_Engineering_Colleges_Dataset.csv,NIRF_2025_Scores_with_Rank.csv,Existing dataset + NIRF 2025 where conservatively matched,Not yet verified,Populate only from authoritative/current sources; do not infer missing values.
Institute of Aeronautical Engineering,,,Telangana,India,,,,,,90000,70000,8.3,8.4,8.2,8.5,8.5,8.0,8.2,,Institute of Aeronautical Engineering ,Telangana,"90,000","70,000",,,,,,,,,,,,,,,,,,,,,,,,,,,,,,,,,,,,,,,,,,,,,,,,,,,,,,,,,,,Indian_Engineering_Colleges_Dataset.csv,NIRF_2025_Scores_with_Rank.csv,Existing dataset + NIRF 2025 where conservatively matched,Not yet verified,Populate only from authoritative/current sources; do not infer missing values.
BV Raju Institute of Technology,,,Telangana,India,,,,,,120000,70000,8.5,8.6,8.3,8.9,8.2,8.4,8.7,,BV Raju Institute of Technology ,Telangana,"1,20,000","70,000",,,,,,,,,,,,,,,,,,,,,,,,,,,,,,,,,,,,,,,,,,,,,,,,,,,,,,,,,,,Indian_Engineering_Colleges_Dataset.csv,NIRF_2025_Scores_with_Rank.csv,Existing dataset + NIRF 2025 where conservatively matched,Not yet verified,Populate only from authoritative/current sources; do not infer missing values.
Vardhaman College of Engineering,,,Telangana,India,,,,,,125000,57000,8.1,8.2,8.2,8.5,8.2,8.1,7.6,,Vardhaman College of Engineering ,Telangana,"1,25,000","57,000",,,,,,,,,,,,,,,,,,,,,,,,,,,,,,,,,,,,,,,,,,,,,,,,,,,,,,,,,,,Indian_Engineering_Colleges_Dataset.csv,NIRF_2025_Scores_with_Rank.csv,Existing dataset + NIRF 2025 where conservatively matched,Not yet verified,Populate only from authoritative/current sources; do not infer missing values.
"Anurag University, Hyderabad",,,Telangana,India,,,,,,135500,66500,8.3,8.5,8.2,8.9,7.5,8.0,8.4,,"Anurag University, Hyderabad ",Telangana,"1,35,500","66,500",,,,,,,,,,,,,,,,,,,,,,,,,,,,,,,,,,,,,,,,,,,,,,,,,,,,,,,,,,,Indian_Engineering_Colleges_Dataset.csv,NIRF_2025_Scores_with_Rank.csv,Existing dataset + NIRF 2025 where conservatively matched,Not yet verified,Populate only from authoritative/current sources; do not infer missing values.
Vasavi College of Engineering,,,Telangana,India,,,,,,130000,100000,8.0,8.6,8.3,8.0,6.7,8.8,7.5,,Vasavi College of Engineering ,Telangana,"1,30,000","1,00,000",,,,,,,,,,,,,,,,,,,,,,,,,,,,,,,,,,,,,,,,,,,,,,,,,,,,,,,,,,,Indian_Engineering_Colleges_Dataset.csv,NIRF_2025_Scores_with_Rank.csv,Existing dataset + NIRF 2025 where conservatively matched,Not yet verified,Populate only from authoritative/current sources; do not infer missing values.
Gokaraju Rangaraju Institute of Engineering and Technology,,,Telangana,India,,,,,,122000,75000,8.0,8.3,7.9,8.5,7.3,8.1,7.6,,Gokaraju Rangaraju Institute of Engineering and Technology ,Telangana,"1,22,000","75,000",,,,,,,,,,,,,,,,,,,,,,,,,,,,,,,,,,,,,,,,,,,,,,,,,,,,,,,,,,,Indian_Engineering_Colleges_Dataset.csv,NIRF_2025_Scores_with_Rank.csv,Existing dataset + NIRF 2025 where conservatively matched,Not yet verified,Populate only from authoritative/current sources; do not infer missing values.
Kakatiya Institute of Technology & Science,,,Telangana,India,,,,,,125960,74550,8.2,8.3,8.4,8.3,7.9,7.9,8.4,,Kakatiya Institute of Technology & Science ,Telangana,"1,25,960","74,550",,,,,,,,,,,,,,,,,,,,,,,,,,,,,,,,,,,,,,,,,,,,,,,,,,,,,,,,,,,Indian_Engineering_Colleges_Dataset.csv,NIRF_2025_Scores_with_Rank.csv,Existing dataset + NIRF 2025 where conservatively matched,Not yet verified,Populate only from authoritative/current sources; do not infer missing values.
K L University,,,Telangana,India,,,,,,265000,120000,7.9,7.9,8.1,8.2,7.4,7.6,8.1,,K L University ,Telangana,"2,65,000","1,20,000",,,,,,,,,,,,,,,,,,,,,,,,,,,,,,,,,,,,,,,,,,,,,,,,,,,,,,,,,,,Indian_Engineering_Colleges_Dataset.csv,NIRF_2025_Scores_with_Rank.csv,Existing dataset + NIRF 2025 where conservatively matched,Not yet verified,Populate only from authoritative/current sources; do not infer missing values.
Birla Institute of Technology and Science,,,Telangana,India,,,,,,423475,469475,9.0,9.0,8.8,9.4,8.4,9.1,9.4,,Birla Institute of Technology and Science ,Telangana,"4,23,475","4,69,475",,,,,,,,,,,,,,,,,,,,,,,,,,,,,,,,,,,,,,,,,,,,,,,,,,,,,,,,,,,Indian_Engineering_Colleges_Dataset.csv,NIRF_2025_Scores_with_Rank.csv,Existing dataset + NIRF 2025 where conservatively matched,Not yet verified,Populate only from authoritative/current sources; do not infer missing values.
Mahatma Gandhi Institute of Technology,,,Telangana,India,,,,,,108000,,7.8,8.1,8.1,8.1,7.2,7.3,7.8,,Mahatma Gandhi Institute of Technology ,Telangana,"1,08,000",--,,,,,,,,,,,,,,,,,,,,,,,,,,,,,,,,,,,,,,,,,,,,,,,,,,,,,,,,,,,Indian_Engineering_Colleges_Dataset.csv,NIRF_2025_Scores_with_Rank.csv,Existing dataset + NIRF 2025 where conservatively matched,Not yet verified,Populate only from authoritative/current sources; do not infer missing values.
Malla Reddy Engineering College,,,Telangana,India,,,,,,103000,57000,7.4,7.7,7.4,7.8,7.1,7.1,7.5,,Malla Reddy Engineering College ,Telangana,"1,03,000","57,000",,,,,,,,,,,,,,,,,,,,,,,,,,,,,,,,,,,,,,,,,,,,,,,,,,,,,,,,,,,Indian_Engineering_Colleges_Dataset.csv,NIRF_2025_Scores_with_Rank.csv,Existing dataset + NIRF 2025 where conservatively matched,Not yet verified,Populate only from authoritative/current sources; do not infer missing values.
Malla Reddy College of Engineering,,,Telangana,India,,,,,,72000,,7.0,7.5,7.0,6.8,7.2,6.5,7.2,,Malla Reddy College of Engineering ,Telangana,"72,000",--,,,,,,,,,,,,,,,,,,,,,,,,,,,,,,,,,,,,,,,,,,,,,,,,,,,,,,,,,,,Indian_Engineering_Colleges_Dataset.csv,NIRF_2025_Scores_with_Rank.csv,Existing dataset + NIRF 2025 where conservatively matched,Not yet verified,Populate only from authoritative/current sources; do not infer missing values.
Indian Institute of Chemical Technology,,,Telangana,India,,,,,,,,7.7,7.0,8.3,8.0,7.0,7.7,7.9,,Indian Institute of Chemical Technology ,Telangana,--,--,,,,,,,,,,,,,,,,,,,,,,,,,,,,,,,,,,,,,,,,,,,,,,,,,,,,,,,,,,,Indian_Engineering_Colleges_Dataset.csv,NIRF_2025_Scores_with_Rank.csv,Existing dataset + NIRF 2025 where conservatively matched,Not yet verified,Populate only from authoritative/current sources; do not infer missing values.
Sreenidhi Institute of Science and Technology,,,Telangana,India,,,,,,520000,210000,7.6,7.8,7.5,7.8,6.9,7.7,7.6,,Sreenidhi Institute of Science and Technology ,Telangana,"5,20,000","2,10,000",,,,,,,,,,,,,,,,,,,,,,,,,,,,,,,,,,,,,,,,,,,,,,,,,,,,,,,,,,,Indian_Engineering_Colleges_Dataset.csv,NIRF_2025_Scores_with_Rank.csv,Existing dataset + NIRF 2025 where conservatively matched,Not yet verified,Populate only from authoritative/current sources; do not infer missing values.
"Mahindra University, Hyderabad",,,Telangana,India,,,,,,470000,70000,8.8,9.1,9.0,9.1,8.6,7.8,8.9,,"Mahindra University, Hyderabad ",Telangana,"4,70,000","70,000",,,,,,,,,,,,,,,,,,,,,,,,,,,,,,,,,,,,,,,,,,,,,,,,,,,,,,,,,,,Indian_Engineering_Colleges_Dataset.csv,NIRF_2025_Scores_with_Rank.csv,Existing dataset + NIRF 2025 where conservatively matched,Not yet verified,Populate only from authoritative/current sources; do not infer missing values.
"St Martin's Engineering College, Secunderabad",,,Telangana,India,,,,,,80000,,7.7,7.9,7.8,7.9,6.8,7.7,8.2,,"St Martin's Engineering College, Secunderabad ",Telangana,"80,000",--,,,,,,,,,,,,,,,,,,,,,,,,,,,,,,,,,,,,,,,,,,,,,,,,,,,,,,,,,,,Indian_Engineering_Colleges_Dataset.csv,NIRF_2025_Scores_with_Rank.csv,Existing dataset + NIRF 2025 where conservatively matched,Not yet verified,Populate only from authoritative/current sources; do not infer missing values.
MLR Institute of Technology,,,Telangana,India,,,,,,96000,57000,8.3,8.3,8.1,8.8,8.4,8.0,8.4,,MLR Institute of Technology ,Telangana,"96,000","57,000",,,,,,,,,,,,,,,,,,,,,,,,,,,,,,,,,,,,,,,,,,,,,,,,,,,,,,,,,,,Indian_Engineering_Colleges_Dataset.csv,NIRF_2025_Scores_with_Rank.csv,Existing dataset + NIRF 2025 where conservatively matched,Not yet verified,Populate only from authoritative/current sources; do not infer missing values.
Keshav Memorial Institute of Technology,,,Telangana,India,,,,,,111500,,8.2,8.7,8.6,8.1,6.7,9.0,8.3,,Keshav Memorial Institute of Technology ,Telangana,"1,11,500",--,,,,,,,,,,,,,,,,,,,,,,,,,,,,,,,,,,,,,,,,,,,,,,,,,,,,,,,,,,,Indian_Engineering_Colleges_Dataset.csv,NIRF_2025_Scores_with_Rank.csv,Existing dataset + NIRF 2025 where conservatively matched,Not yet verified,Populate only from authoritative/current sources; do not infer missing values.
Vaagdevi College of Engineering,,,Telangana,India,,,,,,86000,,7.8,8.0,8.0,8.0,7.4,7.5,8.0,,Vaagdevi College of Engineering ,Telangana,"86,000",--,,,,,,,,,,,,,,,,,,,,,,,,,,,,,,,,,,,,,,,,,,,,,,,,,,,,,,,,,,,Indian_Engineering_Colleges_Dataset.csv,NIRF_2025_Scores_with_Rank.csv,Existing dataset + NIRF 2025 where conservatively matched,Not yet verified,Populate only from authoritative/current sources; do not infer missing values.
CMR Engineering College,,,Telangana,India,,,,,,75000,57000,8.8,8.9,8.7,9.2,8.4,9.0,8.4,,CMR Engineering College ,Telangana,"75,000","57,000",,,,,,,,,,,,,,,,,,,,,,,,,,,,,,,,,,,,,,,,,,,,,,,,,,,,,,,,,,,Indian_Engineering_Colleges_Dataset.csv,NIRF_2025_Scores_with_Rank.csv,Existing dataset + NIRF 2025 where conservatively matched,Not yet verified,Populate only from authoritative/current sources; do not infer missing values.
"Matrusri Engineering College, Hyderabad",,,Telangana,India,,,,,,90000,,7.0,7.6,7.2,7.6,5.7,7.0,6.7,,"Matrusri Engineering College, Hyderabad ",Telangana,"90,000",--,,,,,,,,,,,,,,,,,,,,,,,,,,,,,,,,,,,,,,,,,,,,,,,,,,,,,,,,,,,Indian_Engineering_Colleges_Dataset.csv,NIRF_2025_Scores_with_Rank.csv,Existing dataset + NIRF 2025 where conservatively matched,Not yet verified,Populate only from authoritative/current sources; do not infer missing values.
Indian Institute of Technology,,,Madhya pradesh,India,,,,,,228700,50800,8.0,8.4,8.1,7.7,7.6,7.8,8.4,,Indian Institute of Technology ,Madhya pradesh,"2,28,700","50,800",,,,,,,,,,,,,,,,,,,,,,,,,,,,,,,,,,,,,,,,,,,,,,,,,,,,,,,,,,,Indian_Engineering_Colleges_Dataset.csv,NIRF_2025_Scores_with_Rank.csv,Existing dataset + NIRF 2025 where conservatively matched,Not yet verified,Populate only from authoritative/current sources; do not infer missing values.
Maulana Azad National Institute of Technology,,,Madhya pradesh,India,,,,,,64939,104275,7.8,7.8,7.5,7.6,7.5,8.1,8.5,81,Maulana Azad National Institute of Technology ,Madhya pradesh,"64,939","1,04,275",14.72,15.66,11.03,13.33,15.18,16.81,2.5,1.87,36.08,15.0,16.5,5.68,,,,,,,,,,,,,,,,,,,,,,,,,,,,,,,,,,,,,,,,,,,,,,,Indian_Engineering_Colleges_Dataset.csv,NIRF_2025_Scores_with_Rank.csv,Existing dataset + NIRF 2025 where conservatively matched,Not yet verified,Populate only from authoritative/current sources; do not infer missing values.
Indian Institute of Information Technology Design and,,,Madhya pradesh,India,,,,,,137580,71000,7.9,8.2,8.0,8.1,7.5,7.5,8.3,,Indian Institute of Information Technology Design and ,Madhya pradesh,"1,37,580","71,000",,,,,,,,,,,,,,,,,,,,,,,,,,,,,,,,,,,,,,,,,,,,,,,,,,,,,,,,,,,Indian_Engineering_Colleges_Dataset.csv,NIRF_2025_Scores_with_Rank.csv,Existing dataset + NIRF 2025 where conservatively matched,Not yet verified,Populate only from authoritative/current sources; do not infer missing values.
Atal Bihari Vajpayee Indian Institute of Information,,,Madhya pradesh,India,,,,,,75070,142250,7.6,7.5,7.1,8.2,7.0,7.7,8.0,96,Atal Bihari Vajpayee Indian Institute of Information ,Madhya pradesh,"75,070","1,42,250",8.02,22.19,15.14,15.19,8.46,10.16,0.0,1414.0,38.91,15.0,21.59,1.69,,,,,,,,,,,,,,,,,,,,,,,,,,,,,,,,,,,,,,,,,,,,,,,Indian_Engineering_Colleges_Dataset.csv,NIRF_2025_Scores_with_Rank.csv,Existing dataset + NIRF 2025 where conservatively matched,Not yet verified,Populate only from authoritative/current sources; do not infer missing values.
"VIT Bhopal University, Bhopal",,,Madhya pradesh,India,,,,,,198000,193000,7.9,8.6,8.4,7.1,7.7,8.1,7.4,,"VIT Bhopal University, Bhopal ",Madhya pradesh,"1,98,000","1,93,000",,,,,,,,,,,,,,,,,,,,,,,,,,,,,,,,,,,,,,,,,,,,,,,,,,,,,,,,,,,Indian_Engineering_Colleges_Dataset.csv,NIRF_2025_Scores_with_Rank.csv,Existing dataset + NIRF 2025 where conservatively matched,Not yet verified,Populate only from authoritative/current sources; do not infer missing values.
"RKDF University, Bhopal",,,Madhya pradesh,India,,,,,,55000,35000,7.6,8.0,7.8,8.0,7.0,6.5,8.2,,"RKDF University, Bhopal ",Madhya pradesh,"55,000","35,000",,,,,,,,,,,,,,,,,,,,,,,,,,,,,,,,,,,,,,,,,,,,,,,,,,,,,,,,,,,Indian_Engineering_Colleges_Dataset.csv,NIRF_2025_Scores_with_Rank.csv,Existing dataset + NIRF 2025 where conservatively matched,Not yet verified,Populate only from authoritative/current sources; do not infer missing values.
Awadhesh Pratap Singh University,,,Madhya pradesh,India,,,,,,40000,,7.1,7.9,8.1,7.2,6.5,5.3,7.3,,Awadhesh Pratap Singh University ,Madhya pradesh,"40,000",--,,,,,,,,,,,,,,,,,,,,,,,,,,,,,,,,,,,,,,,,,,,,,,,,,,,,,,,,,,,Indian_Engineering_Colleges_Dataset.csv,NIRF_2025_Scores_with_Rank.csv,Existing dataset + NIRF 2025 where conservatively matched,Not yet verified,Populate only from authoritative/current sources; do not infer missing values.
"University Institute of Technology, Rajiv Gandhi Proudyogiki",,,Madhya pradesh,India,,,,,,23920,62735,6.9,7.2,6.6,7.6,6.5,6.3,6.9,,"University Institute of Technology, Rajiv Gandhi Proudyogiki ",Madhya pradesh,"23,920","62,735",,,,,,,,,,,,,,,,,,,,,,,,,,,,,,,,,,,,,,,,,,,,,,,,,,,,,,,,,,,Indian_Engineering_Colleges_Dataset.csv,NIRF_2025_Scores_with_Rank.csv,Existing dataset + NIRF 2025 where conservatively matched,Not yet verified,Populate only from authoritative/current sources; do not infer missing values.
Institute of Information Technology & Management,,,Madhya pradesh,India,,,,,,77000,60000,8.5,8.7,8.4,8.6,8.0,8.5,8.5,,Institute of Information Technology & Management ,Madhya pradesh,"77,000","60,000",,,,,,,,,,,,,,,,,,,,,,,,,,,,,,,,,,,,,,,,,,,,,,,,,,,,,,,,,,,Indian_Engineering_Colleges_Dataset.csv,NIRF_2025_Scores_with_Rank.csv,Existing dataset + NIRF 2025 where conservatively matched,Not yet verified,Populate only from authoritative/current sources; do not infer missing values.
"Institute of Engineering and Technology, Devi Ahilya",,,Madhya pradesh,India,,,,,,82961,71100,7.7,7.9,7.3,7.4,6.6,8.4,8.4,,"Institute of Engineering and Technology, Devi Ahilya ",Madhya pradesh,"82,961","71,100",,,,,,,,,,,,,,,,,,,,,,,,,,,,,,,,,,,,,,,,,,,,,,,,,,,,,,,,,,,Indian_Engineering_Colleges_Dataset.csv,NIRF_2025_Scores_with_Rank.csv,Existing dataset + NIRF 2025 where conservatively matched,Not yet verified,Populate only from authoritative/current sources; do not infer missing values.
Acropolis Institute of Technology & Research,,,Madhya pradesh,India,,,,,,75100,25500,7.8,7.9,7.8,7.8,7.0,8.0,8.1,,Acropolis Institute of Technology & Research ,Madhya pradesh,"75,100","25,500",,,,,,,,,,,,,,,,,,,,,,,,,,,,,,,,,,,,,,,,,,,,,,,,,,,,,,,,,,,Indian_Engineering_Colleges_Dataset.csv,NIRF_2025_Scores_with_Rank.csv,Existing dataset + NIRF 2025 where conservatively matched,Not yet verified,Populate only from authoritative/current sources; do not infer missing values.
"Indian Institute of Information Technology -[IIIT], Bhopal",,,Madhya pradesh,India,,,,,,179500,,6.0,6.4,6.1,6.5,5.3,5.0,6.8,,"Indian Institute of Information Technology -[IIIT], Bhopal ",Madhya pradesh,"1,79,500",--,,,,,,,,,,,,,,,,,,,,,,,,,,,,,,,,,,,,,,,,,,,,,,,,,,,,,,,,,,,Indian_Engineering_Colleges_Dataset.csv,NIRF_2025_Scores_with_Rank.csv,Existing dataset + NIRF 2025 where conservatively matched,Not yet verified,Populate only from authoritative/current sources; do not infer missing values.
Jaypee University of Engineering and Technology,,,Madhya pradesh,India,,,,,,189500,96500,7.9,7.8,7.5,8.9,7.9,7.4,7.6,,Jaypee University of Engineering and Technology ,Madhya pradesh,"1,89,500","96,500",,,,,,,,,,,,,,,,,,,,,,,,,,,,,,,,,,,,,,,,,,,,,,,,,,,,,,,,,,,Indian_Engineering_Colleges_Dataset.csv,NIRF_2025_Scores_with_Rank.csv,Existing dataset + NIRF 2025 where conservatively matched,Not yet verified,Populate only from authoritative/current sources; do not infer missing values.
Oriental University,,,Madhya pradesh,India,,,,,,65000,30000,7.2,7.5,7.2,7.7,6.7,7.1,7.1,,Oriental University ,Madhya pradesh,"65,000","30,000",,,,,,,,,,,,,,,,,,,,,,,,,,,,,,,,,,,,,,,,,,,,,,,,,,,,,,,,,,,Indian_Engineering_Colleges_Dataset.csv,NIRF_2025_Scores_with_Rank.csv,Existing dataset + NIRF 2025 where conservatively matched,Not yet verified,Populate only from authoritative/current sources; do not infer missing values.
"Amity University, Gwalior",,,Madhya pradesh,India,,,,,,164000,64000,8.6,8.8,8.4,9.3,8.5,8.0,8.3,,"Amity University, Gwalior ",Madhya pradesh,"1,64,000","64,000",,,,,,,,,,,,,,,,,,,,,,,,,,,,,,,,,,,,,,,,,,,,,,,,,,,,,,,,,,,Indian_Engineering_Colleges_Dataset.csv,NIRF_2025_Scores_with_Rank.csv,Existing dataset + NIRF 2025 where conservatively matched,Not yet verified,Populate only from authoritative/current sources; do not infer missing values.
AKS University,,,Madhya pradesh,India,,,,,,60000,46000,7.3,7.8,8.2,7.6,5.9,6.9,7.4,,AKS University ,Madhya pradesh,"60,000","46,000",,,,,,,,,,,,,,,,,,,,,,,,,,,,,,,,,,,,,,,,,,,,,,,,,,,,,,,,,,,Indian_Engineering_Colleges_Dataset.csv,NIRF_2025_Scores_with_Rank.csv,Existing dataset + NIRF 2025 where conservatively matched,Not yet verified,Populate only from authoritative/current sources; do not infer missing values.
Jagran Lakecity University,,,Madhya pradesh,India,,,,,,115000,75000,8.0,8.0,7.8,8.6,7.9,7.4,8.1,,Jagran Lakecity University ,Madhya pradesh,"1,15,000","75,000",,,,,,,,,,,,,,,,,,,,,,,,,,,,,,,,,,,,,,,,,,,,,,,,,,,,,,,,,,,Indian_Engineering_Colleges_Dataset.csv,NIRF_2025_Scores_with_Rank.csv,Existing dataset + NIRF 2025 where conservatively matched,Not yet verified,Populate only from authoritative/current sources; do not infer missing values.
Jabalpur Engineering College,,,Madhya pradesh,India,,,,,,22300,10000,7.2,7.5,7.4,6.9,6.4,7.4,7.3,,Jabalpur Engineering College ,Madhya pradesh,"22,300","10,000",,,,,,,,,,,,,,,,,,,,,,,,,,,,,,,,,,,,,,,,,,,,,,,,,,,,,,,,,,,Indian_Engineering_Colleges_Dataset.csv,NIRF_2025_Scores_with_Rank.csv,Existing dataset + NIRF 2025 where conservatively matched,Not yet verified,Populate only from authoritative/current sources; do not infer missing values.
"Swami Vivekanand University, Sagar",,,Madhya pradesh,India,,,,,,44000,32000,6.3,6.9,7.0,6.4,5.0,5.6,6.6,,"Swami Vivekanand University, Sagar ",Madhya pradesh,"44,000","32,000",,,,,,,,,,,,,,,,,,,,,,,,,,,,,,,,,,,,,,,,,,,,,,,,,,,,,,,,,,,Indian_Engineering_Colleges_Dataset.csv,NIRF_2025_Scores_with_Rank.csv,Existing dataset + NIRF 2025 where conservatively matched,Not yet verified,Populate only from authoritative/current sources; do not infer missing values.
"Acropolis Group of Institutions, Indore",,,Madhya pradesh,India,,,,,,73600,60000,8.7,8.5,8.7,9.0,8.5,8.6,8.6,,"Acropolis Group of Institutions, Indore ",Madhya pradesh,"73,600","60,000",,,,,,,,,,,,,,,,,,,,,,,,,,,,,,,,,,,,,,,,,,,,,,,,,,,,,,,,,,,Indian_Engineering_Colleges_Dataset.csv,NIRF_2025_Scores_with_Rank.csv,Existing dataset + NIRF 2025 where conservatively matched,Not yet verified,Populate only from authoritative/current sources; do not infer missing values.
LNCT University,,,Madhya pradesh,India,,,,,,80000,65000,9.0,9.0,9.3,8.8,8.8,8.9,8.9,,LNCT University ,Madhya pradesh,"80,000","65,000",,,,,,,,,,,,,,,,,,,,,,,,,,,,,,,,,,,,,,,,,,,,,,,,,,,,,,,,,,,Indian_Engineering_Colleges_Dataset.csv,NIRF_2025_Scores_with_Rank.csv,Existing dataset + NIRF 2025 where conservatively matched,Not yet verified,Populate only from authoritative/current sources; do not infer missing values.
"Avantika University, Ujjain",,,Madhya pradesh,India,,,,,,222500,,9.1,9.3,9.3,8.5,8.5,9.5,9.2,,"Avantika University, Ujjain ",Madhya pradesh,"2,22,500",--,,,,,,,,,,,,,,,,,,,,,,,,,,,,,,,,,,,,,,,,,,,,,,,,,,,,,,,,,,,Indian_Engineering_Colleges_Dataset.csv,NIRF_2025_Scores_with_Rank.csv,Existing dataset + NIRF 2025 where conservatively matched,Not yet verified,Populate only from authoritative/current sources; do not infer missing values.
Ujjain Engineering College,,,Madhya pradesh,India,,,,,,22751,25151,6.7,7.4,7.4,6.2,5.9,6.4,6.9,,Ujjain Engineering College ,Madhya pradesh,"22,751","25,151",,,,,,,,,,,,,,,,,,,,,,,,,,,,,,,,,,,,,,,,,,,,,,,,,,,,,,,,,,,Indian_Engineering_Colleges_Dataset.csv,NIRF_2025_Scores_with_Rank.csv,Existing dataset + NIRF 2025 where conservatively matched,Not yet verified,Populate only from authoritative/current sources; do not infer missing values.
Shri Govindram Seksaria Institute of Technology and,,,Madhya pradesh,India,,,,,,75550,118425,7.4,8.0,7.7,7.0,6.7,7.5,7.2,,Shri Govindram Seksaria Institute of Technology and ,Madhya pradesh,"75,550","1,18,425",,,,,,,,,,,,,,,,,,,,,,,,,,,,,,,,,,,,,,,,,,,,,,,,,,,,,,,,,,,Indian_Engineering_Colleges_Dataset.csv,NIRF_2025_Scores_with_Rank.csv,Existing dataset + NIRF 2025 where conservatively matched,Not yet verified,Populate only from authoritative/current sources; do not infer missing values.
Lakshmi Narain College of Technology,,,Madhya pradesh,India,,,,,,48600,60000,5.7,5.6,6.2,5.2,5.8,5.4,6.2,,Lakshmi Narain College of Technology ,Madhya pradesh,"48,600","60,000",,,,,,,,,,,,,,,,,,,,,,,,,,,,,,,,,,,,,,,,,,,,,,,,,,,,,,,,,,,Indian_Engineering_Colleges_Dataset.csv,NIRF_2025_Scores_with_Rank.csv,Existing dataset + NIRF 2025 where conservatively matched,Not yet verified,Populate only from authoritative/current sources; do not infer missing values.
National Institute of Technology,,,Kerala,India,,,,,,53797,27405,8.1,8.4,7.7,8.0,7.9,8.1,8.2,,National Institute of Technology ,Kerala,"53,797","27,405",,,,,,,,,,,,,,,,,,,,,,,,,,,,,,,,,,,,,,,,,,,,,,,,,,,,,,,,,,,Indian_Engineering_Colleges_Dataset.csv,NIRF_2025_Scores_with_Rank.csv,Existing dataset + NIRF 2025 where conservatively matched,Not yet verified,Populate only from authoritative/current sources; do not infer missing values.
Indian Institute of Space Science and Technology,,,Kerala,India,,,,,,142400,87400,8.1,8.9,8.5,8.6,7.8,7.7,7.2,61,Indian Institute of Space Science and Technology ,Kerala,"1,42,400","87,400",8.65,29.18,15.78,22.27,11.84,10.12,1.0,2.23,33.85,13.18,15.9,401.0,,,,,,,,,,,,,,,,,,,,,,,,,,,,,,,,,,,,,,,,,,,,,,,Indian_Engineering_Colleges_Dataset.csv,NIRF_2025_Scores_with_Rank.csv,Existing dataset + NIRF 2025 where conservatively matched,Not yet verified,Populate only from authoritative/current sources; do not infer missing values.
"College of Engineering, Trivandrum",,,Kerala,India,,,,,,200000,15725,8.4,8.6,8.0,8.5,7.8,8.4,8.8,,"College of Engineering, Trivandrum ",Kerala,"2,00,000","15,725",,,,,,,,,,,,,,,,,,,,,,,,,,,,,,,,,,,,,,,,,,,,,,,,,,,,,,,,,,,Indian_Engineering_Colleges_Dataset.csv,NIRF_2025_Scores_with_Rank.csv,Existing dataset + NIRF 2025 where conservatively matched,Not yet verified,Populate only from authoritative/current sources; do not infer missing values.
"Cochin University of Science and Technology, School",,,Kerala,India,,,,,,86040,52730,8.3,8.5,8.3,8.2,7.8,8.2,8.7,,"Cochin University of Science and Technology, School ",Kerala,"86,040","52,730",,,,,,,,,,,,,,,,,,,,,,,,,,,,,,,,,,,,,,,,,,,,,,,,,,,,,,,,,,,Indian_Engineering_Colleges_Dataset.csv,NIRF_2025_Scores_with_Rank.csv,Existing dataset + NIRF 2025 where conservatively matched,Not yet verified,Populate only from authoritative/current sources; do not infer missing values.
Baselios Thomas I Catholicose College of Engineering,,,Kerala,India,,,,,,85000,,7.4,7.5,8.5,7.0,8.0,6.5,7.0,,Baselios Thomas I Catholicose College of Engineering ,Kerala,"85,000",--,,,,,,,,,,,,,,,,,,,,,,,,,,,,,,,,,,,,,,,,,,,,,,,,,,,,,,,,,,,Indian_Engineering_Colleges_Dataset.csv,NIRF_2025_Scores_with_Rank.csv,Existing dataset + NIRF 2025 where conservatively matched,Not yet verified,Populate only from authoritative/current sources; do not infer missing values.
Cochin University of Science and Technology,,,Kerala,India,,,,,,46600,19290,7.9,8.4,7.8,7.8,7.5,7.7,8.1,,Cochin University of Science and Technology ,Kerala,"46,600","19,290",,,,,,,,,,,,,,,,,,,,,,,,,,,,,,,,,,,,,,,,,,,,,,,,,,,,,,,,,,,Indian_Engineering_Colleges_Dataset.csv,NIRF_2025_Scores_with_Rank.csv,Existing dataset + NIRF 2025 where conservatively matched,Not yet verified,Populate only from authoritative/current sources; do not infer missing values.
Indian Institute of Technology,,,Kerala,India,,,,,,35850,222350,8.6,9.2,9.0,8.6,7.7,8.7,8.6,,Indian Institute of Technology ,Kerala,"35,850","2,22,350",,,,,,,,,,,,,,,,,,,,,,,,,,,,,,,,,,,,,,,,,,,,,,,,,,,,,,,,,,,Indian_Engineering_Colleges_Dataset.csv,NIRF_2025_Scores_with_Rank.csv,Existing dataset + NIRF 2025 where conservatively matched,Not yet verified,Populate only from authoritative/current sources; do not infer missing values.
APJ Abdul Kalam Technological University,,,Kerala,India,,,,,,29000,,7.8,8.1,8.2,8.1,6.9,7.5,8.0,,APJ Abdul Kalam Technological University ,Kerala,"29,000",--,,,,,,,,,,,,,,,,,,,,,,,,,,,,,,,,,,,,,,,,,,,,,,,,,,,,,,,,,,,Indian_Engineering_Colleges_Dataset.csv,NIRF_2025_Scores_with_Rank.csv,Existing dataset + NIRF 2025 where conservatively matched,Not yet verified,Populate only from authoritative/current sources; do not infer missing values.
Federal Institute of Science and Technology,,,Kerala,India,,,,,,75100,87050,8.1,8.3,8.3,8.8,7.5,8.0,7.8,,Federal Institute of Science and Technology ,Kerala,"75,100","87,050",,,,,,,,,,,,,,,,,,,,,,,,,,,,,,,,,,,,,,,,,,,,,,,,,,,,,,,,,,,Indian_Engineering_Colleges_Dataset.csv,NIRF_2025_Scores_with_Rank.csv,Existing dataset + NIRF 2025 where conservatively matched,Not yet verified,Populate only from authoritative/current sources; do not infer missing values.
"Indian Institute of Information Technology [IIIT], Kottayam",,,Kerala,India,,,,,,198950,,8.3,8.5,8.5,8.1,8.1,8.6,8.2,,"Indian Institute of Information Technology [IIIT], Kottayam ",Kerala,"1,98,950",--,,,,,,,,,,,,,,,,,,,,,,,,,,,,,,,,,,,,,,,,,,,,,,,,,,,,,,,,,,,Indian_Engineering_Colleges_Dataset.csv,NIRF_2025_Scores_with_Rank.csv,Existing dataset + NIRF 2025 where conservatively matched,Not yet verified,Populate only from authoritative/current sources; do not infer missing values.
Government Engineering College,,,Kerala,India,,,,,,22150,10970,8.5,8.5,8.4,8.7,8.0,8.3,8.9,,Government Engineering College ,Kerala,"22,150","10,970",,,,,,,,,,,,,,,,,,,,,,,,,,,,,,,,,,,,,,,,,,,,,,,,,,,,,,,,,,,Indian_Engineering_Colleges_Dataset.csv,NIRF_2025_Scores_with_Rank.csv,Existing dataset + NIRF 2025 where conservatively matched,Not yet verified,Populate only from authoritative/current sources; do not infer missing values.
National Institute of Electronics & Information Technology,,,Kerala,India,,,,,,60000,138500,8.4,8.7,8.9,8.7,6.7,8.8,8.6,,National Institute of Electronics & Information Technology ,Kerala,"60,000","1,38,500",,,,,,,,,,,,,,,,,,,,,,,,,,,,,,,,,,,,,,,,,,,,,,,,,,,,,,,,,,,Indian_Engineering_Colleges_Dataset.csv,NIRF_2025_Scores_with_Rank.csv,Existing dataset + NIRF 2025 where conservatively matched,Not yet verified,Populate only from authoritative/current sources; do not infer missing values.
TKM College of Engineering,,,Kerala,India,,,,,,8410,16290,8.4,8.8,8.4,8.4,8.2,7.8,8.5,,TKM College of Engineering ,Kerala,"8,410","16,290",,,,,,,,,,,,,,,,,,,,,,,,,,,,,,,,,,,,,,,,,,,,,,,,,,,,,,,,,,,Indian_Engineering_Colleges_Dataset.csv,NIRF_2025_Scores_with_Rank.csv,Existing dataset + NIRF 2025 where conservatively matched,Not yet verified,Populate only from authoritative/current sources; do not infer missing values.
Amal Jyothi College of Engineering,,,Kerala,India,,,,,,100000,96000,7.6,7.9,7.9,9.0,7.0,6.9,7.0,,Amal Jyothi College of Engineering ,Kerala,"1,00,000","96,000",,,,,,,,,,,,,,,,,,,,,,,,,,,,,,,,,,,,,,,,,,,,,,,,,,,,,,,,,,,Indian_Engineering_Colleges_Dataset.csv,NIRF_2025_Scores_with_Rank.csv,Existing dataset + NIRF 2025 where conservatively matched,Not yet verified,Populate only from authoritative/current sources; do not infer missing values.
Hindustan College of Engineering,,,Kerala,India,,,,,,50000,,8.0,8.3,8.1,8.0,7.6,8.0,7.9,,Hindustan College of Engineering ,Kerala,"50,000",--,,,,,,,,,,,,,,,,,,,,,,,,,,,,,,,,,,,,,,,,,,,,,,,,,,,,,,,,,,,Indian_Engineering_Colleges_Dataset.csv,NIRF_2025_Scores_with_Rank.csv,Existing dataset + NIRF 2025 where conservatively matched,Not yet verified,Populate only from authoritative/current sources; do not infer missing values.
Marian Engineering College,,,Kerala,India,,,,,,96050,61300,7.8,8.3,8.3,8.6,7.1,7.9,6.8,,Marian Engineering College ,Kerala,"96,050","61,300",,,,,,,,,,,,,,,,,,,,,,,,,,,,,,,,,,,,,,,,,,,,,,,,,,,,,,,,,,,Indian_Engineering_Colleges_Dataset.csv,NIRF_2025_Scores_with_Rank.csv,Existing dataset + NIRF 2025 where conservatively matched,Not yet verified,Populate only from authoritative/current sources; do not infer missing values.
"Saintgits College of Engineering, Kottayam",,,Kerala,India,,,,,,75000,171900,8.3,8.4,8.6,8.8,7.9,7.8,8.1,,"Saintgits College of Engineering, Kottayam ",Kerala,"75,000","1,71,900",,,,,,,,,,,,,,,,,,,,,,,,,,,,,,,,,,,,,,,,,,,,,,,,,,,,,,,,,,,Indian_Engineering_Colleges_Dataset.csv,NIRF_2025_Scores_with_Rank.csv,Existing dataset + NIRF 2025 where conservatively matched,Not yet verified,Populate only from authoritative/current sources; do not infer missing values.
Rajiv Gandhi Institute of Technology,,,Kerala,India,,,,,,22000,22000,7.9,8.3,8.1,8.0,7.3,7.4,8.4,,Rajiv Gandhi Institute of Technology ,Kerala,"22,000","22,000",,,,,,,,,,,,,,,,,,,,,,,,,,,,,,,,,,,,,,,,,,,,,,,,,,,,,,,,,,,Indian_Engineering_Colleges_Dataset.csv,NIRF_2025_Scores_with_Rank.csv,Existing dataset + NIRF 2025 where conservatively matched,Not yet verified,Populate only from authoritative/current sources; do not infer missing values.
Mangalam College of Engineering Ettumanoor,,,Kerala,India,,,,,,75000,300000,6.9,7.0,7.4,7.6,6.4,6.4,6.6,,Mangalam College of Engineering Ettumanoor ,Kerala,"75,000","3,00,000",,,,,,,,,,,,,,,,,,,,,,,,,,,,,,,,,,,,,,,,,,,,,,,,,,,,,,,,,,,Indian_Engineering_Colleges_Dataset.csv,NIRF_2025_Scores_with_Rank.csv,Existing dataset + NIRF 2025 where conservatively matched,Not yet verified,Populate only from authoritative/current sources; do not infer missing values.
NSS College of Engineering,,,Kerala,India,,,,,,8739,11065,8.3,8.4,8.5,8.0,8.0,8.2,8.4,,NSS College of Engineering ,Kerala,"8,739","11,065",,,,,,,,,,,,,,,,,,,,,,,,,,,,,,,,,,,,,,,,,,,,,,,,,,,,,,,,,,,Indian_Engineering_Colleges_Dataset.csv,NIRF_2025_Scores_with_Rank.csv,Existing dataset + NIRF 2025 where conservatively matched,Not yet verified,Populate only from authoritative/current sources; do not infer missing values.
Sree Chitra Thirunal College of Engineering,,,Kerala,India,,,,,,62668,75041,8.0,8.6,8.3,7.5,6.0,8.3,9.0,,Sree Chitra Thirunal College of Engineering ,Kerala,"62,668","75,041",,,,,,,,,,,,,,,,,,,,,,,,,,,,,,,,,,,,,,,,,,,,,,,,,,,,,,,,,,,Indian_Engineering_Colleges_Dataset.csv,NIRF_2025_Scores_with_Rank.csv,Existing dataset + NIRF 2025 where conservatively matched,Not yet verified,Populate only from authoritative/current sources; do not infer missing values.
"Thejus Engineering College, Thrissur",,,Kerala,India,,,,,,88400,160000,8.0,8.3,8.7,7.8,7.8,7.1,8.2,,"Thejus Engineering College, Thrissur ",Kerala,"88,400","1,60,000",,,,,,,,,,,,,,,,,,,,,,,,,,,,,,,,,,,,,,,,,,,,,,,,,,,,,,,,,,,Indian_Engineering_Colleges_Dataset.csv,NIRF_2025_Scores_with_Rank.csv,Existing dataset + NIRF 2025 where conservatively matched,Not yet verified,Populate only from authoritative/current sources; do not infer missing values.
Mar Athanasius College of Engineering,,,Kerala,India,,,,,,8225,21950,8.4,8.5,8.2,8.8,8.2,8.1,8.5,,Mar Athanasius College of Engineering ,Kerala,"8,225","21,950",,,,,,,,,,,,,,,,,,,,,,,,,,,,,,,,,,,,,,,,,,,,,,,,,,,,,,,,,,,Indian_Engineering_Colleges_Dataset.csv,NIRF_2025_Scores_with_Rank.csv,Existing dataset + NIRF 2025 where conservatively matched,Not yet verified,Populate only from authoritative/current sources; do not infer missing values.
St. Thomas College of Engineering and Technology-,,,Kerala,India,,,,,,58150,,8.3,8.4,8.6,8.5,7.9,7.8,8.3,,St. Thomas College of Engineering and Technology- ,Kerala,"58,150",--,,,,,,,,,,,,,,,,,,,,,,,,,,,,,,,,,,,,,,,,,,,,,,,,,,,,,,,,,,,Indian_Engineering_Colleges_Dataset.csv,NIRF_2025_Scores_with_Rank.csv,Existing dataset + NIRF 2025 where conservatively matched,Not yet verified,Populate only from authoritative/current sources; do not infer missing values.
"College of Engineering Thalassery, Kannur",,,Kerala,India,,,,,,38250,,7.2,7.8,7.8,7.5,6.3,6.6,7.3,,"College of Engineering Thalassery, Kannur ",Kerala,"38,250",--,,,,,,,,,,,,,,,,,,,,,,,,,,,,,,,,,,,,,,,,,,,,,,,,,,,,,,,,,,,Indian_Engineering_Colleges_Dataset.csv,NIRF_2025_Scores_with_Rank.csv,Existing dataset + NIRF 2025 where conservatively matched,Not yet verified,Populate only from authoritative/current sources; do not infer missing values.
"KMCT College of Engineering, Kozhikode",,,Kerala,India,,,,,,75000,,7.3,7.5,7.2,7.8,7.7,5.7,7.6,,"KMCT College of Engineering, Kozhikode ",Kerala,"75,000",--,,,,,,,,,,,,,,,,,,,,,,,,,,,,,,,,,,,,,,,,,,,,,,,,,,,,,,,,,,,Indian_Engineering_Colleges_Dataset.csv,NIRF_2025_Scores_with_Rank.csv,Existing dataset + NIRF 2025 where conservatively matched,Not yet verified,Populate only from authoritative/current sources; do not infer missing values.
"MEA Engineering College- [MEAEC], Malappuram",,,Kerala,India,,,,,,75000,60000,8.2,8.1,8.3,8.7,8.6,6.6,8.7,,"MEA Engineering College- [MEAEC], Malappuram ",Kerala,"75,000","60,000",,,,,,,,,,,,,,,,,,,,,,,,,,,,,,,,,,,,,,,,,,,,,,,,,,,,,,,,,,,Indian_Engineering_Colleges_Dataset.csv,NIRF_2025_Scores_with_Rank.csv,Existing dataset + NIRF 2025 where conservatively matched,Not yet verified,Populate only from authoritative/current sources; do not infer missing values.
Rajagiri School of Engineering & Technology,,,Kerala,India,,,,,,87000,77000,8.2,8.4,8.2,9.0,8.0,8.6,6.9,,Rajagiri School of Engineering & Technology ,Kerala,"87,000","77,000",,,,,,,,,,,,,,,,,,,,,,,,,,,,,,,,,,,,,,,,,,,,,,,,,,,,,,,,,,,Indian_Engineering_Colleges_Dataset.csv,NIRF_2025_Scores_with_Rank.csv,Existing dataset + NIRF 2025 where conservatively matched,Not yet verified,Populate only from authoritative/current sources; do not infer missing values.
Sahrdaya College of Engineering,,,Kerala,India,,,,,,35000,77000,7.1,7.5,7.3,8.1,6.8,6.6,6.5,,Sahrdaya College of Engineering ,Kerala,"35,000","77,000",,,,,,,,,,,,,,,,,,,,,,,,,,,,,,,,,,,,,,,,,,,,,,,,,,,,,,,,,,,Indian_Engineering_Colleges_Dataset.csv,NIRF_2025_Scores_with_Rank.csv,Existing dataset + NIRF 2025 where conservatively matched,Not yet verified,Populate only from authoritative/current sources; do not infer missing values.
"Trinity College of Engineering, Trivendrum",,,Kerala,India,,,,,,75000,,6.8,7.6,7.3,6.7,6.4,6.1,6.5,,"Trinity College of Engineering, Trivendrum ",Kerala,"75,000",--,,,,,,,,,,,,,,,,,,,,,,,,,,,,,,,,,,,,,,,,,,,,,,,,,,,,,,,,,,,Indian_Engineering_Colleges_Dataset.csv,NIRF_2025_Scores_with_Rank.csv,Existing dataset + NIRF 2025 where conservatively matched,Not yet verified,Populate only from authoritative/current sources; do not infer missing values.
Birla Institute of Technology and Science,,,Rajasthan,India,,,,,,445475,445475,8.9,8.8,8.8,9.0,8.2,9.0,9.3,,Birla Institute of Technology and Science ,Rajasthan,"4,45,475","4,45,475",,,,,,,,,,,,,,,,,,,,,,,,,,,,,,,,,,,,,,,,,,,,,,,,,,,,,,,,,,,Indian_Engineering_Colleges_Dataset.csv,NIRF_2025_Scores_with_Rank.csv,Existing dataset + NIRF 2025 where conservatively matched,Not yet verified,Populate only from authoritative/current sources; do not infer missing values.
Indian Institute of Technology,,,Rajasthan,India,,,,,,70433,71500,8.2,8.0,8.2,8.2,7.9,8.0,8.7,,Indian Institute of Technology ,Rajasthan,"70,433","71,500",,,,,,,,,,,,,,,,,,,,,,,,,,,,,,,,,,,,,,,,,,,,,,,,,,,,,,,,,,,Indian_Engineering_Colleges_Dataset.csv,NIRF_2025_Scores_with_Rank.csv,Existing dataset + NIRF 2025 where conservatively matched,Not yet verified,Populate only from authoritative/current sources; do not infer missing values.
Malaviya National Institute of Technology,,,Rajasthan,India,,,,,,94333,122665,8.2,8.2,8.0,8.7,7.4,8.2,8.5,42,Malaviya National Institute of Technology ,Rajasthan,"94,333","1,22,665",15.39,23.74,15.26,14.9,23.16,22.58,2.25,3.85,31.5,14.98,15.45,8.3,,,,,,,,,,,,,,,,,,,,,,,,,,,,,,,,,,,,,,,,,,,,,,,Indian_Engineering_Colleges_Dataset.csv,NIRF_2025_Scores_with_Rank.csv,Existing dataset + NIRF 2025 where conservatively matched,Not yet verified,Populate only from authoritative/current sources; do not infer missing values.
"Singhania University, Jhunjhunu",,,Rajasthan,India,,,,,,42000,42000,7.1,7.1,7.1,7.1,6.7,7.0,7.3,,"Singhania University, Jhunjhunu ",Rajasthan,"42,000","42,000",,,,,,,,,,,,,,,,,,,,,,,,,,,,,,,,,,,,,,,,,,,,,,,,,,,,,,,,,,,Indian_Engineering_Colleges_Dataset.csv,NIRF_2025_Scores_with_Rank.csv,Existing dataset + NIRF 2025 where conservatively matched,Not yet verified,Populate only from authoritative/current sources; do not infer missing values.
Jaipur National University,,,Rajasthan,India,,,,,,114000,37600,7.5,7.9,7.7,7.8,7.0,6.7,7.6,,Jaipur National University ,Rajasthan,"1,14,000","37,600",,,,,,,,,,,,,,,,,,,,,,,,,,,,,,,,,,,,,,,,,,,,,,,,,,,,,,,,,,,Indian_Engineering_Colleges_Dataset.csv,NIRF_2025_Scores_with_Rank.csv,Existing dataset + NIRF 2025 where conservatively matched,Not yet verified,Populate only from authoritative/current sources; do not infer missing values.
Manipal University,,,Rajasthan,India,,,,,,319000,36000,8.4,8.2,8.2,9.2,8.3,7.7,9.0,,Manipal University ,Rajasthan,"3,19,000","36,000",,,,,,,,,,,,,,,,,,,,,,,,,,,,,,,,,,,,,,,,,,,,,,,,,,,,,,,,,,,Indian_Engineering_Colleges_Dataset.csv,NIRF_2025_Scores_with_Rank.csv,Existing dataset + NIRF 2025 where conservatively matched,Not yet verified,Populate only from authoritative/current sources; do not infer missing values.
JECRC University,,,Rajasthan,India,,,,,,185000,30000,8.1,8.1,8.2,8.2,7.4,8.1,8.7,,JECRC University ,Rajasthan,"1,85,000","30,000",,,,,,,,,,,,,,,,,,,,,,,,,,,,,,,,,,,,,,,,,,,,,,,,,,,,,,,,,,,Indian_Engineering_Colleges_Dataset.csv,NIRF_2025_Scores_with_Rank.csv,Existing dataset + NIRF 2025 where conservatively matched,Not yet verified,Populate only from authoritative/current sources; do not infer missing values.
SunRise University,,,Rajasthan,India,,,,,,72200,32200,8.1,8.1,8.7,8.1,7.3,7.9,8.4,,SunRise University ,Rajasthan,"72,200","32,200",,,,,,,,,,,,,,,,,,,,,,,,,,,,,,,,,,,,,,,,,,,,,,,,,,,,,,,,,,,Indian_Engineering_Colleges_Dataset.csv,NIRF_2025_Scores_with_Rank.csv,Existing dataset + NIRF 2025 where conservatively matched,Not yet verified,Populate only from authoritative/current sources; do not infer missing values.
"OPJS University, Churu",,,Rajasthan,India,,,,,,71200,76200,7.2,7.1,7.6,7.7,7.6,6.3,6.8,,"OPJS University, Churu ",Rajasthan,"71,200","76,200",,,,,,,,,,,,,,,,,,,,,,,,,,,,,,,,,,,,,,,,,,,,,,,,,,,,,,,,,,,Indian_Engineering_Colleges_Dataset.csv,NIRF_2025_Scores_with_Rank.csv,Existing dataset + NIRF 2025 where conservatively matched,Not yet verified,Populate only from authoritative/current sources; do not infer missing values.
"Banasthali Vidyapith, Jaipur",,,Rajasthan,India,,,,,,203500,161500,8.5,8.8,8.9,8.6,8.2,7.9,8.8,,"Banasthali Vidyapith, Jaipur ",Rajasthan,"2,03,500","1,61,500",,,,,,,,,,,,,,,,,,,,,,,,,,,,,,,,,,,,,,,,,,,,,,,,,,,,,,,,,,,Indian_Engineering_Colleges_Dataset.csv,NIRF_2025_Scores_with_Rank.csv,Existing dataset + NIRF 2025 where conservatively matched,Not yet verified,Populate only from authoritative/current sources; do not infer missing values.
"Amity University, Jaipur",,,Rajasthan,India,,,,,,180000,148000,8.0,7.8,7.8,8.9,7.6,7.4,8.7,,"Amity University, Jaipur ",Rajasthan,"1,80,000","1,48,000",,,,,,,,,,,,,,,,,,,,,,,,,,,,,,,,,,,,,,,,,,,,,,,,,,,,,,,,,,,Indian_Engineering_Colleges_Dataset.csv,NIRF_2025_Scores_with_Rank.csv,Existing dataset + NIRF 2025 where conservatively matched,Not yet verified,Populate only from authoritative/current sources; do not infer missing values.
Suresh Gyan Vihar University,,,Rajasthan,India,,,,,,140000,42000,7.5,7.8,7.5,8.8,6.7,6.3,8.0,,Suresh Gyan Vihar University ,Rajasthan,"1,40,000","42,000",,,,,,,,,,,,,,,,,,,,,,,,,,,,,,,,,,,,,,,,,,,,,,,,,,,,,,,,,,,Indian_Engineering_Colleges_Dataset.csv,NIRF_2025_Scores_with_Rank.csv,Existing dataset + NIRF 2025 where conservatively matched,Not yet verified,Populate only from authoritative/current sources; do not infer missing values.
IIS (Deemed to be University),,,Rajasthan,India,,,,,,99300,25500,8.3,8.6,8.6,8.0,8.5,7.9,8.4,,IIS (Deemed to be University) ,Rajasthan,"99,300","25,500",,,,,,,,,,,,,,,,,,,,,,,,,,,,,,,,,,,,,,,,,,,,,,,,,,,,,,,,,,,Indian_Engineering_Colleges_Dataset.csv,NIRF_2025_Scores_with_Rank.csv,Existing dataset + NIRF 2025 where conservatively matched,Not yet verified,Populate only from authoritative/current sources; do not infer missing values.
Madhav University,,,Rajasthan,India,,,,,,70000,13000,7.8,7.9,8.2,7.9,7.5,7.3,7.8,,Madhav University ,Rajasthan,"70,000","13,000",,,,,,,,,,,,,,,,,,,,,,,,,,,,,,,,,,,,,,,,,,,,,,,,,,,,,,,,,,,Indian_Engineering_Colleges_Dataset.csv,NIRF_2025_Scores_with_Rank.csv,Existing dataset + NIRF 2025 where conservatively matched,Not yet verified,Populate only from authoritative/current sources; do not infer missing values.
"Jagannath University, Jaipur",,,Rajasthan,India,,,,,,114000,180000,7.3,7.1,7.9,7.7,6.7,6.9,7.4,,"Jagannath University, Jaipur ",Rajasthan,"1,14,000","1,80,000",,,,,,,,,,,,,,,,,,,,,,,,,,,,,,,,,,,,,,,,,,,,,,,,,,,,,,,,,,,Indian_Engineering_Colleges_Dataset.csv,NIRF_2025_Scores_with_Rank.csv,Existing dataset + NIRF 2025 where conservatively matched,Not yet verified,Populate only from authoritative/current sources; do not infer missing values.
Indian Institute of Information Technology,,,Rajasthan,India,,,,,,230925,,7.6,7.9,6.6,7.8,7.1,8.0,7.9,,Indian Institute of Information Technology ,Rajasthan,"2,30,925",--,,,,,,,,,,,,,,,,,,,,,,,,,,,,,,,,,,,,,,,,,,,,,,,,,,,,,,,,,,,Indian_Engineering_Colleges_Dataset.csv,NIRF_2025_Scores_with_Rank.csv,Existing dataset + NIRF 2025 where conservatively matched,Not yet verified,Populate only from authoritative/current sources; do not infer missing values.
"Tantia University, Sriganganagar",,,Rajasthan,India,,,,,,30000,,8.6,8.8,9.3,8.8,8.4,7.1,9.1,,"Tantia University, Sriganganagar ",Rajasthan,"30,000",--,,,,,,,,,,,,,,,,,,,,,,,,,,,,,,,,,,,,,,,,,,,,,,,,,,,,,,,,,,,Indian_Engineering_Colleges_Dataset.csv,NIRF_2025_Scores_with_Rank.csv,Existing dataset + NIRF 2025 where conservatively matched,Not yet verified,Populate only from authoritative/current sources; do not infer missing values.
"Pacific University, Udaipur",,,Rajasthan,India,,,,,,80000,80000,7.7,7.8,8.1,7.8,7.3,7.2,8.0,,"Pacific University, Udaipur ",Rajasthan,"80,000","80,000",,,,,,,,,,,,,,,,,,,,,,,,,,,,,,,,,,,,,,,,,,,,,,,,,,,,,,,,,,,Indian_Engineering_Colleges_Dataset.csv,NIRF_2025_Scores_with_Rank.csv,Existing dataset + NIRF 2025 where conservatively matched,Not yet verified,Populate only from authoritative/current sources; do not infer missing values.
"Swami Keshvanand Institute of Technology, Management and",,,Rajasthan,India,,,,,,98900,84500,7.8,8.3,8.1,8.1,6.8,8.0,7.5,,"Swami Keshvanand Institute of Technology, Management and ",Rajasthan,"98,900","84,500",,,,,,,,,,,,,,,,,,,,,,,,,,,,,,,,,,,,,,,,,,,,,,,,,,,,,,,,,,,Indian_Engineering_Colleges_Dataset.csv,NIRF_2025_Scores_with_Rank.csv,Existing dataset + NIRF 2025 where conservatively matched,Not yet verified,Populate only from authoritative/current sources; do not infer missing values.
Maharana Pratap University of Agriculture and Technology,,,Rajasthan,India,,,,,,87800,86000,8.0,8.2,8.0,8.1,8.0,7.9,7.8,,Maharana Pratap University of Agriculture and Technology ,Rajasthan,"87,800","86,000",,,,,,,,,,,,,,,,,,,,,,,,,,,,,,,,,,,,,,,,,,,,,,,,,,,,,,,,,,,Indian_Engineering_Colleges_Dataset.csv,NIRF_2025_Scores_with_Rank.csv,Existing dataset + NIRF 2025 where conservatively matched,Not yet verified,Populate only from authoritative/current sources; do not infer missing values.
"Poornima College of Engineering, Jaipur",,,Rajasthan,India,,,,,,170000,178000,7.5,7.9,7.6,7.2,7.4,7.6,7.4,,"Poornima College of Engineering, Jaipur ",Rajasthan,"1,70,000","1,78,000",,,,,,,,,,,,,,,,,,,,,,,,,,,,,,,,,,,,,,,,,,,,,,,,,,,,,,,,,,,Indian_Engineering_Colleges_Dataset.csv,NIRF_2025_Scores_with_Rank.csv,Existing dataset + NIRF 2025 where conservatively matched,Not yet verified,Populate only from authoritative/current sources; do not infer missing values.
"Shridhar University, Pilani",,,Rajasthan,India,,,,,,99300,61300,6.7,6.2,6.5,6.5,6.6,7.3,6.8,,"Shridhar University, Pilani ",Rajasthan,"99,300","61,300",,,,,,,,,,,,,,,,,,,,,,,,,,,,,,,,,,,,,,,,,,,,,,,,,,,,,,,,,,,Indian_Engineering_Colleges_Dataset.csv,NIRF_2025_Scores_with_Rank.csv,Existing dataset + NIRF 2025 where conservatively matched,Not yet verified,Populate only from authoritative/current sources; do not infer missing values.
"Jaipur Engineering College and Research Centre, Jaipur",,,Rajasthan,India,,,,,,92000,,7.7,7.9,7.5,7.3,6.6,8.1,8.5,,"Jaipur Engineering College and Research Centre, Jaipur ",Rajasthan,"92,000",--,,,,,,,,,,,,,,,,,,,,,,,,,,,,,,,,,,,,,,,,,,,,,,,,,,,,,,,,,,,Indian_Engineering_Colleges_Dataset.csv,NIRF_2025_Scores_with_Rank.csv,Existing dataset + NIRF 2025 where conservatively matched,Not yet verified,Populate only from authoritative/current sources; do not infer missing values.
Birla Institute of Technology,,,Rajasthan,India,,,,,,1157000,,7.2,8.1,8.1,6.9,5.4,7.8,7.1,51,Birla Institute of Technology ,Rajasthan,"11,57,000",--,13.45,30.0,17.05,15.72,18.52,18.59,1.0,2.1,30.39,15.0,15.06,5.58,,,,,,,,,,,,,,,,,,,,,,,,,,,,,,,,,,,,,,,,,,,,,,,Indian_Engineering_Colleges_Dataset.csv,NIRF_2025_Scores_with_Rank.csv,Existing dataset + NIRF 2025 where conservatively matched,Not yet verified,Populate only from authoritative/current sources; do not infer missing values.
Institute of Advanced Studies in Education,,,Rajasthan,India,,,,,,79400,64000,8.2,8.9,8.3,8.4,8.0,7.5,7.9,,Institute of Advanced Studies in Education ,Rajasthan,"79,400","64,000",,,,,,,,,,,,,,,,,,,,,,,,,,,,,,,,,,,,,,,,,,,,,,,,,,,,,,,,,,,Indian_Engineering_Colleges_Dataset.csv,NIRF_2025_Scores_with_Rank.csv,Existing dataset + NIRF 2025 where conservatively matched,Not yet verified,Populate only from authoritative/current sources; do not infer missing values.
National Institute of Technology,,,Haryana,India,,,,,,56716,102800,8.2,8.0,8.1,8.2,7.4,8.6,8.6,,National Institute of Technology ,Haryana,"56,716","1,02,800",,,,,,,,,,,,,,,,,,,,,,,,,,,,,,,,,,,,,,,,,,,,,,,,,,,,,,,,,,,Indian_Engineering_Colleges_Dataset.csv,NIRF_2025_Scores_with_Rank.csv,Existing dataset + NIRF 2025 where conservatively matched,Not yet verified,Populate only from authoritative/current sources; do not infer missing values.
Panjab University,,,Haryana,India,,,,,,96300,27500,7.7,8.2,8.0,7.7,7.7,6.5,8.2,93,Panjab University ,Haryana,"96,300","27,500",11.22,17.69,10.31,8.36,19.64,20.2,125.0,3.37,27.72,12.61,13.1,3.36,,,,,,,,,,,,,,,,,,,,,,,,,,,,,,,,,,,,,,,,,,,,,,,Indian_Engineering_Colleges_Dataset.csv,NIRF_2025_Scores_with_Rank.csv,Existing dataset + NIRF 2025 where conservatively matched,Not yet verified,Populate only from authoritative/current sources; do not infer missing values.
Punjab Engineering College University of Technology,,,Haryana,India,,,,,,96750,93500,8.0,7.9,7.6,7.7,7.3,8.4,9.0,,Punjab Engineering College University of Technology ,Haryana,"96,750","93,500",,,,,,,,,,,,,,,,,,,,,,,,,,,,,,,,,,,,,,,,,,,,,,,,,,,,,,,,,,,Indian_Engineering_Colleges_Dataset.csv,NIRF_2025_Scores_with_Rank.csv,Existing dataset + NIRF 2025 where conservatively matched,Not yet verified,Populate only from authoritative/current sources; do not infer missing values.
National Institute of Food Technology Entrepreneurship and,,,Haryana,India,,,,,,171550,152950,8.1,8.5,6.9,9.4,7.1,8.5,7.9,,National Institute of Food Technology Entrepreneurship and ,Haryana,"1,71,550","1,52,950",,,,,,,,,,,,,,,,,,,,,,,,,,,,,,,,,,,,,,,,,,,,,,,,,,,,,,,,,,,Indian_Engineering_Colleges_Dataset.csv,NIRF_2025_Scores_with_Rank.csv,Existing dataset + NIRF 2025 where conservatively matched,Not yet verified,Populate only from authoritative/current sources; do not infer missing values.
"University Institute of Engineering, Chandigarh University",,,Haryana,India,,,,,,160000,80000,8.4,8.6,8.1,8.7,7.9,8.7,8.3,,"University Institute of Engineering, Chandigarh University ",Haryana,"1,60,000","80,000",,,,,,,,,,,,,,,,,,,,,,,,,,,,,,,,,,,,,,,,,,,,,,,,,,,,,,,,,,,Indian_Engineering_Colleges_Dataset.csv,NIRF_2025_Scores_with_Rank.csv,Existing dataset + NIRF 2025 where conservatively matched,Not yet verified,Populate only from authoritative/current sources; do not infer missing values.
"School of Engineering and Technology, NCU",,,Haryana,India,,,,,,260000,82000,9.0,9.0,,9.0,,,,,"School of Engineering and Technology, NCU ",Haryana,"2,60,000","82,000",,,,,,,,,,,,,,,,,,,,,,,,,,,,,,,,,,,,,,,,,,,,,,,,,,,,,,,,,,,Indian_Engineering_Colleges_Dataset.csv,NIRF_2025_Scores_with_Rank.csv,Existing dataset + NIRF 2025 where conservatively matched,Not yet verified,Populate only from authoritative/current sources; do not infer missing values.
J.C. Bose University Of Science And Technology,,,Haryana,India,,,,,,83625,83625,7.3,7.7,7.4,6.6,6.5,7.7,7.6,,"J.C. Bose University Of Science And Technology, ",Haryana,"83,625","83,625",,,,,,,,,,,,,,,,,,,,,,,,,,,,,,,,,,,,,,,,,,,,,,,,,,,,,,,,,,,Indian_Engineering_Colleges_Dataset.csv,NIRF_2025_Scores_with_Rank.csv,Existing dataset + NIRF 2025 where conservatively matched,Not yet verified,Populate only from authoritative/current sources; do not infer missing values.
Manav Rachna International Institute Of Research And,,,Haryana,India,,,,,,181500,116000,7.2,7.1,6.5,8.4,6.7,6.5,7.8,,Manav Rachna International Institute Of Research And ,Haryana,"1,81,500","1,16,000",,,,,,,,,,,,,,,,,,,,,,,,,,,,,,,,,,,,,,,,,,,,,,,,,,,,,,,,,,,Indian_Engineering_Colleges_Dataset.csv,NIRF_2025_Scores_with_Rank.csv,Existing dataset + NIRF 2025 where conservatively matched,Not yet verified,Populate only from authoritative/current sources; do not infer missing values.
Manav Rachna International Institute of Research and,,,Haryana,India,,,,,,181500,165000,7.5,7.4,7.5,8.3,7.3,6.6,7.6,,Manav Rachna International Institute of Research and ,Haryana,"1,81,500","1,65,000",,,,,,,,,,,,,,,,,,,,,,,,,,,,,,,,,,,,,,,,,,,,,,,,,,,,,,,,,,,Indian_Engineering_Colleges_Dataset.csv,NIRF_2025_Scores_with_Rank.csv,Existing dataset + NIRF 2025 where conservatively matched,Not yet verified,Populate only from authoritative/current sources; do not infer missing values.
"Gurugram University, Gurgaon",,,Haryana,India,,,,,,40000,,8.2,8.6,8.4,8.6,7.4,8.0,8.1,,"Gurugram University, Gurgaon ",Haryana,"40,000",--,,,,,,,,,,,,,,,,,,,,,,,,,,,,,,,,,,,,,,,,,,,,,,,,,,,,,,,,,,,Indian_Engineering_Colleges_Dataset.csv,NIRF_2025_Scores_with_Rank.csv,Existing dataset + NIRF 2025 where conservatively matched,Not yet verified,Populate only from authoritative/current sources; do not infer missing values.
"PDM University, Bahadurgarh, Bahadurgarh",,,Haryana,India,,,,,,100200,41200,7.4,7.1,7.4,7.5,7.6,7.1,7.7,,"PDM University, Bahadurgarh, Bahadurgarh ",Haryana,"1,00,200","41,200",,,,,,,,,,,,,,,,,,,,,,,,,,,,,,,,,,,,,,,,,,,,,,,,,,,,,,,,,,,Indian_Engineering_Colleges_Dataset.csv,NIRF_2025_Scores_with_Rank.csv,Existing dataset + NIRF 2025 where conservatively matched,Not yet verified,Populate only from authoritative/current sources; do not infer missing values.
"Amity University, Gurgaon",,,Haryana,India,,,,,,230000,156000,7.7,7.8,7.6,8.6,7.1,7.1,8.1,,"Amity University, Gurgaon ",Haryana,"2,30,000","1,56,000",,,,,,,,,,,,,,,,,,,,,,,,,,,,,,,,,,,,,,,,,,,,,,,,,,,,,,,,,,,Indian_Engineering_Colleges_Dataset.csv,NIRF_2025_Scores_with_Rank.csv,Existing dataset + NIRF 2025 where conservatively matched,Not yet verified,Populate only from authoritative/current sources; do not infer missing values.
National Institute of Technical Teachers Training and,,,Haryana,India,,,,,,44696,24500,7.7,7.7,8.6,7.7,6.7,7.7,8.0,,National Institute of Technical Teachers Training and ,Haryana,"44,696","24,500",,,,,,,,,,,,,,,,,,,,,,,,,,,,,,,,,,,,,,,,,,,,,,,,,,,,,,,,,,,Indian_Engineering_Colleges_Dataset.csv,NIRF_2025_Scores_with_Rank.csv,Existing dataset + NIRF 2025 where conservatively matched,Not yet verified,Populate only from authoritative/current sources; do not infer missing values.
"IILM University, Gurgaon",,,Haryana,India,,,,,,330000,430000,8.4,8.2,8.5,8.6,7.4,8.6,8.8,,"IILM University, Gurgaon ",Haryana,"3,30,000","4,30,000",,,,,,,,,,,,,,,,,,,,,,,,,,,,,,,,,,,,,,,,,,,,,,,,,,,,,,,,,,,Indian_Engineering_Colleges_Dataset.csv,NIRF_2025_Scores_with_Rank.csv,Existing dataset + NIRF 2025 where conservatively matched,Not yet verified,Populate only from authoritative/current sources; do not infer missing values.
University Institute of Engineering and Technology -[UIET],,,Haryana,India,,,,,,82197,16160,7.4,7.5,7.4,7.0,7.5,7.0,8.2,,"University Institute of Engineering and Technology -[UIET], ",Haryana,"82,197","16,160",,,,,,,,,,,,,,,,,,,,,,,,,,,,,,,,,,,,,,,,,,,,,,,,,,,,,,,,,,,Indian_Engineering_Colleges_Dataset.csv,NIRF_2025_Scores_with_Rank.csv,Existing dataset + NIRF 2025 where conservatively matched,Not yet verified,Populate only from authoritative/current sources; do not infer missing values.
"Starex University, Gurgaon",,,Haryana,India,,,,,,80000,40000,8.8,9.1,8.7,8.6,9.1,8.5,8.7,,"Starex University, Gurgaon ",Haryana,"80,000","40,000",,,,,,,,,,,,,,,,,,,,,,,,,,,,,,,,,,,,,,,,,,,,,,,,,,,,,,,,,,,Indian_Engineering_Colleges_Dataset.csv,NIRF_2025_Scores_with_Rank.csv,Existing dataset + NIRF 2025 where conservatively matched,Not yet verified,Populate only from authoritative/current sources; do not infer missing values.
Indian Institute of Information Technology,,,Haryana,India,,,,,,157800,,8.8,9.2,8.6,8.8,8.9,9.1,8.2,,Indian Institute of Information Technology ,Haryana,"1,57,800",--,,,,,,,,,,,,,,,,,,,,,,,,,,,,,,,,,,,,,,,,,,,,,,,,,,,,,,,,,,,Indian_Engineering_Colleges_Dataset.csv,NIRF_2025_Scores_with_Rank.csv,Existing dataset + NIRF 2025 where conservatively matched,Not yet verified,Populate only from authoritative/current sources; do not infer missing values.
"SRM University Delhi NCR, Sonepat",,,Haryana,India,,,,,,272000,167250,7.8,8.0,7.9,8.1,7.5,7.6,7.9,,"SRM University Delhi NCR, Sonepat ",Haryana,"2,72,000","1,67,250",,,,,,,,,,,,,,,,,,,,,,,,,,,,,,,,,,,,,,,,,,,,,,,,,,,,,,,,,,,Indian_Engineering_Colleges_Dataset.csv,NIRF_2025_Scores_with_Rank.csv,Existing dataset + NIRF 2025 where conservatively matched,Not yet verified,Populate only from authoritative/current sources; do not infer missing values.
"Lingaya's Vidyapeeth, Faridabad",,,Haryana,India,,,,,,134500,84500,7.8,8.0,8.1,7.7,7.5,7.3,8.1,,"Lingaya's Vidyapeeth, Faridabad ",Haryana,"1,34,500","84,500",,,,,,,,,,,,,,,,,,,,,,,,,,,,,,,,,,,,,,,,,,,,,,,,,,,,,,,,,,,Indian_Engineering_Colleges_Dataset.csv,NIRF_2025_Scores_with_Rank.csv,Existing dataset + NIRF 2025 where conservatively matched,Not yet verified,Populate only from authoritative/current sources; do not infer missing values.
Modern Vidya Niketan,,,Haryana,India,,,,,,135000,95000,7.0,7.2,7.7,7.0,6.4,6.8,6.8,,Modern Vidya Niketan ,Haryana,"1,35,000","95,000",,,,,,,,,,,,,,,,,,,,,,,,,,,,,,,,,,,,,,,,,,,,,,,,,,,,,,,,,,,Indian_Engineering_Colleges_Dataset.csv,NIRF_2025_Scores_with_Rank.csv,Existing dataset + NIRF 2025 where conservatively matched,Not yet verified,Populate only from authoritative/current sources; do not infer missing values.
Delhi Technical Campus,,,Haryana,India,,,,,,69500,,8.2,8.2,8.4,8.0,8.1,8.2,8.5,,Delhi Technical Campus ,Haryana,"69,500",--,,,,,,,,,,,,,,,,,,,,,,,,,,,,,,,,,,,,,,,,,,,,,,,,,,,,,,,,,,,Indian_Engineering_Colleges_Dataset.csv,NIRF_2025_Scores_with_Rank.csv,Existing dataset + NIRF 2025 where conservatively matched,Not yet verified,Populate only from authoritative/current sources; do not infer missing values.
Chandigarh College of Engineering and Technology,,,Haryana,India,,,,,,64240,,6.9,7.2,7.1,6.9,6.4,6.5,7.3,,Chandigarh College of Engineering and Technology ,Haryana,"64,240",--,,,,,,,,,,,,,,,,,,,,,,,,,,,,,,,,,,,,,,,,,,,,,,,,,,,,,,,,,,,Indian_Engineering_Colleges_Dataset.csv,NIRF_2025_Scores_with_Rank.csv,Existing dataset + NIRF 2025 where conservatively matched,Not yet verified,Populate only from authoritative/current sources; do not infer missing values.
Manav Rachna University,,,Haryana,India,,,,,,244000,116000,7.8,7.6,7.7,8.8,7.5,7.3,7.9,,Manav Rachna University ,Haryana,"2,44,000","1,16,000",,,,,,,,,,,,,,,,,,,,,,,,,,,,,,,,,,,,,,,,,,,,,,,,,,,,,,,,,,,Indian_Engineering_Colleges_Dataset.csv,NIRF_2025_Scores_with_Rank.csv,Existing dataset + NIRF 2025 where conservatively matched,Not yet verified,Populate only from authoritative/current sources; do not infer missing values.
Seth Jai Parkash Mukand Lal Institute of,,,Haryana,India,,,,,,89090,,7.3,7.5,7.2,7.4,7.2,6.8,7.4,,Seth Jai Parkash Mukand Lal Institute of ,Haryana,"89,090",--,,,,,,,,,,,,,,,,,,,,,,,,,,,,,,,,,,,,,,,,,,,,,,,,,,,,,,,,,,,Indian_Engineering_Colleges_Dataset.csv,NIRF_2025_Scores_with_Rank.csv,Existing dataset + NIRF 2025 where conservatively matched,Not yet verified,Populate only from authoritative/current sources; do not infer missing values.
"Sushant University / Ansal University, Gurgaon",,,Haryana,India,,,,,,241120,137120,7.8,8.0,7.9,8.4,8.0,7.0,7.5,,"Sushant University / Ansal University, Gurgaon ",Haryana,"2,41,120","1,37,120",,,,,,,,,,,,,,,,,,,,,,,,,,,,,,,,,,,,,,,,,,,,,,,,,,,,,,,,,,,Indian_Engineering_Colleges_Dataset.csv,NIRF_2025_Scores_with_Rank.csv,Existing dataset + NIRF 2025 where conservatively matched,Not yet verified,Populate only from authoritative/current sources; do not infer missing values.
"University Institute of Engineering and Technology, Maharshi",,,Haryana,India,,,,,,74288,84288,7.2,7.1,6.6,8.6,7.5,5.7,7.7,,"University Institute of Engineering and Technology, Maharshi ",Haryana,"74,288","84,288",,,,,,,,,,,,,,,,,,,,,,,,,,,,,,,,,,,,,,,,,,,,,,,,,,,,,,,,,,,Indian_Engineering_Colleges_Dataset.csv,NIRF_2025_Scores_with_Rank.csv,Existing dataset + NIRF 2025 where conservatively matched,Not yet verified,Populate only from authoritative/current sources; do not infer missing values.
St. Andrews Institute of Technology and Management,,,Haryana,India,,,,,,92000,,8.7,8.8,8.7,9.0,8.6,8.6,8.6,,St. Andrews Institute of Technology and Management ,Haryana,"92,000",--,,,,,,,,,,,,,,,,,,,,,,,,,,,,,,,,,,,,,,,,,,,,,,,,,,,,,,,,,,,Indian_Engineering_Colleges_Dataset.csv,NIRF_2025_Scores_with_Rank.csv,Existing dataset + NIRF 2025 where conservatively matched,Not yet verified,Populate only from authoritative/current sources; do not infer missing values.
Indian Institute of Technology,,,Gujarat,India,,,,,,258500,200000,8.4,8.3,8.8,9.1,8.4,7.2,8.8,,Indian Institute of Technology ,Gujarat,"2,58,500","2,00,000",,,,,,,,,,,,,,,,,,,,,,,,,,,,,,,,,,,,,,,,,,,,,,,,,,,,,,,,,,,Indian_Engineering_Colleges_Dataset.csv,NIRF_2025_Scores_with_Rank.csv,Existing dataset + NIRF 2025 where conservatively matched,Not yet verified,Populate only from authoritative/current sources; do not infer missing values.
Sardar Vallabhbhai National Institute of Technology,,,Gujarat,India,,,,,,150000,95000,8.0,7.9,7.6,8.2,7.8,7.9,8.4,66,Sardar Vallabhbhai National Institute of Technology ,Gujarat,"1,50,000","95,000",13.2,20.86,13.09,15.27,18.57,17.71,425.0,2.45,2744.0,14.79,14.28,614.0,,,,,,,,,,,,,,,,,,,,,,,,,,,,,,,,,,,,,,,,,,,,,,,Indian_Engineering_Colleges_Dataset.csv,NIRF_2025_Scores_with_Rank.csv,Existing dataset + NIRF 2025 where conservatively matched,Not yet verified,Populate only from authoritative/current sources; do not infer missing values.
Dhirubhai Ambani Institute of Information and Communication,,,Gujarat,India,,,,,,154000,197000,8.7,8.8,8.4,8.7,8.0,9.2,8.8,,Dhirubhai Ambani Institute of Information and Communication ,Gujarat,"1,54,000","1,97,000",,,,,,,,,,,,,,,,,,,,,,,,,,,,,,,,,,,,,,,,,,,,,,,,,,,,,,,,,,,Indian_Engineering_Colleges_Dataset.csv,NIRF_2025_Scores_with_Rank.csv,Existing dataset + NIRF 2025 where conservatively matched,Not yet verified,Populate only from authoritative/current sources; do not infer missing values.
"Institute of Technology, Nirma University, Ahmedabad",,,Gujarat,India,,,,,,197200,264000,8.3,8.3,8.3,8.9,7.9,8.0,8.3,,"Institute of Technology, Nirma University, Ahmedabad ",Gujarat,"1,97,200","2,64,000",,,,,,,,,,,,,,,,,,,,,,,,,,,,,,,,,,,,,,,,,,,,,,,,,,,,,,,,,,,Indian_Engineering_Colleges_Dataset.csv,NIRF_2025_Scores_with_Rank.csv,Existing dataset + NIRF 2025 where conservatively matched,Not yet verified,Populate only from authoritative/current sources; do not infer missing values.
"Faculty of Technology and Engineering, Maharaja Sayajirao",,,Gujarat,India,,,,,,7640,8340,8.1,8.4,8.5,8.0,6.6,8.3,8.8,,"Faculty of Technology and Engineering, Maharaja Sayajirao ",Gujarat,"7,640","8,340",,,,,,,,,,,,,,,,,,,,,,,,,,,,,,,,,,,,,,,,,,,,,,,,,,,,,,,,,,,Indian_Engineering_Colleges_Dataset.csv,NIRF_2025_Scores_with_Rank.csv,Existing dataset + NIRF 2025 where conservatively matched,Not yet verified,Populate only from authoritative/current sources; do not infer missing values.
Nirma University,,,Gujarat,India,,,,,,197200,265000,8.4,8.6,8.4,9.1,8.0,8.1,8.2,,Nirma University ,Gujarat,"1,97,200","2,65,000",,,,,,,,,,,,,,,,,,,,,,,,,,,,,,,,,,,,,,,,,,,,,,,,,,,,,,,,,,,Indian_Engineering_Colleges_Dataset.csv,NIRF_2025_Scores_with_Rank.csv,Existing dataset + NIRF 2025 where conservatively matched,Not yet verified,Populate only from authoritative/current sources; do not infer missing values.
Pandit Deendayal Petroleum University [PDPU] / (Energy,,,Gujarat,India,,,,,,253000,154000,8.6,8.3,8.1,9.4,8.3,8.1,9.4,,Pandit Deendayal Petroleum University [PDPU] / (Energy ,Gujarat,"2,53,000","1,54,000",,,,,,,,,,,,,,,,,,,,,,,,,,,,,,,,,,,,,,,,,,,,,,,,,,,,,,,,,,,Indian_Engineering_Colleges_Dataset.csv,NIRF_2025_Scores_with_Rank.csv,Existing dataset + NIRF 2025 where conservatively matched,Not yet verified,Populate only from authoritative/current sources; do not infer missing values.
"Pandit Deendayal Petroleum University, School of Technology",,,Gujarat,India,,,,,,253000,154000,8.6,8.4,8.1,9.4,8.3,7.9,9.3,98,"Pandit Deendayal Petroleum University, School of Technology ",Gujarat,"2,53,000","1,54,000",15.5,19.89,13.28,12.47,15.34,18.65,4.0,0.84,30.74,15.0,11.6,1.06,,,,,,,,,,,,,,,,,,,,,,,,,,,,,,,,,,,,,,,,,,,,,,,Indian_Engineering_Colleges_Dataset.csv,NIRF_2025_Scores_with_Rank.csv,Existing dataset + NIRF 2025 where conservatively matched,Not yet verified,Populate only from authoritative/current sources; do not infer missing values.
Central Institute of plastics engineering & Technology-,,,Gujarat,India,,,,,,65000,77000,7.5,7.6,7.5,7.9,6.8,7.5,7.5,,Central Institute of plastics engineering & Technology- ,Gujarat,"65,000","77,000",,,,,,,,,,,,,,,,,,,,,,,,,,,,,,,,,,,,,,,,,,,,,,,,,,,,,,,,,,,Indian_Engineering_Colleges_Dataset.csv,NIRF_2025_Scores_with_Rank.csv,Existing dataset + NIRF 2025 where conservatively matched,Not yet verified,Populate only from authoritative/current sources; do not infer missing values.
Sardar Patel University,,,Gujarat,India,,,,,,,,7.8,8.6,8.5,7.7,7.0,7.3,7.8,,Sardar Patel University ,Gujarat,--,--,,,,,,,,,,,,,,,,,,,,,,,,,,,,,,,,,,,,,,,,,,,,,,,,,,,,,,,,,,,Indian_Engineering_Colleges_Dataset.csv,NIRF_2025_Scores_with_Rank.csv,Existing dataset + NIRF 2025 where conservatively matched,Not yet verified,Populate only from authoritative/current sources; do not infer missing values.
"CEPT University, Ahmedabad",,,Gujarat,India,,,,,,198000,320000,8.2,8.6,8.4,8.3,7.7,8.1,8.0,,"CEPT University, Ahmedabad ",Gujarat,"1,98,000","3,20,000",,,,,,,,,,,,,,,,,,,,,,,,,,,,,,,,,,,,,,,,,,,,,,,,,,,,,,,,,,,Indian_Engineering_Colleges_Dataset.csv,NIRF_2025_Scores_with_Rank.csv,Existing dataset + NIRF 2025 where conservatively matched,Not yet verified,Populate only from authoritative/current sources; do not infer missing values.
Ganpat University,,,Gujarat,India,,,,,,108000,43000,8.1,8.2,8.1,8.5,7.2,7.8,8.6,,Ganpat University ,Gujarat,"1,08,000","43,000",,,,,,,,,,,,,,,,,,,,,,,,,,,,,,,,,,,,,,,,,,,,,,,,,,,,,,,,,,,Indian_Engineering_Colleges_Dataset.csv,NIRF_2025_Scores_with_Rank.csv,Existing dataset + NIRF 2025 where conservatively matched,Not yet verified,Populate only from authoritative/current sources; do not infer missing values.
"Indus University, Ahmedabad",,,Gujarat,India,,,,,,96000,126000,7.5,7.9,7.7,7.8,7.0,6.8,7.9,,"Indus University, Ahmedabad ",Gujarat,"96,000","1,26,000",,,,,,,,,,,,,,,,,,,,,,,,,,,,,,,,,,,,,,,,,,,,,,,,,,,,,,,,,,,Indian_Engineering_Colleges_Dataset.csv,NIRF_2025_Scores_with_Rank.csv,Existing dataset + NIRF 2025 where conservatively matched,Not yet verified,Populate only from authoritative/current sources; do not infer missing values.
Navrachana University,,,Gujarat,India,,,,,,114000,112000,7.7,7.7,8.2,8.0,7.4,7.2,7.8,,Navrachana University ,Gujarat,"1,14,000","1,12,000",,,,,,,,,,,,,,,,,,,,,,,,,,,,,,,,,,,,,,,,,,,,,,,,,,,,,,,,,,,Indian_Engineering_Colleges_Dataset.csv,NIRF_2025_Scores_with_Rank.csv,Existing dataset + NIRF 2025 where conservatively matched,Not yet verified,Populate only from authoritative/current sources; do not infer missing values.
Indian Institute of Information Technology Vadodara,,,Gujarat,India,,,,,,179720,106720,7.8,8.2,7.8,6.3,7.5,8.5,8.2,,Indian Institute of Information Technology Vadodara ,Gujarat,"1,79,720","1,06,720",,,,,,,,,,,,,,,,,,,,,,,,,,,,,,,,,,,,,,,,,,,,,,,,,,,,,,,,,,,Indian_Engineering_Colleges_Dataset.csv,NIRF_2025_Scores_with_Rank.csv,Existing dataset + NIRF 2025 where conservatively matched,Not yet verified,Populate only from authoritative/current sources; do not infer missing values.
"Uka Tarsadia University, Bardoli",,,Gujarat,India,,,,,,94000,44000,8.1,7.8,8.2,9.4,7.9,6.9,8.3,,"Uka Tarsadia University, Bardoli ",Gujarat,"94,000","44,000",,,,,,,,,,,,,,,,,,,,,,,,,,,,,,,,,,,,,,,,,,,,,,,,,,,,,,,,,,,Indian_Engineering_Colleges_Dataset.csv,NIRF_2025_Scores_with_Rank.csv,Existing dataset + NIRF 2025 where conservatively matched,Not yet verified,Populate only from authoritative/current sources; do not infer missing values.
"GSFC University, Vadodara",,,Gujarat,India,,,,,,121250,,8.1,8.8,8.7,8.5,6.4,7.9,8.4,,"GSFC University, Vadodara ",Gujarat,"1,21,250",--,,,,,,,,,,,,,,,,,,,,,,,,,,,,,,,,,,,,,,,,,,,,,,,,,,,,,,,,,,,Indian_Engineering_Colleges_Dataset.csv,NIRF_2025_Scores_with_Rank.csv,Existing dataset + NIRF 2025 where conservatively matched,Not yet verified,Populate only from authoritative/current sources; do not infer missing values.
"Auro University, Surat",,,Gujarat,India,,,,,,121000,,8.3,8.2,8.6,8.7,8.5,7.2,8.6,,"Auro University, Surat ",Gujarat,"1,21,000",--,,,,,,,,,,,,,,,,,,,,,,,,,,,,,,,,,,,,,,,,,,,,,,,,,,,,,,,,,,,Indian_Engineering_Colleges_Dataset.csv,NIRF_2025_Scores_with_Rank.csv,Existing dataset + NIRF 2025 where conservatively matched,Not yet verified,Populate only from authoritative/current sources; do not infer missing values.
L.D. College of Engineering,,,Gujarat,India,,,,,,2860,5730,8.1,8.4,8.2,7.9,7.3,8.5,8.5,,L.D. College of Engineering ,Gujarat,"2,860","5,730",,,,,,,,,,,,,,,,,,,,,,,,,,,,,,,,,,,,,,,,,,,,,,,,,,,,,,,,,,,Indian_Engineering_Colleges_Dataset.csv,NIRF_2025_Scores_with_Rank.csv,Existing dataset + NIRF 2025 where conservatively matched,Not yet verified,Populate only from authoritative/current sources; do not infer missing values.
RK University,,,Gujarat,India,,,,,,76500,50000,8.5,9.0,8.6,9.0,7.9,7.8,8.5,,RK University ,Gujarat,"76,500","50,000",,,,,,,,,,,,,,,,,,,,,,,,,,,,,,,,,,,,,,,,,,,,,,,,,,,,,,,,,,,Indian_Engineering_Colleges_Dataset.csv,NIRF_2025_Scores_with_Rank.csv,Existing dataset + NIRF 2025 where conservatively matched,Not yet verified,Populate only from authoritative/current sources; do not infer missing values.
Institute of Infrastructure Technology Research and Management,,,Gujarat,India,,,,,,29100,89500,7.6,8.3,8.4,7.9,7.3,6.9,6.5,,Institute of Infrastructure Technology Research and Management ,Gujarat,"29,100","89,500",,,,,,,,,,,,,,,,,,,,,,,,,,,,,,,,,,,,,,,,,,,,,,,,,,,,,,,,,,,Indian_Engineering_Colleges_Dataset.csv,NIRF_2025_Scores_with_Rank.csv,Existing dataset + NIRF 2025 where conservatively matched,Not yet verified,Populate only from authoritative/current sources; do not infer missing values.
Indian Institute of Information Technology,,,Gujarat,India,,,,,,147000,,7.9,8.4,7.8,7.5,8.5,6.5,8.4,,Indian Institute of Information Technology ,Gujarat,"1,47,000",--,,,,,,,,,,,,,,,,,,,,,,,,,,,,,,,,,,,,,,,,,,,,,,,,,,,,,,,,,,,Indian_Engineering_Colleges_Dataset.csv,NIRF_2025_Scores_with_Rank.csv,Existing dataset + NIRF 2025 where conservatively matched,Not yet verified,Populate only from authoritative/current sources; do not infer missing values.
"C. U. Shah University, Wadhwan",,,Gujarat,India,,,,,,77800,103800,7.7,7.6,8.2,7.8,7.0,7.4,7.9,,"C. U. Shah University, Wadhwan ",Gujarat,"77,800","1,03,800",,,,,,,,,,,,,,,,,,,,,,,,,,,,,,,,,,,,,,,,,,,,,,,,,,,,,,,,,,,Indian_Engineering_Colleges_Dataset.csv,NIRF_2025_Scores_with_Rank.csv,Existing dataset + NIRF 2025 where conservatively matched,Not yet verified,Populate only from authoritative/current sources; do not infer missing values.
"P.P. Savani University, Surat",,,Gujarat,India,,,,,,111500,98500,9.3,9.4,9.5,9.6,8.9,8.7,9.4,,"P.P. Savani University, Surat ",Gujarat,"1,11,500","98,500",,,,,,,,,,,,,,,,,,,,,,,,,,,,,,,,,,,,,,,,,,,,,,,,,,,,,,,,,,,Indian_Engineering_Colleges_Dataset.csv,NIRF_2025_Scores_with_Rank.csv,Existing dataset + NIRF 2025 where conservatively matched,Not yet verified,Populate only from authoritative/current sources; do not infer missing values.
Vishwakarma Government Engineering College,,,Gujarat,India,,,,,,1500,7500,7.9,8.2,8.1,8.6,7.2,7.1,8.1,,Vishwakarma Government Engineering College ,Gujarat,"1,500","7,500",,,,,,,,,,,,,,,,,,,,,,,,,,,,,,,,,,,,,,,,,,,,,,,,,,,,,,,,,,,Indian_Engineering_Colleges_Dataset.csv,NIRF_2025_Scores_with_Rank.csv,Existing dataset + NIRF 2025 where conservatively matched,Not yet verified,Populate only from authoritative/current sources; do not infer missing values.
Dharmsinh Desai University,,,Gujarat,India,,,,,,152000,140000,7.7,8.5,8.3,7.1,7.0,8.1,6.9,,Dharmsinh Desai University ,Gujarat,"1,52,000","1,40,000",,,,,,,,,,,,,,,,,,,,,,,,,,,,,,,,,,,,,,,,,,,,,,,,,,,,,,,,,,,Indian_Engineering_Colleges_Dataset.csv,NIRF_2025_Scores_with_Rank.csv,Existing dataset + NIRF 2025 where conservatively matched,Not yet verified,Populate only from authoritative/current sources; do not infer missing values.
Thapar Institute of Engineering and Technology,,,Punjab,India,,,,,,324800,200600,8.3,8.0,7.7,8.9,8.1,8.2,8.8,29,Thapar Institute of Engineering and Technology ,Punjab,"3,24,800","2,00,600",18.0,25.88,15.92,15.31,20.13,25.72,4.0,1.01,33.34,15.0,15.55,939.0,,,,,,,,,,,,,,,,,,,,,,,,,,,,,,,,,,,,,,,,,,,,,,,Indian_Engineering_Colleges_Dataset.csv,NIRF_2025_Scores_with_Rank.csv,Existing dataset + NIRF 2025 where conservatively matched,Not yet verified,Populate only from authoritative/current sources; do not infer missing values.
Indian Institute of Technology,,,Punjab,India,,,,,,219800,39970,8.5,8.5,8.2,9.1,8.1,8.4,8.9,,Indian Institute of Technology ,Punjab,"2,19,800","39,970",,,,,,,,,,,,,,,,,,,,,,,,,,,,,,,,,,,,,,,,,,,,,,,,,,,,,,,,,,,Indian_Engineering_Colleges_Dataset.csv,NIRF_2025_Scores_with_Rank.csv,Existing dataset + NIRF 2025 where conservatively matched,Not yet verified,Populate only from authoritative/current sources; do not infer missing values.
Panjab University,,,Punjab,India,,,,,,96300,27500,7.7,8.2,8.0,7.7,7.7,6.5,8.2,93,Panjab University ,Punjab,"96,300","27,500",11.22,17.69,10.31,8.36,19.64,20.2,125.0,3.37,27.72,12.61,13.1,3.36,,,,,,,,,,,,,,,,,,,,,,,,,,,,,,,,,,,,,,,,,,,,,,,Indian_Engineering_Colleges_Dataset.csv,NIRF_2025_Scores_with_Rank.csv,Existing dataset + NIRF 2025 where conservatively matched,Not yet verified,Populate only from authoritative/current sources; do not infer missing values.
Punjab Engineering College University of Technology,,,Punjab,India,,,,,,96750,93500,8.0,7.9,7.6,7.7,7.3,8.4,9.0,,Punjab Engineering College University of Technology ,Punjab,"96,750","93,500",,,,,,,,,,,,,,,,,,,,,,,,,,,,,,,,,,,,,,,,,,,,,,,,,,,,,,,,,,,Indian_Engineering_Colleges_Dataset.csv,NIRF_2025_Scores_with_Rank.csv,Existing dataset + NIRF 2025 where conservatively matched,Not yet verified,Populate only from authoritative/current sources; do not infer missing values.
I.K. Gujral Punjab Technical University,,,Punjab,India,,,,,,88750,83150,8.1,8.0,8.7,8.3,7.4,7.7,8.7,,I.K. Gujral Punjab Technical University ,Punjab,"88,750","83,150",,,,,,,,,,,,,,,,,,,,,,,,,,,,,,,,,,,,,,,,,,,,,,,,,,,,,,,,,,,Indian_Engineering_Colleges_Dataset.csv,NIRF_2025_Scores_with_Rank.csv,Existing dataset + NIRF 2025 where conservatively matched,Not yet verified,Populate only from authoritative/current sources; do not infer missing values.
Dr BR Ambedkar National Institute of Technology,,,Punjab,India,,,,,,676000,228000,7.9,8.0,7.6,8.0,7.7,8.0,8.3,,Dr BR Ambedkar National Institute of Technology ,Punjab,"6,76,000","2,28,000",,,,,,,,,,,,,,,,,,,,,,,,,,,,,,,,,,,,,,,,,,,,,,,,,,,,,,,,,,,Indian_Engineering_Colleges_Dataset.csv,NIRF_2025_Scores_with_Rank.csv,Existing dataset + NIRF 2025 where conservatively matched,Not yet verified,Populate only from authoritative/current sources; do not infer missing values.
"University Institute of Engineering, Chandigarh University",,,Punjab,India,,,,,,160000,80000,8.4,8.6,8.1,8.7,7.9,8.7,8.3,,"University Institute of Engineering, Chandigarh University ",Punjab,"1,60,000","80,000",,,,,,,,,,,,,,,,,,,,,,,,,,,,,,,,,,,,,,,,,,,,,,,,,,,,,,,,,,,Indian_Engineering_Colleges_Dataset.csv,NIRF_2025_Scores_with_Rank.csv,Existing dataset + NIRF 2025 where conservatively matched,Not yet verified,Populate only from authoritative/current sources; do not infer missing values.
Sant Longowal Institute of Engineering and Technology,,,Punjab,India,,,,,,81000,58000,7.6,7.7,7.5,8.4,7.1,6.5,8.1,79,Sant Longowal Institute of Engineering and Technology ,Punjab,"81,000","58,000",10.0,30.0,15.82,22.29,11.78,13.9,1.0,0.15,24.88,15.0,8.66,2.62,,,,,,,,,,,,,,,,,,,,,,,,,,,,,,,,,,,,,,,,,,,,,,,Indian_Engineering_Colleges_Dataset.csv,NIRF_2025_Scores_with_Rank.csv,Existing dataset + NIRF 2025 where conservatively matched,Not yet verified,Populate only from authoritative/current sources; do not infer missing values.
Chitkara University,,,Punjab,India,,,,,,666000,,8.5,8.4,8.5,8.9,7.7,8.7,8.7,89,Chitkara University ,Punjab,"6,66,000",--,13.34,16.96,10.01,10.67,17.94,20.4,11.0,0.13,21.32,15.0,12.11,3.49,,,,,,,,,,,,,,,,,,,,,,,,,,,,,,,,,,,,,,,,,,,,,,,Indian_Engineering_Colleges_Dataset.csv,NIRF_2025_Scores_with_Rank.csv,Existing dataset + NIRF 2025 where conservatively matched,Not yet verified,Populate only from authoritative/current sources; do not infer missing values.
Chandigarh Group of Colleges,,,Punjab,India,,,,,,94000,95000,8.1,8.0,8.0,8.3,7.4,8.6,8.4,,Chandigarh Group of Colleges ,Punjab,"94,000","95,000",,,,,,,,,,,,,,,,,,,,,,,,,,,,,,,,,,,,,,,,,,,,,,,,,,,,,,,,,,,Indian_Engineering_Colleges_Dataset.csv,NIRF_2025_Scores_with_Rank.csv,Existing dataset + NIRF 2025 where conservatively matched,Not yet verified,Populate only from authoritative/current sources; do not infer missing values.
"RIMT University, Gobindgarh",,,Punjab,India,,,,,,135000,76500,7.6,7.9,7.8,8.0,7.3,6.7,7.8,,"RIMT University, Gobindgarh ",Punjab,"1,35,000","76,500",,,,,,,,,,,,,,,,,,,,,,,,,,,,,,,,,,,,,,,,,,,,,,,,,,,,,,,,,,,Indian_Engineering_Colleges_Dataset.csv,NIRF_2025_Scores_with_Rank.csv,Existing dataset + NIRF 2025 where conservatively matched,Not yet verified,Populate only from authoritative/current sources; do not infer missing values.
National Institute of Technical Teachers Training and,,,Punjab,India,,,,,,44696,24500,7.7,7.7,8.6,7.7,6.7,7.7,8.0,,National Institute of Technical Teachers Training and ,Punjab,"44,696","24,500",,,,,,,,,,,,,,,,,,,,,,,,,,,,,,,,,,,,,,,,,,,,,,,,,,,,,,,,,,,Indian_Engineering_Colleges_Dataset.csv,NIRF_2025_Scores_with_Rank.csv,Existing dataset + NIRF 2025 where conservatively matched,Not yet verified,Populate only from authoritative/current sources; do not infer missing values.
"Guru Kashi University, Bathinda",,,Punjab,India,,,,,,92680,92100,7.5,7.4,8.0,7.2,7.2,7.2,7.8,,"Guru Kashi University, Bathinda ",Punjab,"92,680","92,100",,,,,,,,,,,,,,,,,,,,,,,,,,,,,,,,,,,,,,,,,,,,,,,,,,,,,,,,,,,Indian_Engineering_Colleges_Dataset.csv,NIRF_2025_Scores_with_Rank.csv,Existing dataset + NIRF 2025 where conservatively matched,Not yet verified,Populate only from authoritative/current sources; do not infer missing values.
University Institute of Engineering and Technology -[UIET],,,Punjab,India,,,,,,82197,16160,7.4,7.5,7.4,7.0,7.5,7.0,8.2,,"University Institute of Engineering and Technology -[UIET], ",Punjab,"82,197","16,160",,,,,,,,,,,,,,,,,,,,,,,,,,,,,,,,,,,,,,,,,,,,,,,,,,,,,,,,,,,Indian_Engineering_Colleges_Dataset.csv,NIRF_2025_Scores_with_Rank.csv,Existing dataset + NIRF 2025 where conservatively matched,Not yet verified,Populate only from authoritative/current sources; do not infer missing values.
"Rayat Bahra University, Mohali",,,Punjab,India,,,,,,100000,40000,7.7,7.8,8.0,7.7,7.4,7.4,7.6,,"Rayat Bahra University, Mohali ",Punjab,"1,00,000","40,000",,,,,,,,,,,,,,,,,,,,,,,,,,,,,,,,,,,,,,,,,,,,,,,,,,,,,,,,,,,Indian_Engineering_Colleges_Dataset.csv,NIRF_2025_Scores_with_Rank.csv,Existing dataset + NIRF 2025 where conservatively matched,Not yet verified,Populate only from authoritative/current sources; do not infer missing values.
"DAV University, Jalandhar",,,Punjab,India,,,,,,136000,87500,7.9,8.4,8.4,7.0,7.0,8.0,8.5,,"DAV University, Jalandhar ",Punjab,"1,36,000","87,500",,,,,,,,,,,,,,,,,,,,,,,,,,,,,,,,,,,,,,,,,,,,,,,,,,,,,,,,,,,Indian_Engineering_Colleges_Dataset.csv,NIRF_2025_Scores_with_Rank.csv,Existing dataset + NIRF 2025 where conservatively matched,Not yet verified,Populate only from authoritative/current sources; do not infer missing values.
"Plaksha, Mohali",,,Punjab,India,,,,,,690000,1270000,,,,,,,,,"Plaksha, Mohali ",Punjab,"6,90,000","12,70,000",,,,,,,,,,,,,,,,,,,,,,,,,,,,,,,,,,,,,,,,,,,,,,,,,,,,,,,,,,,Indian_Engineering_Colleges_Dataset.csv,NIRF_2025_Scores_with_Rank.csv,Existing dataset + NIRF 2025 where conservatively matched,Not yet verified,Populate only from authoritative/current sources; do not infer missing values.
Chandigarh Engineering College,,,Punjab,India,,,,,,94000,95000,7.9,7.8,7.7,8.2,7.3,8.5,8.0,,Chandigarh Engineering College ,Punjab,"94,000","95,000",,,,,,,,,,,,,,,,,,,,,,,,,,,,,,,,,,,,,,,,,,,,,,,,,,,,,,,,,,,Indian_Engineering_Colleges_Dataset.csv,NIRF_2025_Scores_with_Rank.csv,Existing dataset + NIRF 2025 where conservatively matched,Not yet verified,Populate only from authoritative/current sources; do not infer missing values.
Sant Baba Bhag Singh University,,,Punjab,India,,,,,,82500,103300,8.5,9.0,8.6,8.0,8.2,8.5,8.6,,Sant Baba Bhag Singh University ,Punjab,"82,500","1,03,300",,,,,,,,,,,,,,,,,,,,,,,,,,,,,,,,,,,,,,,,,,,,,,,,,,,,,,,,,,,Indian_Engineering_Colleges_Dataset.csv,NIRF_2025_Scores_with_Rank.csv,Existing dataset + NIRF 2025 where conservatively matched,Not yet verified,Populate only from authoritative/current sources; do not infer missing values.
Chandigarh College of Engineering and Technology,,,Punjab,India,,,,,,64240,,6.9,7.2,7.1,6.9,6.4,6.5,7.3,,Chandigarh College of Engineering and Technology ,Punjab,"64,240",--,,,,,,,,,,,,,,,,,,,,,,,,,,,,,,,,,,,,,,,,,,,,,,,,,,,,,,,,,,,Indian_Engineering_Colleges_Dataset.csv,NIRF_2025_Scores_with_Rank.csv,Existing dataset + NIRF 2025 where conservatively matched,Not yet verified,Populate only from authoritative/current sources; do not infer missing values.
"Global Institute, Amritsar",,,Punjab,India,,,,,,318000,125000,8.3,8.0,8.7,8.8,8.2,7.9,8.3,,"Global Institute, Amritsar ",Punjab,"3,18,000","1,25,000",,,,,,,,,,,,,,,,,,,,,,,,,,,,,,,,,,,,,,,,,,,,,,,,,,,,,,,,,,,Indian_Engineering_Colleges_Dataset.csv,NIRF_2025_Scores_with_Rank.csv,Existing dataset + NIRF 2025 where conservatively matched,Not yet verified,Populate only from authoritative/current sources; do not infer missing values.
"Maharaja Ranjit Singh Punjab Technical University, Bathinda",,,Punjab,India,,,,,,170600,85600,8.2,8.6,8.4,8.2,7.8,8.1,8.2,,"Maharaja Ranjit Singh Punjab Technical University, Bathinda ",Punjab,"1,70,600","85,600",,,,,,,,,,,,,,,,,,,,,,,,,,,,,,,,,,,,,,,,,,,,,,,,,,,,,,,,,,,Indian_Engineering_Colleges_Dataset.csv,NIRF_2025_Scores_with_Rank.csv,Existing dataset + NIRF 2025 where conservatively matched,Not yet verified,Populate only from authoritative/current sources; do not infer missing values.
Amritsar College of Engineering and Technology,,,Punjab,India,,,,,,403024,143623,7.4,7.3,7.6,7.7,6.7,7.3,7.7,,Amritsar College of Engineering and Technology ,Punjab,"4,03,024","1,43,623",,,,,,,,,,,,,,,,,,,,,,,,,,,,,,,,,,,,,,,,,,,,,,,,,,,,,,,,,,,Indian_Engineering_Colleges_Dataset.csv,NIRF_2025_Scores_with_Rank.csv,Existing dataset + NIRF 2025 where conservatively matched,Not yet verified,Populate only from authoritative/current sources; do not infer missing values.
Guru Nanak Dev Engineering College,,,Punjab,India,,,,,,98689,90574,7.7,7.9,7.8,7.9,7.2,7.4,7.9,,Guru Nanak Dev Engineering College ,Punjab,"98,689","90,574",,,,,,,,,,,,,,,,,,,,,,,,,,,,,,,,,,,,,,,,,,,,,,,,,,,,,,,,,,,Indian_Engineering_Colleges_Dataset.csv,NIRF_2025_Scores_with_Rank.csv,Existing dataset + NIRF 2025 where conservatively matched,Not yet verified,Populate only from authoritative/current sources; do not infer missing values.
Sri Guru Granth Sahib World University,,,Punjab,India,,,,,,104000,68000,8.8,8.6,9.0,9.1,9.0,8.4,8.7,,Sri Guru Granth Sahib World University ,Punjab,"1,04,000","68,000",,,,,,,,,,,,,,,,,,,,,,,,,,,,,,,,,,,,,,,,,,,,,,,,,,,,,,,,,,,Indian_Engineering_Colleges_Dataset.csv,NIRF_2025_Scores_with_Rank.csv,Existing dataset + NIRF 2025 where conservatively matched,Not yet verified,Populate only from authoritative/current sources; do not infer missing values.
Baba Banda Singh Bahadur Engineering College,,,Punjab,India,,,,,,90000,90000,8.1,8.3,8.6,8.8,7.6,7.0,8.0,,Baba Banda Singh Bahadur Engineering College ,Punjab,"90,000","90,000",,,,,,,,,,,,,,,,,,,,,,,,,,,,,,,,,,,,,,,,,,,,,,,,,,,,,,,,,,,Indian_Engineering_Colleges_Dataset.csv,NIRF_2025_Scores_with_Rank.csv,Existing dataset + NIRF 2025 where conservatively matched,Not yet verified,Populate only from authoritative/current sources; do not infer missing values.
Indian Institute of Technology,,,West bengal,India,,,,,,82070,231500,8.5,8.8,8.2,8.9,7.2,8.8,9.0,,Indian Institute of Technology ,West bengal,"82,070","2,31,500",,,,,,,,,,,,,,,,,,,,,,,,,,,,,,,,,,,,,,,,,,,,,,,,,,,,,,,,,,,Indian_Engineering_Colleges_Dataset.csv,NIRF_2025_Scores_with_Rank.csv,Existing dataset + NIRF 2025 where conservatively matched,Not yet verified,Populate only from authoritative/current sources; do not infer missing values.
Jadavpur University,,,West bengal,India,,,,,,2400,24000,8.4,9.0,8.5,8.1,7.6,8.4,9.0,18,Jadavpur University ,West bengal,"2,400","24,000",18.25,29.14,18.19,13.97,25.78,25.45,450.0,3.68,30.76,13.61,15.19,11.91,,,,,,,,,,,,,,,,,,,,,,,,,,,,,,,,,,,,,,,,,,,,,,,Indian_Engineering_Colleges_Dataset.csv,NIRF_2025_Scores_with_Rank.csv,Existing dataset + NIRF 2025 where conservatively matched,Not yet verified,Populate only from authoritative/current sources; do not infer missing values.
Indian Institute of Engineering Science and Technology,,,West bengal,India,,,,,,70000,81500,8.0,8.3,7.9,7.9,7.7,7.5,8.4,,Indian Institute of Engineering Science and Technology ,West bengal,"70,000","81,500",,,,,,,,,,,,,,,,,,,,,,,,,,,,,,,,,,,,,,,,,,,,,,,,,,,,,,,,,,,Indian_Engineering_Colleges_Dataset.csv,NIRF_2025_Scores_with_Rank.csv,Existing dataset + NIRF 2025 where conservatively matched,Not yet verified,Populate only from authoritative/current sources; do not infer missing values.
National Institute of Technology,,,West bengal,India,,,,,,149100,94100,7.7,8.0,7.8,7.5,6.8,7.8,8.4,,National Institute of Technology ,West bengal,"1,49,100","94,100",,,,,,,,,,,,,,,,,,,,,,,,,,,,,,,,,,,,,,,,,,,,,,,,,,,,,,,,,,,Indian_Engineering_Colleges_Dataset.csv,NIRF_2025_Scores_with_Rank.csv,Existing dataset + NIRF 2025 where conservatively matched,Not yet verified,Populate only from authoritative/current sources; do not infer missing values.
Institute of Engineering and Management,,,West bengal,India,,,,,,168400,,7.5,8.2,8.0,6.7,6.5,8.4,7.2,,Institute of Engineering and Management ,West bengal,"1,68,400",--,,,,,,,,,,,,,,,,,,,,,,,,,,,,,,,,,,,,,,,,,,,,,,,,,,,,,,,,,,,Indian_Engineering_Colleges_Dataset.csv,NIRF_2025_Scores_with_Rank.csv,Existing dataset + NIRF 2025 where conservatively matched,Not yet verified,Populate only from authoritative/current sources; do not infer missing values.
Heritage Institute of Technology,,,West bengal,India,,,,,,116200,131100,7.8,7.9,7.8,8.4,7.0,7.6,8.2,,Heritage Institute of Technology ,West bengal,"1,16,200","1,31,100",,,,,,,,,,,,,,,,,,,,,,,,,,,,,,,,,,,,,,,,,,,,,,,,,,,,,,,,,,,Indian_Engineering_Colleges_Dataset.csv,NIRF_2025_Scores_with_Rank.csv,Existing dataset + NIRF 2025 where conservatively matched,Not yet verified,Populate only from authoritative/current sources; do not infer missing values.
Maulana Abul Kalam Azad University of Technology,,,West bengal,India,,,,,,49000,81200,7.7,8.1,8.0,7.8,6.9,7.7,7.6,,Maulana Abul Kalam Azad University of Technology ,West bengal,"49,000","81,200",,,,,,,,,,,,,,,,,,,,,,,,,,,,,,,,,,,,,,,,,,,,,,,,,,,,,,,,,,,Indian_Engineering_Colleges_Dataset.csv,NIRF_2025_Scores_with_Rank.csv,Existing dataset + NIRF 2025 where conservatively matched,Not yet verified,Populate only from authoritative/current sources; do not infer missing values.
Narula Institute of Technology,,,West bengal,India,,,,,,129800,122600,8.0,8.5,8.2,8.3,7.2,7.8,8.0,,Narula Institute of Technology ,West bengal,"1,29,800","1,22,600",,,,,,,,,,,,,,,,,,,,,,,,,,,,,,,,,,,,,,,,,,,,,,,,,,,,,,,,,,,Indian_Engineering_Colleges_Dataset.csv,NIRF_2025_Scores_with_Rank.csv,Existing dataset + NIRF 2025 where conservatively matched,Not yet verified,Populate only from authoritative/current sources; do not infer missing values.
Haldia Institute of Technology,,,West bengal,India,,,,,,116350,104600,7.8,7.9,7.5,8.5,7.2,7.2,8.3,,Haldia Institute of Technology ,West bengal,"1,16,350","1,04,600",,,,,,,,,,,,,,,,,,,,,,,,,,,,,,,,,,,,,,,,,,,,,,,,,,,,,,,,,,,Indian_Engineering_Colleges_Dataset.csv,NIRF_2025_Scores_with_Rank.csv,Existing dataset + NIRF 2025 where conservatively matched,Not yet verified,Populate only from authoritative/current sources; do not infer missing values.
"Amity University, Kolkata",,,West bengal,India,,,,,,207000,158000,8.2,8.1,8.4,8.8,7.7,7.4,8.5,,"Amity University, Kolkata ",West bengal,"2,07,000","1,58,000",,,,,,,,,,,,,,,,,,,,,,,,,,,,,,,,,,,,,,,,,,,,,,,,,,,,,,,,,,,Indian_Engineering_Colleges_Dataset.csv,NIRF_2025_Scores_with_Rank.csv,Existing dataset + NIRF 2025 where conservatively matched,Not yet verified,Populate only from authoritative/current sources; do not infer missing values.
"Techno India University, Kolkata",,,West bengal,India,,,,,,89200,201000,8.0,8.2,8.2,8.1,7.4,7.8,8.4,,"Techno India University, Kolkata ",West bengal,"89,200","2,01,000",,,,,,,,,,,,,,,,,,,,,,,,,,,,,,,,,,,,,,,,,,,,,,,,,,,,,,,,,,,Indian_Engineering_Colleges_Dataset.csv,NIRF_2025_Scores_with_Rank.csv,Existing dataset + NIRF 2025 where conservatively matched,Not yet verified,Populate only from authoritative/current sources; do not infer missing values.
"Adamas University, Kolkata",,,West bengal,India,,,,,,172800,134850,8.2,8.3,8.5,9.0,7.5,7.8,7.8,,"Adamas University, Kolkata ",West bengal,"1,72,800","1,34,850",,,,,,,,,,,,,,,,,,,,,,,,,,,,,,,,,,,,,,,,,,,,,,,,,,,,,,,,,,,Indian_Engineering_Colleges_Dataset.csv,NIRF_2025_Scores_with_Rank.csv,Existing dataset + NIRF 2025 where conservatively matched,Not yet verified,Populate only from authoritative/current sources; do not infer missing values.
Sister Nivedita University,,,West bengal,India,,,,,,149500,149500,8.2,8.2,8.9,7.9,7.6,7.8,8.7,,Sister Nivedita University ,West bengal,"1,49,500","1,49,500",,,,,,,,,,,,,,,,,,,,,,,,,,,,,,,,,,,,,,,,,,,,,,,,,,,,,,,,,,,Indian_Engineering_Colleges_Dataset.csv,NIRF_2025_Scores_with_Rank.csv,Existing dataset + NIRF 2025 where conservatively matched,Not yet verified,Populate only from authoritative/current sources; do not infer missing values.
Asansol Engineering College,,,West bengal,India,,,,,,134068,108100,7.8,8.1,7.8,8.4,7.2,7.6,7.7,,Asansol Engineering College ,West bengal,"1,34,068","1,08,100",,,,,,,,,,,,,,,,,,,,,,,,,,,,,,,,,,,,,,,,,,,,,,,,,,,,,,,,,,,Indian_Engineering_Colleges_Dataset.csv,NIRF_2025_Scores_with_Rank.csv,Existing dataset + NIRF 2025 where conservatively matched,Not yet verified,Populate only from authoritative/current sources; do not infer missing values.
University of Engineering and Management,,,West bengal,India,,,,,,161200,150000,8.1,8.6,8.5,7.9,7.2,8.8,7.7,,University of Engineering and Management ,West bengal,"1,61,200","1,50,000",,,,,,,,,,,,,,,,,,,,,,,,,,,,,,,,,,,,,,,,,,,,,,,,,,,,,,,,,,,Indian_Engineering_Colleges_Dataset.csv,NIRF_2025_Scores_with_Rank.csv,Existing dataset + NIRF 2025 where conservatively matched,Not yet verified,Populate only from authoritative/current sources; do not infer missing values.
JIS College of Engineering,,,West bengal,India,,,,,,129800,122600,7.9,8.1,8.4,8.1,7.2,7.8,8.0,,JIS College of Engineering ,West bengal,"1,29,800","1,22,600",,,,,,,,,,,,,,,,,,,,,,,,,,,,,,,,,,,,,,,,,,,,,,,,,,,,,,,,,,,Indian_Engineering_Colleges_Dataset.csv,NIRF_2025_Scores_with_Rank.csv,Existing dataset + NIRF 2025 where conservatively matched,Not yet verified,Populate only from authoritative/current sources; do not infer missing values.
Kalyani Government Engineering College,,,West bengal,India,,,,,,16155,17855,7.9,8.1,8.0,7.8,7.6,7.4,8.4,,Kalyani Government Engineering College ,West bengal,"16,155","17,855",,,,,,,,,,,,,,,,,,,,,,,,,,,,,,,,,,,,,,,,,,,,,,,,,,,,,,,,,,,Indian_Engineering_Colleges_Dataset.csv,NIRF_2025_Scores_with_Rank.csv,Existing dataset + NIRF 2025 where conservatively matched,Not yet verified,Populate only from authoritative/current sources; do not infer missing values.
Indian Institute of Information Technology,,,West bengal,India,,,,,,17120,202020,6.8,7.6,7.2,6.1,6.4,7.0,6.5,,Indian Institute of Information Technology ,West bengal,"17,120","2,02,020",,,,,,,,,,,,,,,,,,,,,,,,,,,,,,,,,,,,,,,,,,,,,,,,,,,,,,,,,,,Indian_Engineering_Colleges_Dataset.csv,NIRF_2025_Scores_with_Rank.csv,Existing dataset + NIRF 2025 where conservatively matched,Not yet verified,Populate only from authoritative/current sources; do not infer missing values.
The Neotia University,,,West bengal,India,,,,,,144000,98000,8.2,8.7,8.5,8.2,7.5,7.8,8.6,,The Neotia University ,West bengal,"1,44,000","98,000",,,,,,,,,,,,,,,,,,,,,,,,,,,,,,,,,,,,,,,,,,,,,,,,,,,,,,,,,,,Indian_Engineering_Colleges_Dataset.csv,NIRF_2025_Scores_with_Rank.csv,Existing dataset + NIRF 2025 where conservatively matched,Not yet verified,Populate only from authoritative/current sources; do not infer missing values.
Bengal Institute of Technology,,,West bengal,India,,,,,,,,7.4,7.9,7.5,7.1,6.0,7.7,8.2,,Bengal Institute of Technology ,West bengal,--,--,,,,,,,,,,,,,,,,,,,,,,,,,,,,,,,,,,,,,,,,,,,,,,,,,,,,,,,,,,,Indian_Engineering_Colleges_Dataset.csv,NIRF_2025_Scores_with_Rank.csv,Existing dataset + NIRF 2025 where conservatively matched,Not yet verified,Populate only from authoritative/current sources; do not infer missing values.
Siliguri Institute of Technology,,,West bengal,India,,,,,,393000,54000,7.8,7.9,8.0,8.3,7.1,7.2,8.2,,Siliguri Institute of Technology ,West bengal,"3,93,000","54,000",,,,,,,,,,,,,,,,,,,,,,,,,,,,,,,,,,,,,,,,,,,,,,,,,,,,,,,,,,,Indian_Engineering_Colleges_Dataset.csv,NIRF_2025_Scores_with_Rank.csv,Existing dataset + NIRF 2025 where conservatively matched,Not yet verified,Populate only from authoritative/current sources; do not infer missing values.
"University Institute of Technology, University Of Burdwan",,,West bengal,India,,,,,,71200,26000,6.5,7.0,7.2,6.6,5.9,5.4,6.6,,"University Institute of Technology, University Of Burdwan ",West bengal,"71,200","26,000",,,,,,,,,,,,,,,,,,,,,,,,,,,,,,,,,,,,,,,,,,,,,,,,,,,,,,,,,,,Indian_Engineering_Colleges_Dataset.csv,NIRF_2025_Scores_with_Rank.csv,Existing dataset + NIRF 2025 where conservatively matched,Not yet verified,Populate only from authoritative/current sources; do not infer missing values.
Jalpaiguri Government Engineering College,,,West bengal,India,,,,,,14877,51916,7.8,7.8,7.8,7.4,7.9,7.3,8.8,,Jalpaiguri Government Engineering College ,West bengal,"14,877","51,916",,,,,,,,,,,,,,,,,,,,,,,,,,,,,,,,,,,,,,,,,,,,,,,,,,,,,,,,,,,Indian_Engineering_Colleges_Dataset.csv,NIRF_2025_Scores_with_Rank.csv,Existing dataset + NIRF 2025 where conservatively matched,Not yet verified,Populate only from authoritative/current sources; do not infer missing values.
"Techno India Salt Lake, Kolkata",,,West bengal,India,,,,,,483800,273000,7.5,7.9,7.8,7.5,6.0,7.6,8.3,,"Techno India Salt Lake, Kolkata ",West bengal,"4,83,800","2,73,000",,,,,,,,,,,,,,,,,,,,,,,,,,,,,,,,,,,,,,,,,,,,,,,,,,,,,,,,,,,Indian_Engineering_Colleges_Dataset.csv,NIRF_2025_Scores_with_Rank.csv,Existing dataset + NIRF 2025 where conservatively matched,Not yet verified,Populate only from authoritative/current sources; do not infer missing values.
Bengal College of Engineering and Technology,,,West bengal,India,,,,,,103600,112500,7.1,7.2,7.2,8.0,6.6,6.1,7.5,,Bengal College of Engineering and Technology ,West bengal,"1,03,600","1,12,500",,,,,,,,,,,,,,,,,,,,,,,,,,,,,,,,,,,,,,,,,,,,,,,,,,,,,,,,,,,Indian_Engineering_Colleges_Dataset.csv,NIRF_2025_Scores_with_Rank.csv,Existing dataset + NIRF 2025 where conservatively matched,Not yet verified,Populate only from authoritative/current sources; do not infer missing values.
Dr. B.C. Roy Engineering College,,,West bengal,India,,,,,,108980,119000,7.7,7.9,7.7,8.1,7.3,7.2,7.8,,Dr. B.C. Roy Engineering College ,West bengal,"1,08,980","1,19,000",,,,,,,,,,,,,,,,,,,,,,,,,,,,,,,,,,,,,,,,,,,,,,,,,,,,,,,,,,,Indian_Engineering_Colleges_Dataset.csv,NIRF_2025_Scores_with_Rank.csv,Existing dataset + NIRF 2025 where conservatively matched,Not yet verified,Populate only from authoritative/current sources; do not infer missing values.
Bengal College of Engineering,,,West bengal,India,,,,,,98500,,5.7,6.3,6.0,5.4,5.9,5.1,5.3,,Bengal College of Engineering ,West bengal,"98,500",--,,,,,,,,,,,,,,,,,,,,,,,,,,,,,,,,,,,,,,,,,,,,,,,,,,,,,,,,,,,Indian_Engineering_Colleges_Dataset.csv,NIRF_2025_Scores_with_Rank.csv,Existing dataset + NIRF 2025 where conservatively matched,Not yet verified,Populate only from authoritative/current sources; do not infer missing values.
Seacom Skills University,,,West bengal,India,,,,,,82000,80000,7.5,8.4,8.9,7.4,6.4,6.7,7.3,,Seacom Skills University ,West bengal,"82,000","80,000",,,,,,,,,,,,,,,,,,,,,,,,,,,,,,,,,,,,,,,,,,,,,,,,,,,,,,,,,,,Indian_Engineering_Colleges_Dataset.csv,NIRF_2025_Scores_with_Rank.csv,Existing dataset + NIRF 2025 where conservatively matched,Not yet verified,Populate only from authoritative/current sources; do not infer missing values.
National Institute of Technology,,,Orissa,India,,,,,,225500,160500,8.4,8.3,7.8,9.1,7.9,8.2,8.9,,National Institute of Technology ,Orissa,"2,25,500","1,60,500",,,,,,,,,,,,,,,,,,,,,,,,,,,,,,,,,,,,,,,,,,,,,,,,,,,,,,,,,,,Indian_Engineering_Colleges_Dataset.csv,NIRF_2025_Scores_with_Rank.csv,Existing dataset + NIRF 2025 where conservatively matched,Not yet verified,Populate only from authoritative/current sources; do not infer missing values.
Indian Institute of Technology,,,Orissa,India,,,,,,228676,233884,7.8,8.1,8.0,7.8,8.0,7.8,7.2,,Indian Institute of Technology ,Orissa,"2,28,676","2,33,884",,,,,,,,,,,,,,,,,,,,,,,,,,,,,,,,,,,,,,,,,,,,,,,,,,,,,,,,,,,Indian_Engineering_Colleges_Dataset.csv,NIRF_2025_Scores_with_Rank.csv,Existing dataset + NIRF 2025 where conservatively matched,Not yet verified,Populate only from authoritative/current sources; do not infer missing values.
Institute of Technical Education and Research,,,Orissa,India,,,,,,250000,150000,8.2,8.4,8.2,8.6,7.4,8.3,8.0,,Institute of Technical Education and Research ,Orissa,"2,50,000","1,50,000",,,,,,,,,,,,,,,,,,,,,,,,,,,,,,,,,,,,,,,,,,,,,,,,,,,,,,,,,,,Indian_Engineering_Colleges_Dataset.csv,NIRF_2025_Scores_with_Rank.csv,Existing dataset + NIRF 2025 where conservatively matched,Not yet verified,Populate only from authoritative/current sources; do not infer missing values.
"C. V. Raman Global University, Bhubaneswar",,,Orissa,India,,,,,,119000,97000,7.6,7.9,7.5,8.2,7.0,7.5,7.6,95,"C. V. Raman Global University, Bhubaneswar ",Orissa,"1,19,000","97,000",16.5,30.0,1741.0,13.65,248.0,5.37,2.0,0.46,31.6,15.0,10.72,2.22,,,,,,,,,,,,,,,,,,,,,,,,,,,,,,,,,,,,,,,,,,,,,,,Indian_Engineering_Colleges_Dataset.csv,NIRF_2025_Scores_with_Rank.csv,Existing dataset + NIRF 2025 where conservatively matched,Not yet verified,Populate only from authoritative/current sources; do not infer missing values.
Veer Surendra Sai University of Technology,,,Orissa,India,,,,,,91280,91140,7.9,8.2,7.9,7.4,7.7,7.7,8.4,,Veer Surendra Sai University of Technology ,Orissa,"91,280","91,140",,,,,,,,,,,,,,,,,,,,,,,,,,,,,,,,,,,,,,,,,,,,,,,,,,,,,,,,,,,Indian_Engineering_Colleges_Dataset.csv,NIRF_2025_Scores_with_Rank.csv,Existing dataset + NIRF 2025 where conservatively matched,Not yet verified,Populate only from authoritative/current sources; do not infer missing values.
Biju Patnaik University of Technology,,,Orissa,India,,,,,,,,6.2,6.1,6.4,6.8,6.7,4.8,6.1,,Biju Patnaik University of Technology ,Orissa,--,--,,,,,,,,,,,,,,,,,,,,,,,,,,,,,,,,,,,,,,,,,,,,,,,,,,,,,,,,,,,Indian_Engineering_Colleges_Dataset.csv,NIRF_2025_Scores_with_Rank.csv,Existing dataset + NIRF 2025 where conservatively matched,Not yet verified,Populate only from authoritative/current sources; do not infer missing values.
Centurion University of Technology and Management,,,Orissa,India,,,,,,100000,40000,8.1,8.3,8.5,8.4,7.6,7.4,8.5,,Centurion University of Technology and Management ,Orissa,"1,00,000","40,000",,,,,,,,,,,,,,,,,,,,,,,,,,,,,,,,,,,,,,,,,,,,,,,,,,,,,,,,,,,Indian_Engineering_Colleges_Dataset.csv,NIRF_2025_Scores_with_Rank.csv,Existing dataset + NIRF 2025 where conservatively matched,Not yet verified,Populate only from authoritative/current sources; do not infer missing values.
International Institute of Information Technology,,,Orissa,India,,,,,,201100,176150,7.7,8.0,7.6,7.8,6.9,7.7,8.2,,International Institute of Information Technology ,Orissa,"2,01,100","1,76,150",,,,,,,,,,,,,,,,,,,,,,,,,,,,,,,,,,,,,,,,,,,,,,,,,,,,,,,,,,,Indian_Engineering_Colleges_Dataset.csv,NIRF_2025_Scores_with_Rank.csv,Existing dataset + NIRF 2025 where conservatively matched,Not yet verified,Populate only from authoritative/current sources; do not infer missing values.
"Indira Gandhi Institute of Technology- [IGIT], Dhenkanal",,,Orissa,India,,,,,,34500,34500,7.8,8.0,7.9,7.7,8.3,6.7,8.4,,"Indira Gandhi Institute of Technology- [IGIT], Dhenkanal ",Orissa,"34,500","34,500",,,,,,,,,,,,,,,,,,,,,,,,,,,,,,,,,,,,,,,,,,,,,,,,,,,,,,,,,,,Indian_Engineering_Colleges_Dataset.csv,NIRF_2025_Scores_with_Rank.csv,Existing dataset + NIRF 2025 where conservatively matched,Not yet verified,Populate only from authoritative/current sources; do not infer missing values.
Silicon Institute of Technology,,,Orissa,India,,,,,,600000,270000,7.7,8.5,8.1,7.3,7.0,7.7,7.5,,Silicon Institute of Technology ,Orissa,"6,00,000","2,70,000",,,,,,,,,,,,,,,,,,,,,,,,,,,,,,,,,,,,,,,,,,,,,,,,,,,,,,,,,,,Indian_Engineering_Colleges_Dataset.csv,NIRF_2025_Scores_with_Rank.csv,Existing dataset + NIRF 2025 where conservatively matched,Not yet verified,Populate only from authoritative/current sources; do not infer missing values.
Silicon Institute of Technology,,,Orissa,India,,,,,,380000,,7.7,8.3,7.9,8.8,7.4,6.6,7.4,,Silicon Institute of Technology ,Orissa,"3,80,000",--,,,,,,,,,,,,,,,,,,,,,,,,,,,,,,,,,,,,,,,,,,,,,,,,,,,,,,,,,,,Indian_Engineering_Colleges_Dataset.csv,NIRF_2025_Scores_with_Rank.csv,Existing dataset + NIRF 2025 where conservatively matched,Not yet verified,Populate only from authoritative/current sources; do not infer missing values.
Xavier University,,,Orissa,India,,,,,,308000,217000,8.2,8.7,8.4,9.2,7.8,6.8,8.4,,Xavier University ,Orissa,"3,08,000","2,17,000",,,,,,,,,,,,,,,,,,,,,,,,,,,,,,,,,,,,,,,,,,,,,,,,,,,,,,,,,,,Indian_Engineering_Colleges_Dataset.csv,NIRF_2025_Scores_with_Rank.csv,Existing dataset + NIRF 2025 where conservatively matched,Not yet verified,Populate only from authoritative/current sources; do not infer missing values.
Bhubaneswar Engineering College,,,Orissa,India,,,,,,252000,,7.5,7.2,7.7,7.7,7.5,7.3,7.8,,Bhubaneswar Engineering College ,Orissa,"2,52,000",--,,,,,,,,,,,,,,,,,,,,,,,,,,,,,,,,,,,,,,,,,,,,,,,,,,,,,,,,,,,Indian_Engineering_Colleges_Dataset.csv,NIRF_2025_Scores_with_Rank.csv,Existing dataset + NIRF 2025 where conservatively matched,Not yet verified,Populate only from authoritative/current sources; do not infer missing values.
College of Engineering,,,Orissa,India,,,,,,292000,160000,6.7,7.5,7.0,6.9,5.9,6.0,6.7,,College of Engineering ,Orissa,"2,92,000","1,60,000",,,,,,,,,,,,,,,,,,,,,,,,,,,,,,,,,,,,,,,,,,,,,,,,,,,,,,,,,,,Indian_Engineering_Colleges_Dataset.csv,NIRF_2025_Scores_with_Rank.csv,Existing dataset + NIRF 2025 where conservatively matched,Not yet verified,Populate only from authoritative/current sources; do not infer missing values.
National Institute of Science and Technology,,,Orissa,India,,,,,,121500,80000,7.9,8.2,8.1,8.1,7.1,7.8,7.9,,National Institute of Science and Technology ,Orissa,"1,21,500","80,000",,,,,,,,,,,,,,,,,,,,,,,,,,,,,,,,,,,,,,,,,,,,,,,,,,,,,,,,,,,Indian_Engineering_Colleges_Dataset.csv,NIRF_2025_Scores_with_Rank.csv,Existing dataset + NIRF 2025 where conservatively matched,Not yet verified,Populate only from authoritative/current sources; do not infer missing values.
College of Engineering and Technology,,,Orissa,India,,,,,,235000,122000,7.7,8.0,7.6,7.1,7.6,7.9,8.1,,College of Engineering and Technology ,Orissa,"2,35,000","1,22,000",,,,,,,,,,,,,,,,,,,,,,,,,,,,,,,,,,,,,,,,,,,,,,,,,,,,,,,,,,,Indian_Engineering_Colleges_Dataset.csv,NIRF_2025_Scores_with_Rank.csv,Existing dataset + NIRF 2025 where conservatively matched,Not yet verified,Populate only from authoritative/current sources; do not infer missing values.
Gandhi Institute for Technology,,,Orissa,India,,,,,,81000,41500,7.4,7.9,7.7,7.8,6.4,6.6,7.7,,Gandhi Institute for Technology ,Orissa,"81,000","41,500",,,,,,,,,,,,,,,,,,,,,,,,,,,,,,,,,,,,,,,,,,,,,,,,,,,,,,,,,,,Indian_Engineering_Colleges_Dataset.csv,NIRF_2025_Scores_with_Rank.csv,Existing dataset + NIRF 2025 where conservatively matched,Not yet verified,Populate only from authoritative/current sources; do not infer missing values.
Orissa Engineering College,,,Orissa,India,,,,,,86500,,7.5,7.6,7.4,7.7,7.0,7.3,7.8,,Orissa Engineering College ,Orissa,"86,500",--,,,,,,,,,,,,,,,,,,,,,,,,,,,,,,,,,,,,,,,,,,,,,,,,,,,,,,,,,,,Indian_Engineering_Colleges_Dataset.csv,NIRF_2025_Scores_with_Rank.csv,Existing dataset + NIRF 2025 where conservatively matched,Not yet verified,Populate only from authoritative/current sources; do not infer missing values.
Parala Maharaja Engineering College,,,Orissa,India,,,,,,33400,33400,7.3,7.7,7.6,7.6,7.5,5.7,7.7,,Parala Maharaja Engineering College ,Orissa,"33,400","33,400",,,,,,,,,,,,,,,,,,,,,,,,,,,,,,,,,,,,,,,,,,,,,,,,,,,,,,,,,,,Indian_Engineering_Colleges_Dataset.csv,NIRF_2025_Scores_with_Rank.csv,Existing dataset + NIRF 2025 where conservatively matched,Not yet verified,Populate only from authoritative/current sources; do not infer missing values.
CSIR-Institute of Minerals and Materials Technology -[CSIR-IMMT],,,Orissa,India,,,,,,,,7.0,6.3,7.8,7.3,5.3,7.3,7.7,,"CSIR-Institute of Minerals and Materials Technology -[CSIR-IMMT], ",Orissa,--,--,,,,,,,,,,,,,,,,,,,,,,,,,,,,,,,,,,,,,,,,,,,,,,,,,,,,,,,,,,,Indian_Engineering_Colleges_Dataset.csv,NIRF_2025_Scores_with_Rank.csv,Existing dataset + NIRF 2025 where conservatively matched,Not yet verified,Populate only from authoritative/current sources; do not infer missing values.
GITA Autonomous College,,,Orissa,India,,,,,,108000,91300,8.7,9.0,8.9,8.8,8.3,8.3,8.6,,GITA Autonomous College ,Orissa,"1,08,000","91,300",,,,,,,,,,,,,,,,,,,,,,,,,,,,,,,,,,,,,,,,,,,,,,,,,,,,,,,,,,,Indian_Engineering_Colleges_Dataset.csv,NIRF_2025_Scores_with_Rank.csv,Existing dataset + NIRF 2025 where conservatively matched,Not yet verified,Populate only from authoritative/current sources; do not infer missing values.
"Seemanta Engineering College, Mayurbhanj",,,Orissa,India,,,,,,220000,120000,8.0,8.2,8.6,8.6,8.0,7.0,7.7,,"Seemanta Engineering College, Mayurbhanj ",Orissa,"2,20,000","1,20,000",,,,,,,,,,,,,,,,,,,,,,,,,,,,,,,,,,,,,,,,,,,,,,,,,,,,,,,,,,,Indian_Engineering_Colleges_Dataset.csv,NIRF_2025_Scores_with_Rank.csv,Existing dataset + NIRF 2025 where conservatively matched,Not yet verified,Populate only from authoritative/current sources; do not infer missing values.
"Trident Academy of Technology, Bhubaneswar",,,Orissa,India,,,,,,108300,72000,8.0,8.3,8.3,8.1,7.5,7.9,7.9,,"Trident Academy of Technology, Bhubaneswar ",Orissa,"1,08,300","72,000",,,,,,,,,,,,,,,,,,,,,,,,,,,,,,,,,,,,,,,,,,,,,,,,,,,,,,,,,,,Indian_Engineering_Colleges_Dataset.csv,NIRF_2025_Scores_with_Rank.csv,Existing dataset + NIRF 2025 where conservatively matched,Not yet verified,Populate only from authoritative/current sources; do not infer missing values.
"Government College of Engineering, Kendujhar",,,Orissa,India,,,,,,140000,,7.0,7.8,7.4,6.9,7.6,5.1,7.3,,"Government College of Engineering, Kendujhar ",Orissa,"1,40,000",--,,,,,,,,,,,,,,,,,,,,,,,,,,,,,,,,,,,,,,,,,,,,,,,,,,,,,,,,,,,Indian_Engineering_Colleges_Dataset.csv,NIRF_2025_Scores_with_Rank.csv,Existing dataset + NIRF 2025 where conservatively matched,Not yet verified,Populate only from authoritative/current sources; do not infer missing values.
CIPET: Centre for Skilling and Technical Support,,,Orissa,India,,,,,,32680,76210,6.7,7.0,6.4,7.7,6.1,6.9,6.1,,CIPET: Centre for Skilling and Technical Support ,Orissa,"32,680","76,210",,,,,,,,,,,,,,,,,,,,,,,,,,,,,,,,,,,,,,,,,,,,,,,,,,,,,,,,,,,Indian_Engineering_Colleges_Dataset.csv,NIRF_2025_Scores_with_Rank.csv,Existing dataset + NIRF 2025 where conservatively matched,Not yet verified,Populate only from authoritative/current sources; do not infer missing values.
"Vignan Institute of Technology And Management, Berhampur",,,Orissa,India,,,,,,58000,,7.7,8.7,8.4,7.6,7.9,5.9,7.6,,"Vignan Institute of Technology And Management, Berhampur ",Orissa,"58,000",--,,,,,,,,,,,,,,,,,,,,,,,,,,,,,,,,,,,,,,,,,,,,,,,,,,,,,,,,,,,Indian_Engineering_Colleges_Dataset.csv,NIRF_2025_Scores_with_Rank.csv,Existing dataset + NIRF 2025 where conservatively matched,Not yet verified,Populate only from authoritative/current sources; do not infer missing values.
Krupajal Engineering College,,,Orissa,India,,,,,,72000,79000,6.3,6.6,6.5,6.9,6.3,4.9,6.5,,Krupajal Engineering College ,Orissa,"72,000","79,000",,,,,,,,,,,,,,,,,,,,,,,,,,,,,,,,,,,,,,,,,,,,,,,,,,,,,,,,,,,Indian_Engineering_Colleges_Dataset.csv,NIRF_2025_Scores_with_Rank.csv,Existing dataset + NIRF 2025 where conservatively matched,Not yet verified,Populate only from authoritative/current sources; do not infer missing values.
Indian Institute of Technology,,,Uttarakhand,India,,,,,,221700,23250,8.4,8.5,7.9,9.0,7.6,8.6,8.9,,Indian Institute of Technology ,Uttarakhand,"2,21,700","23,250",,,,,,,,,,,,,,,,,,,,,,,,,,,,,,,,,,,,,,,,,,,,,,,,,,,,,,,,,,,Indian_Engineering_Colleges_Dataset.csv,NIRF_2025_Scores_with_Rank.csv,Existing dataset + NIRF 2025 where conservatively matched,Not yet verified,Populate only from authoritative/current sources; do not infer missing values.
"Graphic Era University, School of Engineering and",,,Uttarakhand,India,,,,,,236400,121000,8.2,8.3,8.0,8.6,7.7,8.8,8.0,,"Graphic Era University, School of Engineering and ",Uttarakhand,"2,36,400","1,21,000",,,,,,,,,,,,,,,,,,,,,,,,,,,,,,,,,,,,,,,,,,,,,,,,,,,,,,,,,,,Indian_Engineering_Colleges_Dataset.csv,NIRF_2025_Scores_with_Rank.csv,Existing dataset + NIRF 2025 where conservatively matched,Not yet verified,Populate only from authoritative/current sources; do not infer missing values.
"College of Technology, GB Pant University of",,,Uttarakhand,India,,,,,,65344,46244,7.0,7.1,6.9,7.3,6.7,6.0,7.7,,"College of Technology, GB Pant University of ",Uttarakhand,"65,344","46,244",,,,,,,,,,,,,,,,,,,,,,,,,,,,,,,,,,,,,,,,,,,,,,,,,,,,,,,,,,,Indian_Engineering_Colleges_Dataset.csv,NIRF_2025_Scores_with_Rank.csv,Existing dataset + NIRF 2025 where conservatively matched,Not yet verified,Populate only from authoritative/current sources; do not infer missing values.
University of Petroleum and Energy Studies,,,Uttarakhand,India,,,,,,1604500,557250,8.1,8.1,7.9,8.6,7.8,7.7,8.2,,University of Petroleum and Energy Studies ,Uttarakhand,"16,04,500","5,57,250",,,,,,,,,,,,,,,,,,,,,,,,,,,,,,,,,,,,,,,,,,,,,,,,,,,,,,,,,,,Indian_Engineering_Colleges_Dataset.csv,NIRF_2025_Scores_with_Rank.csv,Existing dataset + NIRF 2025 where conservatively matched,Not yet verified,Populate only from authoritative/current sources; do not infer missing values.
"Doon University, Dehradun",,,Uttarakhand,India,,,,,,34750,,7.2,7.3,7.3,7.9,7.0,6.3,7.6,,"Doon University, Dehradun ",Uttarakhand,"34,750",--,,,,,,,,,,,,,,,,,,,,,,,,,,,,,,,,,,,,,,,,,,,,,,,,,,,,,,,,,,,Indian_Engineering_Colleges_Dataset.csv,NIRF_2025_Scores_with_Rank.csv,Existing dataset + NIRF 2025 where conservatively matched,Not yet verified,Populate only from authoritative/current sources; do not infer missing values.
DIT University,,,Uttarakhand,India,,,,,,200000,120000,7.8,7.9,7.6,8.4,7.6,7.4,8.0,,DIT University ,Uttarakhand,"2,00,000","1,20,000",,,,,,,,,,,,,,,,,,,,,,,,,,,,,,,,,,,,,,,,,,,,,,,,,,,,,,,,,,,Indian_Engineering_Colleges_Dataset.csv,NIRF_2025_Scores_with_Rank.csv,Existing dataset + NIRF 2025 where conservatively matched,Not yet verified,Populate only from authoritative/current sources; do not infer missing values.
Graphic Era University,,,Uttarakhand,India,,,,,,323400,92900,8.3,8.2,8.4,8.6,7.9,8.1,8.4,52,Graphic Era University ,Uttarakhand,"3,23,400","92,900",12.75,28.39,15.53,11.97,21.55,21.64,11.0,1414.0,20.07,14.26,10.95,2.22,,,,,,,,,,,,,,,,,,,,,,,,,,,,,,,,,,,,,,,,,,,,,,,Indian_Engineering_Colleges_Dataset.csv,NIRF_2025_Scores_with_Rank.csv,Existing dataset + NIRF 2025 where conservatively matched,Not yet verified,Populate only from authoritative/current sources; do not infer missing values.
Graphic Era Hill University,,,Uttarakhand,India,,,,,,275600,79600,8.1,7.9,8.1,8.4,7.8,7.7,8.4,,Graphic Era Hill University ,Uttarakhand,"2,75,600","79,600",,,,,,,,,,,,,,,,,,,,,,,,,,,,,,,,,,,,,,,,,,,,,,,,,,,,,,,,,,,Indian_Engineering_Colleges_Dataset.csv,NIRF_2025_Scores_with_Rank.csv,Existing dataset + NIRF 2025 where conservatively matched,Not yet verified,Populate only from authoritative/current sources; do not infer missing values.
"ICFAI University, Dehradun",,,Uttarakhand,India,,,,,,156000,140000,7.8,8.2,8.2,7.4,7.5,7.3,7.9,,"ICFAI University, Dehradun ",Uttarakhand,"1,56,000","1,40,000",,,,,,,,,,,,,,,,,,,,,,,,,,,,,,,,,,,,,,,,,,,,,,,,,,,,,,,,,,,Indian_Engineering_Colleges_Dataset.csv,NIRF_2025_Scores_with_Rank.csv,Existing dataset + NIRF 2025 where conservatively matched,Not yet verified,Populate only from authoritative/current sources; do not infer missing values.
"MotherHood University, Roorkee",,,Uttarakhand,India,,,,,,71650,,8.0,8.3,7.6,8.0,7.9,8.0,8.3,,"MotherHood University, Roorkee ",Uttarakhand,"71,650",--,,,,,,,,,,,,,,,,,,,,,,,,,,,,,,,,,,,,,,,,,,,,,,,,,,,,,,,,,,,Indian_Engineering_Colleges_Dataset.csv,NIRF_2025_Scores_with_Rank.csv,Existing dataset + NIRF 2025 where conservatively matched,Not yet verified,Populate only from authoritative/current sources; do not infer missing values.
Himgiri Zee University,,,Uttarakhand,India,,,,,,90000,80000,7.9,8.5,9.0,8.0,5.5,7.7,8.8,,Himgiri Zee University ,Uttarakhand,"90,000","80,000",,,,,,,,,,,,,,,,,,,,,,,,,,,,,,,,,,,,,,,,,,,,,,,,,,,,,,,,,,,Indian_Engineering_Colleges_Dataset.csv,NIRF_2025_Scores_with_Rank.csv,Existing dataset + NIRF 2025 where conservatively matched,Not yet verified,Populate only from authoritative/current sources; do not infer missing values.
Swami Rama Himalayan University,,,Uttarakhand,India,,,,,,212250,84000,7.0,7.1,6.9,7.4,6.6,7.1,6.7,,Swami Rama Himalayan University ,Uttarakhand,"2,12,250","84,000",,,,,,,,,,,,,,,,,,,,,,,,,,,,,,,,,,,,,,,,,,,,,,,,,,,,,,,,,,,Indian_Engineering_Colleges_Dataset.csv,NIRF_2025_Scores_with_Rank.csv,Existing dataset + NIRF 2025 where conservatively matched,Not yet verified,Populate only from authoritative/current sources; do not infer missing values.
"Tula's Institute, Dehradun",,,Uttarakhand,India,,,,,,112500,91500,7.8,8.0,7.7,8.5,7.2,7.4,8.2,,"Tula's Institute, Dehradun ",Uttarakhand,"1,12,500","91,500",,,,,,,,,,,,,,,,,,,,,,,,,,,,,,,,,,,,,,,,,,,,,,,,,,,,,,,,,,,Indian_Engineering_Colleges_Dataset.csv,NIRF_2025_Scores_with_Rank.csv,Existing dataset + NIRF 2025 where conservatively matched,Not yet verified,Populate only from authoritative/current sources; do not infer missing values.
THDC Institute of Hydro Power Engineering and,,,Uttarakhand,India,,,,,,73500,,6.9,6.8,7.4,7.8,6.4,5.6,7.2,,THDC Institute of Hydro Power Engineering and ,Uttarakhand,"73,500",--,,,,,,,,,,,,,,,,,,,,,,,,,,,,,,,,,,,,,,,,,,,,,,,,,,,,,,,,,,,Indian_Engineering_Colleges_Dataset.csv,NIRF_2025_Scores_with_Rank.csv,Existing dataset + NIRF 2025 where conservatively matched,Not yet verified,Populate only from authoritative/current sources; do not infer missing values.
College of Engineering,,,Uttarakhand,India,,,,,,136150,119150,8.3,8.4,8.1,8.7,8.1,7.5,8.8,,College of Engineering ,Uttarakhand,"1,36,150","1,19,150",,,,,,,,,,,,,,,,,,,,,,,,,,,,,,,,,,,,,,,,,,,,,,,,,,,,,,,,,,,Indian_Engineering_Colleges_Dataset.csv,NIRF_2025_Scores_with_Rank.csv,Existing dataset + NIRF 2025 where conservatively matched,Not yet verified,Populate only from authoritative/current sources; do not infer missing values.
Shivalik College of Engineering,,,Uttarakhand,India,,,,,,101400,46400,7.2,7.1,7.3,7.2,7.1,7.1,7.3,,Shivalik College of Engineering ,Uttarakhand,"1,01,400","46,400",,,,,,,,,,,,,,,,,,,,,,,,,,,,,,,,,,,,,,,,,,,,,,,,,,,,,,,,,,,Indian_Engineering_Colleges_Dataset.csv,NIRF_2025_Scores_with_Rank.csv,Existing dataset + NIRF 2025 where conservatively matched,Not yet verified,Populate only from authoritative/current sources; do not infer missing values.
Women Institute of Technology,,,Uttarakhand,India,,,,,,75500,,7.9,9.0,9.0,7.2,7.4,6.7,8.3,,Women Institute of Technology ,Uttarakhand,"75,500",--,,,,,,,,,,,,,,,,,,,,,,,,,,,,,,,,,,,,,,,,,,,,,,,,,,,,,,,,,,,Indian_Engineering_Colleges_Dataset.csv,NIRF_2025_Scores_with_Rank.csv,Existing dataset + NIRF 2025 where conservatively matched,Not yet verified,Populate only from authoritative/current sources; do not infer missing values.
Indian Institute of Aeronautical Engineering,,,Uttarakhand,India,,,,,,300000,300000,8.3,7.5,8.5,9.0,8.5,8.0,8.0,,Indian Institute of Aeronautical Engineering ,Uttarakhand,"3,00,000","3,00,000",,,,,,,,,,,,,,,,,,,,,,,,,,,,,,,,,,,,,,,,,,,,,,,,,,,,,,,,,,,Indian_Engineering_Colleges_Dataset.csv,NIRF_2025_Scores_with_Rank.csv,Existing dataset + NIRF 2025 where conservatively matched,Not yet verified,Populate only from authoritative/current sources; do not infer missing values.
Indira Gandhi National Forest Academy,,,Uttarakhand,India,,,,,,184500,,8.7,9.0,8.0,9.0,9.0,9.0,8.0,,Indira Gandhi National Forest Academy ,Uttarakhand,"1,84,500",--,,,,,,,,,,,,,,,,,,,,,,,,,,,,,,,,,,,,,,,,,,,,,,,,,,,,,,,,,,,Indian_Engineering_Colleges_Dataset.csv,NIRF_2025_Scores_with_Rank.csv,Existing dataset + NIRF 2025 where conservatively matched,Not yet verified,Populate only from authoritative/current sources; do not infer missing values.
"Bipin Tripathi Kumaon Institute of Technology, Almora",,,Uttarakhand,India,,,,,,71150,82250,6.4,6.8,6.6,7.3,6.2,4.6,6.8,,"Bipin Tripathi Kumaon Institute of Technology, Almora ",Uttarakhand,"71,150","82,250",,,,,,,,,,,,,,,,,,,,,,,,,,,,,,,,,,,,,,,,,,,,,,,,,,,,,,,,,,,Indian_Engineering_Colleges_Dataset.csv,NIRF_2025_Scores_with_Rank.csv,Existing dataset + NIRF 2025 where conservatively matched,Not yet verified,Populate only from authoritative/current sources; do not infer missing values.
Govind Ballabh Pant Engineering College,,,Uttarakhand,India,,,,,,69015,80015,6.4,7.1,6.1,7.3,6.0,5.1,7.0,,Govind Ballabh Pant Engineering College ,Uttarakhand,"69,015","80,015",,,,,,,,,,,,,,,,,,,,,,,,,,,,,,,,,,,,,,,,,,,,,,,,,,,,,,,,,,,Indian_Engineering_Colleges_Dataset.csv,NIRF_2025_Scores_with_Rank.csv,Existing dataset + NIRF 2025 where conservatively matched,Not yet verified,Populate only from authoritative/current sources; do not infer missing values.
BFIT Group of Institutions,,,Uttarakhand,India,,,,,,35000,,7.5,7.7,7.7,7.6,7.1,7.1,8.0,,BFIT Group of Institutions ,Uttarakhand,"35,000",--,,,,,,,,,,,,,,,,,,,,,,,,,,,,,,,,,,,,,,,,,,,,,,,,,,,,,,,,,,,Indian_Engineering_Colleges_Dataset.csv,NIRF_2025_Scores_with_Rank.csv,Existing dataset + NIRF 2025 where conservatively matched,Not yet verified,Populate only from authoritative/current sources; do not infer missing values.
Dev Bhoomi Institute of Technology,,,Uttarakhand,India,,,,,,119700,92000,7.2,7.1,7.5,7.4,6.5,7.5,7.2,,Dev Bhoomi Institute of Technology ,Uttarakhand,"1,19,700","92,000",,,,,,,,,,,,,,,,,,,,,,,,,,,,,,,,,,,,,,,,,,,,,,,,,,,,,,,,,,,Indian_Engineering_Colleges_Dataset.csv,NIRF_2025_Scores_with_Rank.csv,Existing dataset + NIRF 2025 where conservatively matched,Not yet verified,Populate only from authoritative/current sources; do not infer missing values.
Graphic Era Hill University Bhimtal Campus,,,Uttarakhand,India,,,,,,275600,130600,8.1,8.2,7.9,8.8,7.6,7.8,8.0,,Graphic Era Hill University Bhimtal Campus ,Uttarakhand,"2,75,600","1,30,600",,,,,,,,,,,,,,,,,,,,,,,,,,,,,,,,,,,,,,,,,,,,,,,,,,,,,,,,,,,Indian_Engineering_Colleges_Dataset.csv,NIRF_2025_Scores_with_Rank.csv,Existing dataset + NIRF 2025 where conservatively matched,Not yet verified,Populate only from authoritative/current sources; do not infer missing values.
Indian Institute of Technology,,,Assam,India,,,,,,219350,201800,8.6,8.6,8.1,9.1,8.2,8.4,8.9,,Indian Institute of Technology ,Assam,"2,19,350","2,01,800",,,,,,,,,,,,,,,,,,,,,,,,,,,,,,,,,,,,,,,,,,,,,,,,,,,,,,,,,,,Indian_Engineering_Colleges_Dataset.csv,NIRF_2025_Scores_with_Rank.csv,Existing dataset + NIRF 2025 where conservatively matched,Not yet verified,Populate only from authoritative/current sources; do not infer missing values.
National Institute of Technology,,,Assam,India,,,,,,147640,35240,8.1,8.1,7.7,8.3,7.6,8.2,8.7,,National Institute of Technology ,Assam,"1,47,640","35,240",,,,,,,,,,,,,,,,,,,,,,,,,,,,,,,,,,,,,,,,,,,,,,,,,,,,,,,,,,,Indian_Engineering_Colleges_Dataset.csv,NIRF_2025_Scores_with_Rank.csv,Existing dataset + NIRF 2025 where conservatively matched,Not yet verified,Populate only from authoritative/current sources; do not infer missing values.
Indian Institute of Information Technology,,,Assam,India,,,,,,225000,200000,7.6,8.6,7.9,7.9,7.0,7.5,6.5,,Indian Institute of Information Technology ,Assam,"2,25,000","2,00,000",,,,,,,,,,,,,,,,,,,,,,,,,,,,,,,,,,,,,,,,,,,,,,,,,,,,,,,,,,,Indian_Engineering_Colleges_Dataset.csv,NIRF_2025_Scores_with_Rank.csv,Existing dataset + NIRF 2025 where conservatively matched,Not yet verified,Populate only from authoritative/current sources; do not infer missing values.
Central Institute of Technology,,,Assam,India,,,,,,111200,67200,7.0,7.4,7.7,8.2,5.5,5.3,8.0,,Central Institute of Technology ,Assam,"1,11,200","67,200",,,,,,,,,,,,,,,,,,,,,,,,,,,,,,,,,,,,,,,,,,,,,,,,,,,,,,,,,,,Indian_Engineering_Colleges_Dataset.csv,NIRF_2025_Scores_with_Rank.csv,Existing dataset + NIRF 2025 where conservatively matched,Not yet verified,Populate only from authoritative/current sources; do not infer missing values.
Assam Don Bosco University,,,Assam,India,,,,,,157000,149000,7.8,8.3,8.1,8.8,7.8,6.4,7.3,,Assam Don Bosco University ,Assam,"1,57,000","1,49,000",,,,,,,,,,,,,,,,,,,,,,,,,,,,,,,,,,,,,,,,,,,,,,,,,,,,,,,,,,,Indian_Engineering_Colleges_Dataset.csv,NIRF_2025_Scores_with_Rank.csv,Existing dataset + NIRF 2025 where conservatively matched,Not yet verified,Populate only from authoritative/current sources; do not infer missing values.
Assam Engineering College,,,Assam,India,,,,,,11000,,7.5,8.0,7.5,6.7,7.5,7.0,8.3,,Assam Engineering College ,Assam,"11,000",--,,,,,,,,,,,,,,,,,,,,,,,,,,,,,,,,,,,,,,,,,,,,,,,,,,,,,,,,,,,Indian_Engineering_Colleges_Dataset.csv,NIRF_2025_Scores_with_Rank.csv,Existing dataset + NIRF 2025 where conservatively matched,Not yet verified,Populate only from authoritative/current sources; do not infer missing values.
Jorhat Engineering College,,,Assam,India,,,,,,11000,,7.7,8.3,7.9,7.8,7.4,7.1,7.9,,Jorhat Engineering College ,Assam,"11,000",--,,,,,,,,,,,,,,,,,,,,,,,,,,,,,,,,,,,,,,,,,,,,,,,,,,,,,,,,,,,Indian_Engineering_Colleges_Dataset.csv,NIRF_2025_Scores_with_Rank.csv,Existing dataset + NIRF 2025 where conservatively matched,Not yet verified,Populate only from authoritative/current sources; do not infer missing values.
Assam Science and Technology University,,,Assam,India,,,,,,21000,,7.8,7.9,8.0,7.7,7.6,7.6,7.9,,Assam Science and Technology University ,Assam,"21,000",--,,,,,,,,,,,,,,,,,,,,,,,,,,,,,,,,,,,,,,,,,,,,,,,,,,,,,,,,,,,Indian_Engineering_Colleges_Dataset.csv,NIRF_2025_Scores_with_Rank.csv,Existing dataset + NIRF 2025 where conservatively matched,Not yet verified,Populate only from authoritative/current sources; do not infer missing values.
Assam Down Town University,,,Assam,India,,,,,,130000,,8.2,8.4,8.4,8.2,7.6,7.8,8.6,,Assam Down Town University ,Assam,"1,30,000",--,,,,,,,,,,,,,,,,,,,,,,,,,,,,,,,,,,,,,,,,,,,,,,,,,,,,,,,,,,,Indian_Engineering_Colleges_Dataset.csv,NIRF_2025_Scores_with_Rank.csv,Existing dataset + NIRF 2025 where conservatively matched,Not yet verified,Populate only from authoritative/current sources; do not infer missing values.
Girijananda Chowdhury Institute of Management & Technology,,,Assam,India,,,,,,144000,90000,7.3,8.0,8.3,6.7,6.2,6.4,8.0,,"Girijananda Chowdhury Institute of Management & Technology, ",Assam,"1,44,000","90,000",,,,,,,,,,,,,,,,,,,,,,,,,,,,,,,,,,,,,,,,,,,,,,,,,,,,,,,,,,,Indian_Engineering_Colleges_Dataset.csv,NIRF_2025_Scores_with_Rank.csv,Existing dataset + NIRF 2025 where conservatively matched,Not yet verified,Populate only from authoritative/current sources; do not infer missing values.
Assam Engineering Institute,,,Assam,India,,,,,,2130,,8.6,,,,,,,,Assam Engineering Institute ,Assam,"2,130",--,,,,,,,,,,,,,,,,,,,,,,,,,,,,,,,,,,,,,,,,,,,,,,,,,,,,,,,,,,,Indian_Engineering_Colleges_Dataset.csv,NIRF_2025_Scores_with_Rank.csv,Existing dataset + NIRF 2025 where conservatively matched,Not yet verified,Populate only from authoritative/current sources; do not infer missing values.
"Bineswar Brahma Engineering College- [BBEC], Kokrajhar",,,Assam,India,,,,,,12800,,7.3,7.8,7.2,7.0,6.7,7.2,7.7,,"Bineswar Brahma Engineering College- [BBEC], Kokrajhar ",Assam,"12,800",--,,,,,,,,,,,,,,,,,,,,,,,,,,,,,,,,,,,,,,,,,,,,,,,,,,,,,,,,,,,Indian_Engineering_Colleges_Dataset.csv,NIRF_2025_Scores_with_Rank.csv,Existing dataset + NIRF 2025 where conservatively matched,Not yet verified,Populate only from authoritative/current sources; do not infer missing values.
Jorhat Institute of Science and Technology,,,Assam,India,,,,,,,,6.4,7.6,7.2,5.5,6.3,5.2,6.4,,Jorhat Institute of Science and Technology ,Assam,--,--,,,,,,,,,,,,,,,,,,,,,,,,,,,,,,,,,,,,,,,,,,,,,,,,,,,,,,,,,,,Indian_Engineering_Colleges_Dataset.csv,NIRF_2025_Scores_with_Rank.csv,Existing dataset + NIRF 2025 where conservatively matched,Not yet verified,Populate only from authoritative/current sources; do not infer missing values.
NETES Institute of Technology and Science,,,Assam,India,,,,,,90000,,6.8,7.0,7.0,6.0,7.0,7.0,7.0,,NETES Institute of Technology and Science ,Assam,"90,000",--,,,,,,,,,,,,,,,,,,,,,,,,,,,,,,,,,,,,,,,,,,,,,,,,,,,,,,,,,,,Indian_Engineering_Colleges_Dataset.csv,NIRF_2025_Scores_with_Rank.csv,Existing dataset + NIRF 2025 where conservatively matched,Not yet verified,Populate only from authoritative/current sources; do not infer missing values.
Don Bosco College of Engineering and Technology,,,Assam,India,,,,,,157000,114000,8.5,9.3,9.0,9.3,7.7,7.3,8.3,,Don Bosco College of Engineering and Technology ,Assam,"1,57,000","1,14,000",,,,,,,,,,,,,,,,,,,,,,,,,,,,,,,,,,,,,,,,,,,,,,,,,,,,,,,,,,,Indian_Engineering_Colleges_Dataset.csv,NIRF_2025_Scores_with_Rank.csv,Existing dataset + NIRF 2025 where conservatively matched,Not yet verified,Populate only from authoritative/current sources; do not infer missing values.
"Tezpur University, School of Engineering Tezpur, Sonitpur",,,Assam,India,,,,,,47186,38186,8.1,8.7,8.3,8.7,7.7,6.7,8.3,,"Tezpur University, School of Engineering Tezpur, Sonitpur ",Assam,"47,186","38,186",,,,,,,,,,,,,,,,,,,,,,,,,,,,,,,,,,,,,,,,,,,,,,,,,,,,,,,,,,,Indian_Engineering_Colleges_Dataset.csv,NIRF_2025_Scores_with_Rank.csv,Existing dataset + NIRF 2025 where conservatively matched,Not yet verified,Populate only from authoritative/current sources; do not infer missing values.
Barak Valley Engineering College,,,Assam,India,,,,,,,,6.2,7.0,6.0,7.8,5.3,4.6,6.6,,Barak Valley Engineering College ,Assam,--,--,,,,,,,,,,,,,,,,,,,,,,,,,,,,,,,,,,,,,,,,,,,,,,,,,,,,,,,,,,,Indian_Engineering_Colleges_Dataset.csv,NIRF_2025_Scores_with_Rank.csv,Existing dataset + NIRF 2025 where conservatively matched,Not yet verified,Populate only from authoritative/current sources; do not infer missing values.
Assam Institute of Technology,,,Assam,India,,,,,,,,8.9,9.0,9.0,9.0,9.0,8.5,8.8,,Assam Institute of Technology ,Assam,--,--,,,,,,,,,,,,,,,,,,,,,,,,,,,,,,,,,,,,,,,,,,,,,,,,,,,,,,,,,,,Indian_Engineering_Colleges_Dataset.csv,NIRF_2025_Scores_with_Rank.csv,Existing dataset + NIRF 2025 where conservatively matched,Not yet verified,Populate only from authoritative/current sources; do not infer missing values.
Royal Global University,,,Assam,India,,,,,,142000,75000,7.6,7.8,8.0,9.0,6.6,6.5,7.7,,Royal Global University ,Assam,"1,42,000","75,000",,,,,,,,,,,,,,,,,,,,,,,,,,,,,,,,,,,,,,,,,,,,,,,,,,,,,,,,,,,Indian_Engineering_Colleges_Dataset.csv,NIRF_2025_Scores_with_Rank.csv,Existing dataset + NIRF 2025 where conservatively matched,Not yet verified,Populate only from authoritative/current sources; do not infer missing values.
Royal School of Engineering and Technology,,,Assam,India,,,,,,142000,75000,6.2,5.8,5.8,7.5,7.3,4.0,6.8,,Royal School of Engineering and Technology ,Assam,"1,42,000","75,000",,,,,,,,,,,,,,,,,,,,,,,,,,,,,,,,,,,,,,,,,,,,,,,,,,,,,,,,,,,Indian_Engineering_Colleges_Dataset.csv,NIRF_2025_Scores_with_Rank.csv,Existing dataset + NIRF 2025 where conservatively matched,Not yet verified,Populate only from authoritative/current sources; do not infer missing values.
Scholar's Institute of Technology and Management,,,Assam,India,,,,,,125000,,5.5,7.0,7.5,8.0,4.5,3.0,3.0,,Scholar's Institute of Technology and Management ,Assam,"1,25,000",--,,,,,,,,,,,,,,,,,,,,,,,,,,,,,,,,,,,,,,,,,,,,,,,,,,,,,,,,,,,Indian_Engineering_Colleges_Dataset.csv,NIRF_2025_Scores_with_Rank.csv,Existing dataset + NIRF 2025 where conservatively matched,Not yet verified,Populate only from authoritative/current sources; do not infer missing values.
"Dibrugarh University, Dibrugarh",,,Assam,India,,,,,,110130,62380,7.8,7.9,8.0,8.4,7.7,6.5,8.2,,"Dibrugarh University, Dibrugarh ",Assam,"1,10,130","62,380",,,,,,,,,,,,,,,,,,,,,,,,,,,,,,,,,,,,,,,,,,,,,,,,,,,,,,,,,,,Indian_Engineering_Colleges_Dataset.csv,NIRF_2025_Scores_with_Rank.csv,Existing dataset + NIRF 2025 where conservatively matched,Not yet verified,Populate only from authoritative/current sources; do not infer missing values.
Tezpur University,,,Assam,India,,,,,,58186,42186,8.0,8.2,7.9,8.8,8.0,6.7,8.5,,Tezpur University ,Assam,"58,186","42,186",,,,,,,,,,,,,,,,,,,,,,,,,,,,,,,,,,,,,,,,,,,,,,,,,,,,,,,,,,,Indian_Engineering_Colleges_Dataset.csv,NIRF_2025_Scores_with_Rank.csv,Existing dataset + NIRF 2025 where conservatively matched,Not yet verified,Populate only from authoritative/current sources; do not infer missing values.
"B. Borooah College, Guwahati",,,Assam,India,,,,,,,,7.6,8.2,8.6,7.5,7.3,5.8,8.2,,"B. Borooah College, Guwahati ",Assam,--,--,,,,,,,,,,,,,,,,,,,,,,,,,,,,,,,,,,,,,,,,,,,,,,,,,,,,,,,,,,,Indian_Engineering_Colleges_Dataset.csv,NIRF_2025_Scores_with_Rank.csv,Existing dataset + NIRF 2025 where conservatively matched,Not yet verified,Populate only from authoritative/current sources; do not infer missing values.
Gauhati University,,,Assam,India,,,,,,40950,27900,8.2,8.4,8.7,8.4,7.5,7.2,8.7,,Gauhati University ,Assam,"40,950","27,900",,,,,,,,,,,,,,,,,,,,,,,,,,,,,,,,,,,,,,,,,,,,,,,,,,,,,,,,,,,Indian_Engineering_Colleges_Dataset.csv,NIRF_2025_Scores_with_Rank.csv,Existing dataset + NIRF 2025 where conservatively matched,Not yet verified,Populate only from authoritative/current sources; do not infer missing values.
"Pragjyotish College, Guwahati",,,Assam,India,,,,,,24000,,6.5,7.3,7.6,7.3,5.8,4.3,6.9,,"Pragjyotish College, Guwahati ",Assam,"24,000",--,,,,,,,,,,,,,,,,,,,,,,,,,,,,,,,,,,,,,,,,,,,,,,,,,,,,,,,,,,,Indian_Engineering_Colleges_Dataset.csv,NIRF_2025_Scores_with_Rank.csv,Existing dataset + NIRF 2025 where conservatively matched,Not yet verified,Populate only from authoritative/current sources; do not infer missing values.
"Duliajan College, Dibrugarh",,,Assam,India,,,,,,,,8.7,8.7,9.0,8.7,9.0,8.7,8.3,,"Duliajan College, Dibrugarh ",Assam,--,--,,,,,,,,,,,,,,,,,,,,,,,,,,,,,,,,,,,,,,,,,,,,,,,,,,,,,,,,,,,Indian_Engineering_Colleges_Dataset.csv,NIRF_2025_Scores_with_Rank.csv,Existing dataset + NIRF 2025 where conservatively matched,Not yet verified,Populate only from authoritative/current sources; do not infer missing values.
"Assam University, Silchar",,,Assam,India,,,,,,59375,44375,7.5,7.8,8.0,7.6,6.5,6.6,8.4,,"Assam University, Silchar ",Assam,"59,375","44,375",,,,,,,,,,,,,,,,,,,,,,,,,,,,,,,,,,,,,,,,,,,,,,,,,,,,,,,,,,,Indian_Engineering_Colleges_Dataset.csv,NIRF_2025_Scores_with_Rank.csv,Existing dataset + NIRF 2025 where conservatively matched,Not yet verified,Populate only from authoritative/current sources; do not infer missing values.
Kaziranga University,,,Assam,India,,,,,,130500,90500,7.5,7.3,8.1,7.4,6.7,7.2,8.1,,Kaziranga University ,Assam,"1,30,500","90,500",,,,,,,,,,,,,,,,,,,,,,,,,,,,,,,,,,,,,,,,,,,,,,,,,,,,,,,,,,,Indian_Engineering_Colleges_Dataset.csv,NIRF_2025_Scores_with_Rank.csv,Existing dataset + NIRF 2025 where conservatively matched,Not yet verified,Populate only from authoritative/current sources; do not infer missing values.
Dibrugarh Polytechnic,,,Assam,India,,,,,,7600,,2.0,,1.0,,,1.0,4.0,,Dibrugarh Polytechnic ,Assam,"7,600",--,,,,,,,,,,,,,,,,,,,,,,,,,,,,,,,,,,,,,,,,,,,,,,,,,,,,,,,,,,,Indian_Engineering_Colleges_Dataset.csv,NIRF_2025_Scores_with_Rank.csv,Existing dataset + NIRF 2025 where conservatively matched,Not yet verified,Populate only from authoritative/current sources; do not infer missing values.
Indian Institute of Technology,,,Bihar,India,,,,,,223100,43600,8.0,8.4,8.1,8.2,7.1,7.9,8.2,,Indian Institute of Technology ,Bihar,"2,23,100","43,600",,,,,,,,,,,,,,,,,,,,,,,,,,,,,,,,,,,,,,,,,,,,,,,,,,,,,,,,,,,Indian_Engineering_Colleges_Dataset.csv,NIRF_2025_Scores_with_Rank.csv,Existing dataset + NIRF 2025 where conservatively matched,Not yet verified,Populate only from authoritative/current sources; do not infer missing values.
National Institute of Technology,,,Bihar,India,,,,,,165700,109200,7.7,7.9,7.9,7.3,6.9,8.0,8.0,,National Institute of Technology ,Bihar,"1,65,700","1,09,200",,,,,,,,,,,,,,,,,,,,,,,,,,,,,,,,,,,,,,,,,,,,,,,,,,,,,,,,,,,Indian_Engineering_Colleges_Dataset.csv,NIRF_2025_Scores_with_Rank.csv,Existing dataset + NIRF 2025 where conservatively matched,Not yet verified,Populate only from authoritative/current sources; do not infer missing values.
"Sandip University, Madhuban",,,Bihar,India,,,,,,160000,117600,8.4,8.2,8.6,7.6,9.0,8.2,8.5,,"Sandip University, Madhuban ",Bihar,"1,60,000","1,17,600",,,,,,,,,,,,,,,,,,,,,,,,,,,,,,,,,,,,,,,,,,,,,,,,,,,,,,,,,,,Indian_Engineering_Colleges_Dataset.csv,NIRF_2025_Scores_with_Rank.csv,Existing dataset + NIRF 2025 where conservatively matched,Not yet verified,Populate only from authoritative/current sources; do not infer missing values.
Government Engineering College,,,Bihar,India,,,,,,100000,,8.5,8.8,8.4,9.0,9.0,7.8,8.2,,Government Engineering College ,Bihar,"1,00,000",--,,,,,,,,,,,,,,,,,,,,,,,,,,,,,,,,,,,,,,,,,,,,,,,,,,,,,,,,,,,Indian_Engineering_Colleges_Dataset.csv,NIRF_2025_Scores_with_Rank.csv,Existing dataset + NIRF 2025 where conservatively matched,Not yet verified,Populate only from authoritative/current sources; do not infer missing values.
"Amity University, Patna",,,Bihar,India,,,,,,159000,,7.8,8.5,7.8,7.7,7.2,7.8,7.9,,"Amity University, Patna ",Bihar,"1,59,000",--,,,,,,,,,,,,,,,,,,,,,,,,,,,,,,,,,,,,,,,,,,,,,,,,,,,,,,,,,,,Indian_Engineering_Colleges_Dataset.csv,NIRF_2025_Scores_with_Rank.csv,Existing dataset + NIRF 2025 where conservatively matched,Not yet verified,Populate only from authoritative/current sources; do not infer missing values.
Aryabhatta Knowledge University,,,Bihar,India,,,,,,42000,42000,8.0,8.7,8.1,8.3,7.1,7.6,8.1,,Aryabhatta Knowledge University ,Bihar,"42,000","42,000",,,,,,,,,,,,,,,,,,,,,,,,,,,,,,,,,,,,,,,,,,,,,,,,,,,,,,,,,,,Indian_Engineering_Colleges_Dataset.csv,NIRF_2025_Scores_with_Rank.csv,Existing dataset + NIRF 2025 where conservatively matched,Not yet verified,Populate only from authoritative/current sources; do not infer missing values.
Bhagalpur College of Engineering,,,Bihar,India,,,,,,112500,,7.5,8.1,7.9,7.2,7.8,6.0,8.0,,Bhagalpur College of Engineering ,Bihar,"1,12,500",--,,,,,,,,,,,,,,,,,,,,,,,,,,,,,,,,,,,,,,,,,,,,,,,,,,,,,,,,,,,Indian_Engineering_Colleges_Dataset.csv,NIRF_2025_Scores_with_Rank.csv,Existing dataset + NIRF 2025 where conservatively matched,Not yet verified,Populate only from authoritative/current sources; do not infer missing values.
Birla Institute of Technology,,,Bihar,India,,,,,,295000,231000,7.2,7.3,6.5,7.4,8.0,6.7,7.2,51,Birla Institute of Technology ,Bihar,"2,95,000","2,31,000",13.45,30.0,17.05,15.72,18.52,18.59,1.0,2.1,30.39,15.0,15.06,5.58,,,,,,,,,,,,,,,,,,,,,,,,,,,,,,,,,,,,,,,,,,,,,,,Indian_Engineering_Colleges_Dataset.csv,NIRF_2025_Scores_with_Rank.csv,Existing dataset + NIRF 2025 where conservatively matched,Not yet verified,Populate only from authoritative/current sources; do not infer missing values.
"Gaya College of Engineering, Gaya",,,Bihar,India,,,,,,100000,,7.1,7.8,7.3,7.0,7.5,5.3,7.7,,"Gaya College of Engineering, Gaya ",Bihar,"1,00,000",--,,,,,,,,,,,,,,,,,,,,,,,,,,,,,,,,,,,,,,,,,,,,,,,,,,,,,,,,,,,Indian_Engineering_Colleges_Dataset.csv,NIRF_2025_Scores_with_Rank.csv,Existing dataset + NIRF 2025 where conservatively matched,Not yet verified,Populate only from authoritative/current sources; do not infer missing values.
Netaji Subhas Institute of Technology,,,Bihar,India,,,,,,108300,67700,7.0,7.4,7.8,7.2,6.6,5.8,7.2,,Netaji Subhas Institute of Technology ,Bihar,"1,08,300","67,700",,,,,,,,,,,,,,,,,,,,,,,,,,,,,,,,,,,,,,,,,,,,,,,,,,,,,,,,,,,Indian_Engineering_Colleges_Dataset.csv,NIRF_2025_Scores_with_Rank.csv,Existing dataset + NIRF 2025 where conservatively matched,Not yet verified,Populate only from authoritative/current sources; do not infer missing values.
Muzaffarpur Institute of Technology,,,Bihar,India,,,,,,100000,,7.1,7.3,7.6,7.2,6.8,6.2,7.4,,Muzaffarpur Institute of Technology ,Bihar,"1,00,000",--,,,,,,,,,,,,,,,,,,,,,,,,,,,,,,,,,,,,,,,,,,,,,,,,,,,,,,,,,,,Indian_Engineering_Colleges_Dataset.csv,NIRF_2025_Scores_with_Rank.csv,Existing dataset + NIRF 2025 where conservatively matched,Not yet verified,Populate only from authoritative/current sources; do not infer missing values.
Nalanda College of Engineering,,,Bihar,India,,,,,,12920,22230,8.1,8.3,8.2,8.2,8.1,7.5,8.0,,Nalanda College of Engineering ,Bihar,"12,920","22,230",,,,,,,,,,,,,,,,,,,,,,,,,,,,,,,,,,,,,,,,,,,,,,,,,,,,,,,,,,,Indian_Engineering_Colleges_Dataset.csv,NIRF_2025_Scores_with_Rank.csv,Existing dataset + NIRF 2025 where conservatively matched,Not yet verified,Populate only from authoritative/current sources; do not infer missing values.
Bakhtiyarpur College of Engineering,,,Bihar,India,,,,,,,,7.7,7.9,7.5,8.2,8.2,6.5,8.0,,Bakhtiyarpur College of Engineering ,Bihar,--,--,,,,,,,,,,,,,,,,,,,,,,,,,,,,,,,,,,,,,,,,,,,,,,,,,,,,,,,,,,,Indian_Engineering_Colleges_Dataset.csv,NIRF_2025_Scores_with_Rank.csv,Existing dataset + NIRF 2025 where conservatively matched,Not yet verified,Populate only from authoritative/current sources; do not infer missing values.
Darbhanga College of Engineering,,,Bihar,India,,,,,,29130,,6.7,7.1,7.9,6.3,7.5,4.6,6.7,,Darbhanga College of Engineering ,Bihar,"29,130",--,,,,,,,,,,,,,,,,,,,,,,,,,,,,,,,,,,,,,,,,,,,,,,,,,,,,,,,,,,,Indian_Engineering_Colleges_Dataset.csv,NIRF_2025_Scores_with_Rank.csv,Existing dataset + NIRF 2025 where conservatively matched,Not yet verified,Populate only from authoritative/current sources; do not infer missing values.
Motihari College of Engineering,,,Bihar,India,,,,,,,,6.7,7.5,8.0,6.2,7.4,4.7,6.1,,Motihari College of Engineering ,Bihar,--,--,,,,,,,,,,,,,,,,,,,,,,,,,,,,,,,,,,,,,,,,,,,,,,,,,,,,,,,,,,,Indian_Engineering_Colleges_Dataset.csv,NIRF_2025_Scores_with_Rank.csv,Existing dataset + NIRF 2025 where conservatively matched,Not yet verified,Populate only from authoritative/current sources; do not infer missing values.
Central Institute of Plastics Engineering and Technology,,,Bihar,India,,,,,,35750,42350,7.5,7.7,8.4,6.7,5.7,8.4,7.9,,Central Institute of Plastics Engineering and Technology ,Bihar,"35,750","42,350",,,,,,,,,,,,,,,,,,,,,,,,,,,,,,,,,,,,,,,,,,,,,,,,,,,,,,,,,,,Indian_Engineering_Colleges_Dataset.csv,NIRF_2025_Scores_with_Rank.csv,Existing dataset + NIRF 2025 where conservatively matched,Not yet verified,Populate only from authoritative/current sources; do not infer missing values.
Loknayak Jai Prakash Institute Of Technology,,,Bihar,India,,,,,,,,7.9,8.6,8.5,8.3,7.5,6.3,8.1,,Loknayak Jai Prakash Institute Of Technology ,Bihar,--,--,,,,,,,,,,,,,,,,,,,,,,,,,,,,,,,,,,,,,,,,,,,,,,,,,,,,,,,,,,,Indian_Engineering_Colleges_Dataset.csv,NIRF_2025_Scores_with_Rank.csv,Existing dataset + NIRF 2025 where conservatively matched,Not yet verified,Populate only from authoritative/current sources; do not infer missing values.
Purnea College of Engineering,,,Bihar,India,,,,,,,,8.5,9.0,8.0,,8.7,,,,Purnea College of Engineering ,Bihar,--,--,,,,,,,,,,,,,,,,,,,,,,,,,,,,,,,,,,,,,,,,,,,,,,,,,,,,,,,,,,,Indian_Engineering_Colleges_Dataset.csv,NIRF_2025_Scores_with_Rank.csv,Existing dataset + NIRF 2025 where conservatively matched,Not yet verified,Populate only from authoritative/current sources; do not infer missing values.
Katihar Engineering College,,,Bihar,India,,,,,,,,7.5,8.2,8.7,7.0,6.3,7.0,7.7,,Katihar Engineering College ,Bihar,--,--,,,,,,,,,,,,,,,,,,,,,,,,,,,,,,,,,,,,,,,,,,,,,,,,,,,,,,,,,,,Indian_Engineering_Colleges_Dataset.csv,NIRF_2025_Scores_with_Rank.csv,Existing dataset + NIRF 2025 where conservatively matched,Not yet verified,Populate only from authoritative/current sources; do not infer missing values.
Saharsa College of Engineering,,,Bihar,India,,,,,,,,7.7,8.7,8.7,8.0,7.8,6.0,7.2,,Saharsa College of Engineering ,Bihar,--,--,,,,,,,,,,,,,,,,,,,,,,,,,,,,,,,,,,,,,,,,,,,,,,,,,,,,,,,,,,,Indian_Engineering_Colleges_Dataset.csv,NIRF_2025_Scores_with_Rank.csv,Existing dataset + NIRF 2025 where conservatively matched,Not yet verified,Populate only from authoritative/current sources; do not infer missing values.
Supaul College of Engineering,,,Bihar,India,,,,,,,,6.5,7.0,8.0,8.0,5.0,6.0,5.0,,Supaul College of Engineering ,Bihar,--,--,,,,,,,,,,,,,,,,,,,,,,,,,,,,,,,,,,,,,,,,,,,,,,,,,,,,,,,,,,,Indian_Engineering_Colleges_Dataset.csv,NIRF_2025_Scores_with_Rank.csv,Existing dataset + NIRF 2025 where conservatively matched,Not yet verified,Populate only from authoritative/current sources; do not infer missing values.
Millia Institute of Technology,,,Bihar,India,,,,,,81050,,6.9,8.2,7.0,7.2,6.3,5.5,7.2,,Millia Institute of Technology ,Bihar,"81,050",--,,,,,,,,,,,,,,,,,,,,,,,,,,,,,,,,,,,,,,,,,,,,,,,,,,,,,,,,,,,Indian_Engineering_Colleges_Dataset.csv,NIRF_2025_Scores_with_Rank.csv,Existing dataset + NIRF 2025 where conservatively matched,Not yet verified,Populate only from authoritative/current sources; do not infer missing values.
"Sityog Institute of Technology, Aurangabad",,,Bihar,India,,,,,,111000,95600,7.3,8.0,7.5,7.4,7.6,6.2,7.0,,"Sityog Institute of Technology, Aurangabad ",Bihar,"1,11,000","95,600",,,,,,,,,,,,,,,,,,,,,,,,,,,,,,,,,,,,,,,,,,,,,,,,,,,,,,,,,,,Indian_Engineering_Colleges_Dataset.csv,NIRF_2025_Scores_with_Rank.csv,Existing dataset + NIRF 2025 where conservatively matched,Not yet verified,Populate only from authoritative/current sources; do not infer missing values.
Vidya Vihar Institute of Technology,,,Bihar,India,,,,,,75000,,7.0,7.5,7.0,7.8,6.0,6.8,6.8,,Vidya Vihar Institute of Technology ,Bihar,"75,000",--,,,,,,,,,,,,,,,,,,,,,,,,,,,,,,,,,,,,,,,,,,,,,,,,,,,,,,,,,,,Indian_Engineering_Colleges_Dataset.csv,NIRF_2025_Scores_with_Rank.csv,Existing dataset + NIRF 2025 where conservatively matched,Not yet verified,Populate only from authoritative/current sources; do not infer missing values.
Shershah College of Engineering,,,Bihar,India,,,,,,5000,,7.6,8.5,8.8,7.9,6.3,6.5,7.6,,Shershah College of Engineering ,Bihar,"5,000",--,,,,,,,,,,,,,,,,,,,,,,,,,,,,,,,,,,,,,,,,,,,,,,,,,,,,,,,,,,,Indian_Engineering_Colleges_Dataset.csv,NIRF_2025_Scores_with_Rank.csv,Existing dataset + NIRF 2025 where conservatively matched,Not yet verified,Populate only from authoritative/current sources; do not infer missing values.
"RP Sharma Institute of Technology, Patna",,,Bihar,India,,,,,,85000,65000,6.8,7.9,7.7,7.3,6.6,5.1,6.1,,"RP Sharma Institute of Technology, Patna ",Bihar,"85,000","65,000",,,,,,,,,,,,,,,,,,,,,,,,,,,,,,,,,,,,,,,,,,,,,,,,,,,,,,,,,,,Indian_Engineering_Colleges_Dataset.csv,NIRF_2025_Scores_with_Rank.csv,Existing dataset + NIRF 2025 where conservatively matched,Not yet verified,Populate only from authoritative/current sources; do not infer missing values.
Sitamarhi Institute of Technology,,,Bihar,India,,,,,,,,5.6,6.7,7.0,6.5,4.4,4.7,4.3,,Sitamarhi Institute of Technology ,Bihar,--,--,,,,,,,,,,,,,,,,,,,,,,,,,,,,,,,,,,,,,,,,,,,,,,,,,,,,,,,,,,,Indian_Engineering_Colleges_Dataset.csv,NIRF_2025_Scores_with_Rank.csv,Existing dataset + NIRF 2025 where conservatively matched,Not yet verified,Populate only from authoritative/current sources; do not infer missing values.
Government Engineering College,,,Bihar,India,,,,,,,,5.3,,6.0,,,3.0,7.0,,Government Engineering College ,Bihar,--,--,,,,,,,,,,,,,,,,,,,,,,,,,,,,,,,,,,,,,,,,,,,,,,,,,,,,,,,,,,,Indian_Engineering_Colleges_Dataset.csv,NIRF_2025_Scores_with_Rank.csv,Existing dataset + NIRF 2025 where conservatively matched,Not yet verified,Populate only from authoritative/current sources; do not infer missing values.
Maulana Azad College of Engineering and Technology,,,Bihar,India,,,,,,70000,,5.4,6.3,6.8,6.2,4.0,3.5,5.5,,Maulana Azad College of Engineering and Technology ,Bihar,"70,000",--,,,,,,,,,,,,,,,,,,,,,,,,,,,,,,,,,,,,,,,,,,,,,,,,,,,,,,,,,,,Indian_Engineering_Colleges_Dataset.csv,NIRF_2025_Scores_with_Rank.csv,Existing dataset + NIRF 2025 where conservatively matched,Not yet verified,Populate only from authoritative/current sources; do not infer missing values.
Rashtrakavi Ramdhari Singh Dinkar College of Engineering,,,Bihar,India,,,,,,2630,,6.5,7.6,7.1,7.4,5.3,4.7,6.9,,Rashtrakavi Ramdhari Singh Dinkar College of Engineering ,Bihar,"2,630",--,,,,,,,,,,,,,,,,,,,,,,,,,,,,,,,,,,,,,,,,,,,,,,,,,,,,,,,,,,,Indian_Engineering_Colleges_Dataset.csv,NIRF_2025_Scores_with_Rank.csv,Existing dataset + NIRF 2025 where conservatively matched,Not yet verified,Populate only from authoritative/current sources; do not infer missing values.
National Institute of Technology,,,Chhattisgarh,India,,,,,,138000,83000,7.4,7.8,7.5,7.0,6.4,7.7,8.1,,National Institute of Technology ,Chhattisgarh,"1,38,000","83,000",,,,,,,,,,,,,,,,,,,,,,,,,,,,,,,,,,,,,,,,,,,,,,,,,,,,,,,,,,,Indian_Engineering_Colleges_Dataset.csv,NIRF_2025_Scores_with_Rank.csv,Existing dataset + NIRF 2025 where conservatively matched,Not yet verified,Populate only from authoritative/current sources; do not infer missing values.
Indian Institute of Technology,,,Chhattisgarh,India,,,,,,235300,233000,7.7,8.1,7.8,7.0,6.6,7.6,8.8,,Indian Institute of Technology ,Chhattisgarh,"2,35,300","2,33,000",,,,,,,,,,,,,,,,,,,,,,,,,,,,,,,,,,,,,,,,,,,,,,,,,,,,,,,,,,,Indian_Engineering_Colleges_Dataset.csv,NIRF_2025_Scores_with_Rank.csv,Existing dataset + NIRF 2025 where conservatively matched,Not yet verified,Populate only from authoritative/current sources; do not infer missing values.
"Amity University, Raipur",,,Chhattisgarh,India,,,,,,108000,94000,7.8,7.8,8.0,8.0,8.3,6.3,8.2,,"Amity University, Raipur ",Chhattisgarh,"1,08,000","94,000",,,,,,,,,,,,,,,,,,,,,,,,,,,,,,,,,,,,,,,,,,,,,,,,,,,,,,,,,,,Indian_Engineering_Colleges_Dataset.csv,NIRF_2025_Scores_with_Rank.csv,Existing dataset + NIRF 2025 where conservatively matched,Not yet verified,Populate only from authoritative/current sources; do not infer missing values.
International Institute of Information Technology,,,Chhattisgarh,India,,,,,,180150,150150,8.2,8.1,7.6,8.7,8.6,7.6,8.6,,International Institute of Information Technology ,Chhattisgarh,"1,80,150","1,50,150",,,,,,,,,,,,,,,,,,,,,,,,,,,,,,,,,,,,,,,,,,,,,,,,,,,,,,,,,,,Indian_Engineering_Colleges_Dataset.csv,NIRF_2025_Scores_with_Rank.csv,Existing dataset + NIRF 2025 where conservatively matched,Not yet verified,Populate only from authoritative/current sources; do not infer missing values.
"ITM University, Raipur",,,Chhattisgarh,India,,,,,,120000,83000,7.4,8.0,7.0,8.3,6.4,7.2,7.6,,"ITM University, Raipur ",Chhattisgarh,"1,20,000","83,000",,,,,,,,,,,,,,,,,,,,,,,,,,,,,,,,,,,,,,,,,,,,,,,,,,,,,,,,,,,Indian_Engineering_Colleges_Dataset.csv,NIRF_2025_Scores_with_Rank.csv,Existing dataset + NIRF 2025 where conservatively matched,Not yet verified,Populate only from authoritative/current sources; do not infer missing values.
Bhilai Institute of Technology,,,Chhattisgarh,India,,,,,,77750,72400,7.3,7.7,7.6,7.7,6.7,6.4,7.5,,Bhilai Institute of Technology ,Chhattisgarh,"77,750","72,400",,,,,,,,,,,,,,,,,,,,,,,,,,,,,,,,,,,,,,,,,,,,,,,,,,,,,,,,,,,Indian_Engineering_Colleges_Dataset.csv,NIRF_2025_Scores_with_Rank.csv,Existing dataset + NIRF 2025 where conservatively matched,Not yet verified,Populate only from authoritative/current sources; do not infer missing values.
Bhilai Institute of Technology,,,Chhattisgarh,India,,,,,,32810,79214,7.5,8.4,8.3,7.5,6.4,6.9,7.3,,Bhilai Institute of Technology ,Chhattisgarh,"32,810","79,214",,,,,,,,,,,,,,,,,,,,,,,,,,,,,,,,,,,,,,,,,,,,,,,,,,,,,,,,,,,Indian_Engineering_Colleges_Dataset.csv,NIRF_2025_Scores_with_Rank.csv,Existing dataset + NIRF 2025 where conservatively matched,Not yet verified,Populate only from authoritative/current sources; do not infer missing values.
"Govt Engineering College, Bilaspur",,,Chhattisgarh,India,,,,,,12725,,6.9,7.8,7.7,6.9,6.5,5.5,6.9,,"Govt Engineering College, Bilaspur ",Chhattisgarh,"12,725",--,,,,,,,,,,,,,,,,,,,,,,,,,,,,,,,,,,,,,,,,,,,,,,,,,,,,,,,,,,,Indian_Engineering_Colleges_Dataset.csv,NIRF_2025_Scores_with_Rank.csv,Existing dataset + NIRF 2025 where conservatively matched,Not yet verified,Populate only from authoritative/current sources; do not infer missing values.
OP Jindal University,,,Chhattisgarh,India,,,,,,131000,139000,8.9,9.1,9.0,9.5,8.3,8.4,9.0,,OP Jindal University ,Chhattisgarh,"1,31,000","1,39,000",,,,,,,,,,,,,,,,,,,,,,,,,,,,,,,,,,,,,,,,,,,,,,,,,,,,,,,,,,,Indian_Engineering_Colleges_Dataset.csv,NIRF_2025_Scores_with_Rank.csv,Existing dataset + NIRF 2025 where conservatively matched,Not yet verified,Populate only from authoritative/current sources; do not infer missing values.
Lakhmi Chand Institute of Technology,,,Chhattisgarh,India,,,,,,71230,,7.2,7.9,7.6,8.3,6.4,5.1,7.6,,Lakhmi Chand Institute of Technology ,Chhattisgarh,"71,230",--,,,,,,,,,,,,,,,,,,,,,,,,,,,,,,,,,,,,,,,,,,,,,,,,,,,,,,,,,,,Indian_Engineering_Colleges_Dataset.csv,NIRF_2025_Scores_with_Rank.csv,Existing dataset + NIRF 2025 where conservatively matched,Not yet verified,Populate only from authoritative/current sources; do not infer missing values.
"ICFAI University, Raipur",,,Chhattisgarh,India,,,,,,100000,,8.6,8.6,8.8,8.8,8.4,8.6,8.4,,"ICFAI University, Raipur ",Chhattisgarh,"1,00,000",--,,,,,,,,,,,,,,,,,,,,,,,,,,,,,,,,,,,,,,,,,,,,,,,,,,,,,,,,,,,Indian_Engineering_Colleges_Dataset.csv,NIRF_2025_Scores_with_Rank.csv,Existing dataset + NIRF 2025 where conservatively matched,Not yet verified,Populate only from authoritative/current sources; do not infer missing values.
Raipur Institute of Technology,,,Chhattisgarh,India,,,,,,273000,121000,8.0,8.6,7.5,8.5,7.4,8.0,7.7,,Raipur Institute of Technology ,Chhattisgarh,"2,73,000","1,21,000",,,,,,,,,,,,,,,,,,,,,,,,,,,,,,,,,,,,,,,,,,,,,,,,,,,,,,,,,,,Indian_Engineering_Colleges_Dataset.csv,NIRF_2025_Scores_with_Rank.csv,Existing dataset + NIRF 2025 where conservatively matched,Not yet verified,Populate only from authoritative/current sources; do not infer missing values.
Shri Shankaracharya Institute of Professional Management and,,,Chhattisgarh,India,,,,,,73880,56050,8.0,8.3,8.6,7.8,7.7,7.7,7.9,,Shri Shankaracharya Institute of Professional Management and ,Chhattisgarh,"73,880","56,050",,,,,,,,,,,,,,,,,,,,,,,,,,,,,,,,,,,,,,,,,,,,,,,,,,,,,,,,,,,Indian_Engineering_Colleges_Dataset.csv,NIRF_2025_Scores_with_Rank.csv,Existing dataset + NIRF 2025 where conservatively matched,Not yet verified,Populate only from authoritative/current sources; do not infer missing values.
Chhatrapati Shivaji Institute of Technology,,,Chhattisgarh,India,,,,,,75000,67440,7.2,7.7,7.1,8.2,6.0,6.9,7.2,,Chhatrapati Shivaji Institute of Technology ,Chhattisgarh,"75,000","67,440",,,,,,,,,,,,,,,,,,,,,,,,,,,,,,,,,,,,,,,,,,,,,,,,,,,,,,,,,,,Indian_Engineering_Colleges_Dataset.csv,NIRF_2025_Scores_with_Rank.csv,Existing dataset + NIRF 2025 where conservatively matched,Not yet verified,Populate only from authoritative/current sources; do not infer missing values.
Shri Rawatpura Sarkar University,,,Chhattisgarh,India,,,,,,40600,50200,8.5,9.0,8.5,8.5,8.0,8.5,8.5,,Shri Rawatpura Sarkar University ,Chhattisgarh,"40,600","50,200",,,,,,,,,,,,,,,,,,,,,,,,,,,,,,,,,,,,,,,,,,,,,,,,,,,,,,,,,,,Indian_Engineering_Colleges_Dataset.csv,NIRF_2025_Scores_with_Rank.csv,Existing dataset + NIRF 2025 where conservatively matched,Not yet verified,Populate only from authoritative/current sources; do not infer missing values.
Government Engineering College,,,Chhattisgarh,India,,,,,,82780,,6.0,6.6,6.2,6.9,5.3,4.6,6.2,,Government Engineering College ,Chhattisgarh,"82,780",--,,,,,,,,,,,,,,,,,,,,,,,,,,,,,,,,,,,,,,,,,,,,,,,,,,,,,,,,,,,Indian_Engineering_Colleges_Dataset.csv,NIRF_2025_Scores_with_Rank.csv,Existing dataset + NIRF 2025 where conservatively matched,Not yet verified,Populate only from authoritative/current sources; do not infer missing values.
Columbia Institute of Engineering and Technology,,,Chhattisgarh,India,,,,,,59940,35312,8.1,8.7,8.3,8.0,7.3,8.7,7.7,,Columbia Institute of Engineering and Technology ,Chhattisgarh,"59,940","35,312",,,,,,,,,,,,,,,,,,,,,,,,,,,,,,,,,,,,,,,,,,,,,,,,,,,,,,,,,,,Indian_Engineering_Colleges_Dataset.csv,NIRF_2025_Scores_with_Rank.csv,Existing dataset + NIRF 2025 where conservatively matched,Not yet verified,Populate only from authoritative/current sources; do not infer missing values.
AAFT University of Media and Arts,,,Chhattisgarh,India,,,,,,,,,,,,,,,,AAFT University of Media and Arts ,Chhattisgarh,--,--,,,,,,,,,,,,,,,,,,,,,,,,,,,,,,,,,,,,,,,,,,,,,,,,,,,,,,,,,,,Indian_Engineering_Colleges_Dataset.csv,NIRF_2025_Scores_with_Rank.csv,Existing dataset + NIRF 2025 where conservatively matched,Not yet verified,Populate only from authoritative/current sources; do not infer missing values.
Chouksey Engineering College,,,Chhattisgarh,India,,,,,,72230,69750,8.0,8.2,8.1,8.0,8.3,7.0,8.5,,Chouksey Engineering College ,Chhattisgarh,"72,230","69,750",,,,,,,,,,,,,,,,,,,,,,,,,,,,,,,,,,,,,,,,,,,,,,,,,,,,,,,,,,,Indian_Engineering_Colleges_Dataset.csv,NIRF_2025_Scores_with_Rank.csv,Existing dataset + NIRF 2025 where conservatively matched,Not yet verified,Populate only from authoritative/current sources; do not infer missing values.
Christian College of Engineering and Technology,,,Chhattisgarh,India,,,,,,76900,66400,6.8,7.6,7.2,7.4,6.7,5.8,5.8,,Christian College of Engineering and Technology ,Chhattisgarh,"76,900","66,400",,,,,,,,,,,,,,,,,,,,,,,,,,,,,,,,,,,,,,,,,,,,,,,,,,,,,,,,,,,Indian_Engineering_Colleges_Dataset.csv,NIRF_2025_Scores_with_Rank.csv,Existing dataset + NIRF 2025 where conservatively matched,Not yet verified,Populate only from authoritative/current sources; do not infer missing values.
Chhattisgarh Engineering College,,,Chhattisgarh,India,,,,,,60000,30000,5.8,6.3,6.3,6.0,5.0,5.0,6.0,,Chhattisgarh Engineering College ,Chhattisgarh,"60,000","30,000",,,,,,,,,,,,,,,,,,,,,,,,,,,,,,,,,,,,,,,,,,,,,,,,,,,,,,,,,,,Indian_Engineering_Colleges_Dataset.csv,NIRF_2025_Scores_with_Rank.csv,Existing dataset + NIRF 2025 where conservatively matched,Not yet verified,Populate only from authoritative/current sources; do not infer missing values.
Disha Institute of Management and Technology,,,Chhattisgarh,India,,,,,,,,8.1,8.0,7.9,9.7,8.8,6.3,8.0,,Disha Institute of Management and Technology ,Chhattisgarh,--,--,,,,,,,,,,,,,,,,,,,,,,,,,,,,,,,,,,,,,,,,,,,,,,,,,,,,,,,,,,,Indian_Engineering_Colleges_Dataset.csv,NIRF_2025_Scores_with_Rank.csv,Existing dataset + NIRF 2025 where conservatively matched,Not yet verified,Populate only from authoritative/current sources; do not infer missing values.
Rungta College of Engineering and Technology,,,Chhattisgarh,India,,,,,,76100,69750,7.7,8.2,7.7,8.2,7.3,8.2,6.7,,Rungta College of Engineering and Technology ,Chhattisgarh,"76,100","69,750",,,,,,,,,,,,,,,,,,,,,,,,,,,,,,,,,,,,,,,,,,,,,,,,,,,,,,,,,,,Indian_Engineering_Colleges_Dataset.csv,NIRF_2025_Scores_with_Rank.csv,Existing dataset + NIRF 2025 where conservatively matched,Not yet verified,Populate only from authoritative/current sources; do not infer missing values.
"Kirodimal Institute of Technology, Raigarh",,,Chhattisgarh,India,,,,,,31500,,7.0,8.0,7.0,7.0,6.0,7.0,7.0,,"Kirodimal Institute of Technology, Raigarh ",Chhattisgarh,"31,500",--,,,,,,,,,,,,,,,,,,,,,,,,,,,,,,,,,,,,,,,,,,,,,,,,,,,,,,,,,,,Indian_Engineering_Colleges_Dataset.csv,NIRF_2025_Scores_with_Rank.csv,Existing dataset + NIRF 2025 where conservatively matched,Not yet verified,Populate only from authoritative/current sources; do not infer missing values.
Krishna Engineering College,,,Chhattisgarh,India,,,,,,75200,,7.4,9.0,8.7,8.0,5.5,6.6,6.4,,Krishna Engineering College ,Chhattisgarh,"75,200",--,,,,,,,,,,,,,,,,,,,,,,,,,,,,,,,,,,,,,,,,,,,,,,,,,,,,,,,,,,,Indian_Engineering_Colleges_Dataset.csv,NIRF_2025_Scores_with_Rank.csv,Existing dataset + NIRF 2025 where conservatively matched,Not yet verified,Populate only from authoritative/current sources; do not infer missing values.
RSR Rungta College of Engineering and Technology,,,Chhattisgarh,India,,,,,,75100,60000,7.5,7.7,7.2,7.5,7.5,7.3,7.6,,RSR Rungta College of Engineering and Technology ,Chhattisgarh,"75,100","60,000",,,,,,,,,,,,,,,,,,,,,,,,,,,,,,,,,,,,,,,,,,,,,,,,,,,,,,,,,,,Indian_Engineering_Colleges_Dataset.csv,NIRF_2025_Scores_with_Rank.csv,Existing dataset + NIRF 2025 where conservatively matched,Not yet verified,Populate only from authoritative/current sources; do not infer missing values.
Shri Shankaracharya Group of Institutions,,,Chhattisgarh,India,,,,,,283000,36525,7.6,7.7,7.5,7.9,7.2,7.0,8.1,,Shri Shankaracharya Group of Institutions ,Chhattisgarh,"2,83,000","36,525",,,,,,,,,,,,,,,,,,,,,,,,,,,,,,,,,,,,,,,,,,,,,,,,,,,,,,,,,,,Indian_Engineering_Colleges_Dataset.csv,NIRF_2025_Scores_with_Rank.csv,Existing dataset + NIRF 2025 where conservatively matched,Not yet verified,Populate only from authoritative/current sources; do not infer missing values.
Indian Institute of Technology,,,Jharkhand,India,,,,,,227500,59400,8.3,8.6,7.8,8.5,7.8,8.3,8.6,,Indian Institute of Technology ,Jharkhand,"2,27,500","59,400",,,,,,,,,,,,,,,,,,,,,,,,,,,,,,,,,,,,,,,,,,,,,,,,,,,,,,,,,,,Indian_Engineering_Colleges_Dataset.csv,NIRF_2025_Scores_with_Rank.csv,Existing dataset + NIRF 2025 where conservatively matched,Not yet verified,Populate only from authoritative/current sources; do not infer missing values.
Birla Institute of Technology,,,Jharkhand,India,,,,,,285000,244000,8.1,8.3,7.9,8.3,7.6,8.1,8.4,51,Birla Institute of Technology ,Jharkhand,"2,85,000","2,44,000",13.45,30.0,17.05,15.72,18.52,18.59,1.0,2.1,30.39,15.0,15.06,5.58,,,,,,,,,,,,,,,,,,,,,,,,,,,,,,,,,,,,,,,,,,,,,,,Indian_Engineering_Colleges_Dataset.csv,NIRF_2025_Scores_with_Rank.csv,Existing dataset + NIRF 2025 where conservatively matched,Not yet verified,Populate only from authoritative/current sources; do not infer missing values.
National Institute of Technology,,,Jharkhand,India,,,,,,188000,103000,7.8,7.4,7.2,6.9,8.2,8.6,8.5,,National Institute of Technology ,Jharkhand,"1,88,000","1,03,000",,,,,,,,,,,,,,,,,,,,,,,,,,,,,,,,,,,,,,,,,,,,,,,,,,,,,,,,,,,Indian_Engineering_Colleges_Dataset.csv,NIRF_2025_Scores_with_Rank.csv,Existing dataset + NIRF 2025 where conservatively matched,Not yet verified,Populate only from authoritative/current sources; do not infer missing values.
Birsa Institute of Technology,,,Jharkhand,India,,,,,,20362,21562,7.7,8.0,7.7,7.6,7.7,7.2,7.7,,Birsa Institute of Technology ,Jharkhand,"20,362","21,562",,,,,,,,,,,,,,,,,,,,,,,,,,,,,,,,,,,,,,,,,,,,,,,,,,,,,,,,,,,Indian_Engineering_Colleges_Dataset.csv,NIRF_2025_Scores_with_Rank.csv,Existing dataset + NIRF 2025 where conservatively matched,Not yet verified,Populate only from authoritative/current sources; do not infer missing values.
"RKDF University, Ranchi",,,Jharkhand,India,,,,,,110000,107500,,,,,,,,,"RKDF University, Ranchi ",Jharkhand,"1,10,000","1,07,500",,,,,,,,,,,,,,,,,,,,,,,,,,,,,,,,,,,,,,,,,,,,,,,,,,,,,,,,,,,Indian_Engineering_Colleges_Dataset.csv,NIRF_2025_Scores_with_Rank.csv,Existing dataset + NIRF 2025 where conservatively matched,Not yet verified,Populate only from authoritative/current sources; do not infer missing values.
YBN University,,,Jharkhand,India,,,,,,69600,84500,8.2,8.5,8.5,8.0,7.5,8.3,8.4,,YBN University ,Jharkhand,"69,600","84,500",,,,,,,,,,,,,,,,,,,,,,,,,,,,,,,,,,,,,,,,,,,,,,,,,,,,,,,,,,,Indian_Engineering_Colleges_Dataset.csv,NIRF_2025_Scores_with_Rank.csv,Existing dataset + NIRF 2025 where conservatively matched,Not yet verified,Populate only from authoritative/current sources; do not infer missing values.
Indian Institute of Information Technology,,,Jharkhand,India,,,,,,130000,90000,7.9,8.1,7.8,7.6,8.2,7.5,8.3,,Indian Institute of Information Technology ,Jharkhand,"1,30,000","90,000",,,,,,,,,,,,,,,,,,,,,,,,,,,,,,,,,,,,,,,,,,,,,,,,,,,,,,,,,,,Indian_Engineering_Colleges_Dataset.csv,NIRF_2025_Scores_with_Rank.csv,Existing dataset + NIRF 2025 where conservatively matched,Not yet verified,Populate only from authoritative/current sources; do not infer missing values.
"Sai Nath University, Ranchi",,,Jharkhand,India,,,,,,53000,,6.8,7.4,6.8,6.9,6.7,6.9,6.3,,"Sai Nath University, Ranchi ",Jharkhand,"53,000",--,,,,,,,,,,,,,,,,,,,,,,,,,,,,,,,,,,,,,,,,,,,,,,,,,,,,,,,,,,,Indian_Engineering_Colleges_Dataset.csv,NIRF_2025_Scores_with_Rank.csv,Existing dataset + NIRF 2025 where conservatively matched,Not yet verified,Populate only from authoritative/current sources; do not infer missing values.
National Institute of Foundry & Forge Technology,,,Jharkhand,India,,,,,,47450,49450,8.4,8.1,8.5,8.4,7.9,8.8,8.4,,National Institute of Foundry & Forge Technology ,Jharkhand,"47,450","49,450",,,,,,,,,,,,,,,,,,,,,,,,,,,,,,,,,,,,,,,,,,,,,,,,,,,,,,,,,,,Indian_Engineering_Colleges_Dataset.csv,NIRF_2025_Scores_with_Rank.csv,Existing dataset + NIRF 2025 where conservatively matched,Not yet verified,Populate only from authoritative/current sources; do not infer missing values.
"Arka Jain University, Jamshedpur",,,Jharkhand,India,,,,,,93000,53000,8.1,8.1,8.1,8.0,7.7,7.5,9.0,,"Arka Jain University, Jamshedpur ",Jharkhand,"93,000","53,000",,,,,,,,,,,,,,,,,,,,,,,,,,,,,,,,,,,,,,,,,,,,,,,,,,,,,,,,,,,Indian_Engineering_Colleges_Dataset.csv,NIRF_2025_Scores_with_Rank.csv,Existing dataset + NIRF 2025 where conservatively matched,Not yet verified,Populate only from authoritative/current sources; do not infer missing values.
"Amity University, Ranchi",,,Jharkhand,India,,,,,,135000,,7.8,8.2,8.5,7.2,7.5,7.0,8.2,,"Amity University, Ranchi ",Jharkhand,"1,35,000",--,,,,,,,,,,,,,,,,,,,,,,,,,,,,,,,,,,,,,,,,,,,,,,,,,,,,,,,,,,,Indian_Engineering_Colleges_Dataset.csv,NIRF_2025_Scores_with_Rank.csv,Existing dataset + NIRF 2025 where conservatively matched,Not yet verified,Populate only from authoritative/current sources; do not infer missing values.
Jharkhand Rai University,,,Jharkhand,India,,,,,,85000,95000,7.7,8.0,8.8,7.3,7.5,6.9,7.8,,Jharkhand Rai University ,Jharkhand,"85,000","95,000",,,,,,,,,,,,,,,,,,,,,,,,,,,,,,,,,,,,,,,,,,,,,,,,,,,,,,,,,,,Indian_Engineering_Colleges_Dataset.csv,NIRF_2025_Scores_with_Rank.csv,Existing dataset + NIRF 2025 where conservatively matched,Not yet verified,Populate only from authoritative/current sources; do not infer missing values.
Netaji Subhas University,,,Jharkhand,India,,,,,,50000,50000,9.0,9.5,8.7,9.2,9.4,8.5,8.7,,Netaji Subhas University ,Jharkhand,"50,000","50,000",,,,,,,,,,,,,,,,,,,,,,,,,,,,,,,,,,,,,,,,,,,,,,,,,,,,,,,,,,,Indian_Engineering_Colleges_Dataset.csv,NIRF_2025_Scores_with_Rank.csv,Existing dataset + NIRF 2025 where conservatively matched,Not yet verified,Populate only from authoritative/current sources; do not infer missing values.
Radha Govind University,,,Jharkhand,India,,,,,,60000,40000,8.6,8.9,8.7,8.9,8.0,8.4,8.5,,Radha Govind University ,Jharkhand,"60,000","40,000",,,,,,,,,,,,,,,,,,,,,,,,,,,,,,,,,,,,,,,,,,,,,,,,,,,,,,,,,,,Indian_Engineering_Colleges_Dataset.csv,NIRF_2025_Scores_with_Rank.csv,Existing dataset + NIRF 2025 where conservatively matched,Not yet verified,Populate only from authoritative/current sources; do not infer missing values.
Cambridge Institute of Technology,,,Jharkhand,India,,,,,,71250,107000,5.5,5.8,6.3,5.1,5.6,4.8,5.4,,Cambridge Institute of Technology ,Jharkhand,"71,250","1,07,000",,,,,,,,,,,,,,,,,,,,,,,,,,,,,,,,,,,,,,,,,,,,,,,,,,,,,,,,,,,Indian_Engineering_Colleges_Dataset.csv,NIRF_2025_Scores_with_Rank.csv,Existing dataset + NIRF 2025 where conservatively matched,Not yet verified,Populate only from authoritative/current sources; do not infer missing values.
Sarala Birla University,,,Jharkhand,India,,,,,,131200,62200,8.5,8.6,8.4,8.8,8.3,8.4,8.2,,Sarala Birla University ,Jharkhand,"1,31,200","62,200",,,,,,,,,,,,,,,,,,,,,,,,,,,,,,,,,,,,,,,,,,,,,,,,,,,,,,,,,,,Indian_Engineering_Colleges_Dataset.csv,NIRF_2025_Scores_with_Rank.csv,Existing dataset + NIRF 2025 where conservatively matched,Not yet verified,Populate only from authoritative/current sources; do not infer missing values.
Birla Institute of Technology Extension Centre,,,Jharkhand,India,,,,,,285000,,7.8,7.8,8.1,7.1,7.5,8.0,8.1,,Birla Institute of Technology Extension Centre ,Jharkhand,"2,85,000",--,,,,,,,,,,,,,,,,,,,,,,,,,,,,,,,,,,,,,,,,,,,,,,,,,,,,,,,,,,,Indian_Engineering_Colleges_Dataset.csv,NIRF_2025_Scores_with_Rank.csv,Existing dataset + NIRF 2025 where conservatively matched,Not yet verified,Populate only from authoritative/current sources; do not infer missing values.
"Chaibasa Engineering College, Techno India Group, Chaibasa",,,Jharkhand,India,,,,,,,,7.2,7.7,7.3,7.7,6.9,6.4,7.0,,"Chaibasa Engineering College, Techno India Group, Chaibasa ",Jharkhand,--,--,,,,,,,,,,,,,,,,,,,,,,,,,,,,,,,,,,,,,,,,,,,,,,,,,,,,,,,,,,,Indian_Engineering_Colleges_Dataset.csv,NIRF_2025_Scores_with_Rank.csv,Existing dataset + NIRF 2025 where conservatively matched,Not yet verified,Populate only from authoritative/current sources; do not infer missing values.
Ramgarh Engineering College,,,Jharkhand,India,,,,,,,,6.7,7.1,7.6,6.8,6.2,4.6,7.7,,Ramgarh Engineering College ,Jharkhand,--,--,,,,,,,,,,,,,,,,,,,,,,,,,,,,,,,,,,,,,,,,,,,,,,,,,,,,,,,,,,,Indian_Engineering_Colleges_Dataset.csv,NIRF_2025_Scores_with_Rank.csv,Existing dataset + NIRF 2025 where conservatively matched,Not yet verified,Populate only from authoritative/current sources; do not infer missing values.
Capital University,,,Jharkhand,India,,,,,,110000,,8.2,8.3,8.0,8.3,8.1,8.1,8.1,,Capital University ,Jharkhand,"1,10,000",--,,,,,,,,,,,,,,,,,,,,,,,,,,,,,,,,,,,,,,,,,,,,,,,,,,,,,,,,,,,Indian_Engineering_Colleges_Dataset.csv,NIRF_2025_Scores_with_Rank.csv,Existing dataset + NIRF 2025 where conservatively matched,Not yet verified,Populate only from authoritative/current sources; do not infer missing values.
RTC Institute of Technology,,,Jharkhand,India,,,,,,78800,62400,7.7,8.3,8.7,8.3,7.4,7.4,6.0,,RTC Institute of Technology ,Jharkhand,"78,800","62,400",,,,,,,,,,,,,,,,,,,,,,,,,,,,,,,,,,,,,,,,,,,,,,,,,,,,,,,,,,,Indian_Engineering_Colleges_Dataset.csv,NIRF_2025_Scores_with_Rank.csv,Existing dataset + NIRF 2025 where conservatively matched,Not yet verified,Populate only from authoritative/current sources; do not infer missing values.
"University College of Engineering and Technology, Vinoba",,,Jharkhand,India,,,,,,65100,,7.0,7.5,7.5,7.3,6.9,6.1,6.9,,"University College of Engineering and Technology, Vinoba ",Jharkhand,"65,100",--,,,,,,,,,,,,,,,,,,,,,,,,,,,,,,,,,,,,,,,,,,,,,,,,,,,,,,,,,,,Indian_Engineering_Colleges_Dataset.csv,NIRF_2025_Scores_with_Rank.csv,Existing dataset + NIRF 2025 where conservatively matched,Not yet verified,Populate only from authoritative/current sources; do not infer missing values.
RVS College of Engineering and Technology,,,Jharkhand,India,,,,,,89400,81000,7.7,8.1,8.1,8.3,6.5,7.5,7.8,,RVS College of Engineering and Technology ,Jharkhand,"89,400","81,000",,,,,,,,,,,,,,,,,,,,,,,,,,,,,,,,,,,,,,,,,,,,,,,,,,,,,,,,,,,Indian_Engineering_Colleges_Dataset.csv,NIRF_2025_Scores_with_Rank.csv,Existing dataset + NIRF 2025 where conservatively matched,Not yet verified,Populate only from authoritative/current sources; do not infer missing values.
"KK College of Engineering and Management, Dhanbad",,,Jharkhand,India,,,,,,89570,61990,6.5,7.0,7.2,7.9,6.3,4.7,5.9,,"KK College of Engineering and Management, Dhanbad ",Jharkhand,"89,570","61,990",,,,,,,,,,,,,,,,,,,,,,,,,,,,,,,,,,,,,,,,,,,,,,,,,,,,,,,,,,,Indian_Engineering_Colleges_Dataset.csv,NIRF_2025_Scores_with_Rank.csv,Existing dataset + NIRF 2025 where conservatively matched,Not yet verified,Populate only from authoritative/current sources; do not infer missing values.
"Ramgovind Institute of Technology, Kodarma",,,Jharkhand,India,,,,,,34000,,4.9,6.5,6.0,4.0,6.5,2.5,4.0,,"Ramgovind Institute of Technology, Kodarma ",Jharkhand,"34,000",--,,,,,,,,,,,,,,,,,,,,,,,,,,,,,,,,,,,,,,,,,,,,,,,,,,,,,,,,,,,Indian_Engineering_Colleges_Dataset.csv,NIRF_2025_Scores_with_Rank.csv,Existing dataset + NIRF 2025 where conservatively matched,Not yet verified,Populate only from authoritative/current sources; do not infer missing values.
Nilai Institute of Technology,,,Jharkhand,India,,,,,,75000,35000,,,,,,,,,Nilai Institute of Technology ,Jharkhand,"75,000","35,000",,,,,,,,,,,,,,,,,,,,,,,,,,,,,,,,,,,,,,,,,,,,,,,,,,,,,,,,,,,Indian_Engineering_Colleges_Dataset.csv,NIRF_2025_Scores_with_Rank.csv,Existing dataset + NIRF 2025 where conservatively matched,Not yet verified,Populate only from authoritative/current sources; do not infer missing values.
"Maryland Institute of Technology And Management, Jamshedpur",,,Jharkhand,India,,,,,,62000,,6.8,7.5,7.0,5.5,7.5,6.3,7.0,,"Maryland Institute of Technology And Management, Jamshedpur ",Jharkhand,"62,000",--,,,,,,,,,,,,,,,,,,,,,,,,,,,,,,,,,,,,,,,,,,,,,,,,,,,,,,,,,,,Indian_Engineering_Colleges_Dataset.csv,NIRF_2025_Scores_with_Rank.csv,Existing dataset + NIRF 2025 where conservatively matched,Not yet verified,Populate only from authoritative/current sources; do not infer missing values.
Ramchandra Chandarvansi Institute of Technology,,,Jharkhand,India,,,,,,63200,,7.7,8.0,8.0,7.0,8.0,7.0,8.0,,Ramchandra Chandarvansi Institute of Technology ,Jharkhand,"63,200",--,,,,,,,,,,,,,,,,,,,,,,,,,,,,,,,,,,,,,,,,,,,,,,,,,,,,,,,,,,,Indian_Engineering_Colleges_Dataset.csv,NIRF_2025_Scores_with_Rank.csv,Existing dataset + NIRF 2025 where conservatively matched,Not yet verified,Populate only from authoritative/current sources; do not infer missing values.
Vidya Memorial Institute of Technology,,,Jharkhand,India,,,,,,53400,,7.5,8.7,7.5,8.0,6.5,8.0,6.5,,Vidya Memorial Institute of Technology ,Jharkhand,"53,400",--,,,,,,,,,,,,,,,,,,,,,,,,,,,,,,,,,,,,,,,,,,,,,,,,,,,,,,,,,,,Indian_Engineering_Colleges_Dataset.csv,NIRF_2025_Scores_with_Rank.csv,Existing dataset + NIRF 2025 where conservatively matched,Not yet verified,Populate only from authoritative/current sources; do not infer missing values.
Indian Institute of Technology,,,Himachal pradesh,India,,,,,,214000,216700,7.8,7.8,7.7,7.5,8.0,7.5,8.1,,Indian Institute of Technology ,Himachal pradesh,"2,14,000","2,16,700",,,,,,,,,,,,,,,,,,,,,,,,,,,,,,,,,,,,,,,,,,,,,,,,,,,,,,,,,,,Indian_Engineering_Colleges_Dataset.csv,NIRF_2025_Scores_with_Rank.csv,Existing dataset + NIRF 2025 where conservatively matched,Not yet verified,Populate only from authoritative/current sources; do not infer missing values.
National Institute of Technology,,,Himachal pradesh,India,,,,,,146100,34050,8.2,7.9,7.7,9.0,8.1,7.8,8.5,,National Institute of Technology ,Himachal pradesh,"1,46,100","34,050",,,,,,,,,,,,,,,,,,,,,,,,,,,,,,,,,,,,,,,,,,,,,,,,,,,,,,,,,,,Indian_Engineering_Colleges_Dataset.csv,NIRF_2025_Scores_with_Rank.csv,Existing dataset + NIRF 2025 where conservatively matched,Not yet verified,Populate only from authoritative/current sources; do not infer missing values.
Jaypee University of Information Technology,,,Himachal pradesh,India,,,,,,219500,100000,7.9,8.0,7.0,8.7,8.4,7.9,7.6,,Jaypee University of Information Technology ,Himachal pradesh,"2,19,500","1,00,000",,,,,,,,,,,,,,,,,,,,,,,,,,,,,,,,,,,,,,,,,,,,,,,,,,,,,,,,,,,Indian_Engineering_Colleges_Dataset.csv,NIRF_2025_Scores_with_Rank.csv,Existing dataset + NIRF 2025 where conservatively matched,Not yet verified,Populate only from authoritative/current sources; do not infer missing values.
Indian Institute of Information Technology,,,Himachal pradesh,India,,,,,,201400,,7.6,7.8,7.3,7.6,8.2,7.5,7.3,,Indian Institute of Information Technology ,Himachal pradesh,"2,01,400",--,,,,,,,,,,,,,,,,,,,,,,,,,,,,,,,,,,,,,,,,,,,,,,,,,,,,,,,,,,,Indian_Engineering_Colleges_Dataset.csv,NIRF_2025_Scores_with_Rank.csv,Existing dataset + NIRF 2025 where conservatively matched,Not yet verified,Populate only from authoritative/current sources; do not infer missing values.
Baddi University of Emerging Sciences and Technologies,,,Himachal pradesh,India,,,,,,135636,135125,7.1,6.7,7.2,7.3,6.9,7.0,7.7,,Baddi University of Emerging Sciences and Technologies ,Himachal pradesh,"1,35,636","1,35,125",,,,,,,,,,,,,,,,,,,,,,,,,,,,,,,,,,,,,,,,,,,,,,,,,,,,,,,,,,,Indian_Engineering_Colleges_Dataset.csv,NIRF_2025_Scores_with_Rank.csv,Existing dataset + NIRF 2025 where conservatively matched,Not yet verified,Populate only from authoritative/current sources; do not infer missing values.
Maharishi Markandeshwar,,,Himachal pradesh,India,,,,,,148500,113500,8.6,9.0,8.9,8.2,8.2,8.4,8.9,,Maharishi Markandeshwar ,Himachal pradesh,"1,48,500","1,13,500",,,,,,,,,,,,,,,,,,,,,,,,,,,,,,,,,,,,,,,,,,,,,,,,,,,,,,,,,,,Indian_Engineering_Colleges_Dataset.csv,NIRF_2025_Scores_with_Rank.csv,Existing dataset + NIRF 2025 where conservatively matched,Not yet verified,Populate only from authoritative/current sources; do not infer missing values.
"Arni University, Kangra",,,Himachal pradesh,India,,,,,,105000,85000,8.0,8.2,8.1,8.4,7.4,7.7,8.4,,"Arni University, Kangra ",Himachal pradesh,"1,05,000","85,000",,,,,,,,,,,,,,,,,,,,,,,,,,,,,,,,,,,,,,,,,,,,,,,,,,,,,,,,,,,Indian_Engineering_Colleges_Dataset.csv,NIRF_2025_Scores_with_Rank.csv,Existing dataset + NIRF 2025 where conservatively matched,Not yet verified,Populate only from authoritative/current sources; do not infer missing values.
Bahra University,,,Himachal pradesh,India,,,,,,120150,80000,7.6,7.8,8.0,7.7,7.5,7.0,7.6,,Bahra University ,Himachal pradesh,"1,20,150","80,000",,,,,,,,,,,,,,,,,,,,,,,,,,,,,,,,,,,,,,,,,,,,,,,,,,,,,,,,,,,Indian_Engineering_Colleges_Dataset.csv,NIRF_2025_Scores_with_Rank.csv,Existing dataset + NIRF 2025 where conservatively matched,Not yet verified,Populate only from authoritative/current sources; do not infer missing values.
Eternal University,,,Himachal pradesh,India,,,,,,118000,73000,7.5,7.4,7.8,8.2,7.1,7.1,7.4,,Eternal University ,Himachal pradesh,"1,18,000","73,000",,,,,,,,,,,,,,,,,,,,,,,,,,,,,,,,,,,,,,,,,,,,,,,,,,,,,,,,,,,Indian_Engineering_Colleges_Dataset.csv,NIRF_2025_Scores_with_Rank.csv,Existing dataset + NIRF 2025 where conservatively matched,Not yet verified,Populate only from authoritative/current sources; do not infer missing values.
Abhilashi University,,,Himachal pradesh,India,,,,,,90000,,8.4,8.9,8.4,8.6,8.3,8.1,8.1,,Abhilashi University ,Himachal pradesh,"90,000",--,,,,,,,,,,,,,,,,,,,,,,,,,,,,,,,,,,,,,,,,,,,,,,,,,,,,,,,,,,,Indian_Engineering_Colleges_Dataset.csv,NIRF_2025_Scores_with_Rank.csv,Existing dataset + NIRF 2025 where conservatively matched,Not yet verified,Populate only from authoritative/current sources; do not infer missing values.
IEC University Baddi,,,Himachal pradesh,India,,,,,,118600,88600,7.6,7.5,7.4,7.7,7.5,8.0,7.5,,IEC University Baddi ,Himachal pradesh,"1,18,600","88,600",,,,,,,,,,,,,,,,,,,,,,,,,,,,,,,,,,,,,,,,,,,,,,,,,,,,,,,,,,,Indian_Engineering_Colleges_Dataset.csv,NIRF_2025_Scores_with_Rank.csv,Existing dataset + NIRF 2025 where conservatively matched,Not yet verified,Populate only from authoritative/current sources; do not infer missing values.
"University Institute of Information Technology, Himachal Pradesh",,,Himachal pradesh,India,,,,,,122010,,7.1,7.9,7.0,7.2,5.3,7.5,7.9,,"University Institute of Information Technology, Himachal Pradesh ",Himachal pradesh,"1,22,010",--,,,,,,,,,,,,,,,,,,,,,,,,,,,,,,,,,,,,,,,,,,,,,,,,,,,,,,,,,,,Indian_Engineering_Colleges_Dataset.csv,NIRF_2025_Scores_with_Rank.csv,Existing dataset + NIRF 2025 where conservatively matched,Not yet verified,Populate only from authoritative/current sources; do not infer missing values.
Career Point University,,,Himachal pradesh,India,,,,,,105000,83000,7.5,7.5,7.0,7.6,7.4,6.6,8.6,,Career Point University ,Himachal pradesh,"1,05,000","83,000",,,,,,,,,,,,,,,,,,,,,,,,,,,,,,,,,,,,,,,,,,,,,,,,,,,,,,,,,,,Indian_Engineering_Colleges_Dataset.csv,NIRF_2025_Scores_with_Rank.csv,Existing dataset + NIRF 2025 where conservatively matched,Not yet verified,Populate only from authoritative/current sources; do not infer missing values.
Sri Sai University,,,Himachal pradesh,India,,,,,,90000,60000,7.4,7.3,8.2,7.7,6.3,6.8,8.0,,Sri Sai University ,Himachal pradesh,"90,000","60,000",,,,,,,,,,,,,,,,,,,,,,,,,,,,,,,,,,,,,,,,,,,,,,,,,,,,,,,,,,,Indian_Engineering_Colleges_Dataset.csv,NIRF_2025_Scores_with_Rank.csv,Existing dataset + NIRF 2025 where conservatively matched,Not yet verified,Populate only from authoritative/current sources; do not infer missing values.
"Green Hills Engineering College, Solan",,,Himachal pradesh,India,,,,,,80700,94700,6.0,6.7,6.3,7.2,4.8,4.4,6.6,,"Green Hills Engineering College, Solan ",Himachal pradesh,"80,700","94,700",,,,,,,,,,,,,,,,,,,,,,,,,,,,,,,,,,,,,,,,,,,,,,,,,,,,,,,,,,,Indian_Engineering_Colleges_Dataset.csv,NIRF_2025_Scores_with_Rank.csv,Existing dataset + NIRF 2025 where conservatively matched,Not yet verified,Populate only from authoritative/current sources; do not infer missing values.
"Rajiv Gandhi govt. Engineering college -[RGGEC], Kangra",,,Himachal pradesh,India,,,,,,61070,,7.5,7.8,7.6,8.4,7.4,5.6,7.9,,"Rajiv Gandhi govt. Engineering college -[RGGEC], Kangra ",Himachal pradesh,"61,070",--,,,,,,,,,,,,,,,,,,,,,,,,,,,,,,,,,,,,,,,,,,,,,,,,,,,,,,,,,,,Indian_Engineering_Colleges_Dataset.csv,NIRF_2025_Scores_with_Rank.csv,Existing dataset + NIRF 2025 where conservatively matched,Not yet verified,Populate only from authoritative/current sources; do not infer missing values.
Indus International University,,,Himachal pradesh,India,,,,,,120000,120000,6.8,8.0,7.0,6.0,7.0,7.0,6.0,,Indus International University ,Himachal pradesh,"1,20,000","1,20,000",,,,,,,,,,,,,,,,,,,,,,,,,,,,,,,,,,,,,,,,,,,,,,,,,,,,,,,,,,,Indian_Engineering_Colleges_Dataset.csv,NIRF_2025_Scores_with_Rank.csv,Existing dataset + NIRF 2025 where conservatively matched,Not yet verified,Populate only from authoritative/current sources; do not infer missing values.
Jawaharlal Nehru Government Engineering College,,,Himachal pradesh,India,,,,,,55000,,6.6,7.4,7.5,6.5,5.4,5.5,7.5,,Jawaharlal Nehru Government Engineering College ,Himachal pradesh,"55,000",--,,,,,,,,,,,,,,,,,,,,,,,,,,,,,,,,,,,,,,,,,,,,,,,,,,,,,,,,,,,Indian_Engineering_Colleges_Dataset.csv,NIRF_2025_Scores_with_Rank.csv,Existing dataset + NIRF 2025 where conservatively matched,Not yet verified,Populate only from authoritative/current sources; do not infer missing values.
Maharaja Agrasen University,,,Himachal pradesh,India,,,,,,119000,115000,7.5,7.7,7.6,8.7,7.5,7.0,6.2,,Maharaja Agrasen University ,Himachal pradesh,"1,19,000","1,15,000",,,,,,,,,,,,,,,,,,,,,,,,,,,,,,,,,,,,,,,,,,,,,,,,,,,,,,,,,,,Indian_Engineering_Colleges_Dataset.csv,NIRF_2025_Scores_with_Rank.csv,Existing dataset + NIRF 2025 where conservatively matched,Not yet verified,Populate only from authoritative/current sources; do not infer missing values.
"ICFAI University, Baddi",,,Himachal pradesh,India,,,,,,95000,,8.0,9.0,8.0,8.0,7.0,8.0,8.0,,"ICFAI University, Baddi ",Himachal pradesh,"95,000",--,,,,,,,,,,,,,,,,,,,,,,,,,,,,,,,,,,,,,,,,,,,,,,,,,,,,,,,,,,,Indian_Engineering_Colleges_Dataset.csv,NIRF_2025_Scores_with_Rank.csv,Existing dataset + NIRF 2025 where conservatively matched,Not yet verified,Populate only from authoritative/current sources; do not infer missing values.
Himachal Institute of Engineering and Technology,,,Himachal pradesh,India,,,,,,73000,46000,7.5,8.7,7.8,7.4,6.2,6.6,8.0,,Himachal Institute of Engineering and Technology ,Himachal pradesh,"73,000","46,000",,,,,,,,,,,,,,,,,,,,,,,,,,,,,,,,,,,,,,,,,,,,,,,,,,,,,,,,,,,Indian_Engineering_Colleges_Dataset.csv,NIRF_2025_Scores_with_Rank.csv,Existing dataset + NIRF 2025 where conservatively matched,Not yet verified,Populate only from authoritative/current sources; do not infer missing values.
"LR Institute of Engineering and Technology, Solan",,,Himachal pradesh,India,,,,,,296000,,6.4,6.5,6.5,7.5,6.5,5.0,6.5,,"LR Institute of Engineering and Technology, Solan ",Himachal pradesh,"2,96,000",--,,,,,,,,,,,,,,,,,,,,,,,,,,,,,,,,,,,,,,,,,,,,,,,,,,,,,,,,,,,Indian_Engineering_Colleges_Dataset.csv,NIRF_2025_Scores_with_Rank.csv,Existing dataset + NIRF 2025 where conservatively matched,Not yet verified,Populate only from authoritative/current sources; do not infer missing values.
"Himalayan Group of Professional Institutions, Sirmaur",,,Himachal pradesh,India,,,,,,84200,90200,8.2,8.4,8.4,8.4,7.6,8.2,8.0,,"Himalayan Group of Professional Institutions, Sirmaur ",Himachal pradesh,"84,200","90,200",,,,,,,,,,,,,,,,,,,,,,,,,,,,,,,,,,,,,,,,,,,,,,,,,,,,,,,,,,,Indian_Engineering_Colleges_Dataset.csv,NIRF_2025_Scores_with_Rank.csv,Existing dataset + NIRF 2025 where conservatively matched,Not yet verified,Populate only from authoritative/current sources; do not infer missing values.
Manav Bharti University,,,Himachal pradesh,India,,,,,,90000,,6.2,5.3,6.7,7.0,4.7,6.3,7.0,,Manav Bharti University ,Himachal pradesh,"90,000",--,,,,,,,,,,,,,,,,,,,,,,,,,,,,,,,,,,,,,,,,,,,,,,,,,,,,,,,,,,,Indian_Engineering_Colleges_Dataset.csv,NIRF_2025_Scores_with_Rank.csv,Existing dataset + NIRF 2025 where conservatively matched,Not yet verified,Populate only from authoritative/current sources; do not infer missing values.
"Chitkara University, Solan",,,Himachal pradesh,India,,,,,,160000,120000,8.2,8.2,8.2,8.4,7.5,8.8,8.3,,"Chitkara University, Solan ",Himachal pradesh,"1,60,000","1,20,000",,,,,,,,,,,,,,,,,,,,,,,,,,,,,,,,,,,,,,,,,,,,,,,,,,,,,,,,,,,Indian_Engineering_Colleges_Dataset.csv,NIRF_2025_Scores_with_Rank.csv,Existing dataset + NIRF 2025 where conservatively matched,Not yet verified,Populate only from authoritative/current sources; do not infer missing values.
"Bells Institute of Management & Technology, Shimla",,,Himachal pradesh,India,,,,,,74700,96200,6.8,8.0,6.0,8.0,8.0,4.0,7.0,,"Bells Institute of Management & Technology, Shimla ",Himachal pradesh,"74,700","96,200",,,,,,,,,,,,,,,,,,,,,,,,,,,,,,,,,,,,,,,,,,,,,,,,,,,,,,,,,,,Indian_Engineering_Colleges_Dataset.csv,NIRF_2025_Scores_with_Rank.csv,Existing dataset + NIRF 2025 where conservatively matched,Not yet verified,Populate only from authoritative/current sources; do not infer missing values.
"Shiva Group of Institutions, Bilaspur",,,Himachal pradesh,India,,,,,,72200,41600,5.0,5.5,6.0,4.0,4.0,3.5,7.0,,"Shiva Group of Institutions, Bilaspur ",Himachal pradesh,"72,200","41,600",,,,,,,,,,,,,,,,,,,,,,,,,,,,,,,,,,,,,,,,,,,,,,,,,,,,,,,,,,,Indian_Engineering_Colleges_Dataset.csv,NIRF_2025_Scores_with_Rank.csv,Existing dataset + NIRF 2025 where conservatively matched,Not yet verified,Populate only from authoritative/current sources; do not infer missing values.
Mahatma Gandhi Government Engineering College,,,Himachal pradesh,India,,,,,,120000,,5.8,6.7,6.7,5.7,5.7,4.0,6.0,,Mahatma Gandhi Government Engineering College ,Himachal pradesh,"1,20,000",--,,,,,,,,,,,,,,,,,,,,,,,,,,,,,,,,,,,,,,,,,,,,,,,,,,,,,,,,,,,Indian_Engineering_Colleges_Dataset.csv,NIRF_2025_Scores_with_Rank.csv,Existing dataset + NIRF 2025 where conservatively matched,Not yet verified,Populate only from authoritative/current sources; do not infer missing values.
Shri Mata Vaishno Devi University,,,Jammu,India,,,,,,169750,103750,7.6,7.5,7.0,8.3,7.9,6.7,8.3,,Shri Mata Vaishno Devi University ,Jammu,"1,69,750","1,03,750",,,,,,,,,,,,,,,,,,,,,,,,,,,,,,,,,,,,,,,,,,,,,,,,,,,,,,,,,,,Indian_Engineering_Colleges_Dataset.csv,NIRF_2025_Scores_with_Rank.csv,Existing dataset + NIRF 2025 where conservatively matched,Not yet verified,Populate only from authoritative/current sources; do not infer missing values.
National Institute of Technology,,,Jammu,India,,,,,,530000,160000,6.8,7.1,7.1,6.8,6.3,6.6,6.9,,National Institute of Technology ,Jammu,"5,30,000","1,60,000",,,,,,,,,,,,,,,,,,,,,,,,,,,,,,,,,,,,,,,,,,,,,,,,,,,,,,,,,,,Indian_Engineering_Colleges_Dataset.csv,NIRF_2025_Scores_with_Rank.csv,Existing dataset + NIRF 2025 where conservatively matched,Not yet verified,Populate only from authoritative/current sources; do not infer missing values.
Indian Institute of Technology,,,Jammu,India,,,,,,100266,70500,8.3,8.9,8.0,7.8,8.8,7.6,8.6,,Indian Institute of Technology ,Jammu,"1,00,266","70,500",,,,,,,,,,,,,,,,,,,,,,,,,,,,,,,,,,,,,,,,,,,,,,,,,,,,,,,,,,,Indian_Engineering_Colleges_Dataset.csv,NIRF_2025_Scores_with_Rank.csv,Existing dataset + NIRF 2025 where conservatively matched,Not yet verified,Populate only from authoritative/current sources; do not infer missing values.
Government College of Engineering and Technology,,,Jammu,India,,,,,,35830,61200,5.7,6.5,6.3,6.2,5.3,4.6,5.1,,Government College of Engineering and Technology ,Jammu,"35,830","61,200",,,,,,,,,,,,,,,,,,,,,,,,,,,,,,,,,,,,,,,,,,,,,,,,,,,,,,,,,,,Indian_Engineering_Colleges_Dataset.csv,NIRF_2025_Scores_with_Rank.csv,Existing dataset + NIRF 2025 where conservatively matched,Not yet verified,Populate only from authoritative/current sources; do not infer missing values.
Islamic University of Science and Technology,,,Jammu,India,,,,,,66200,2840,7.4,8.4,8.2,8.0,6.9,5.5,7.2,,Islamic University of Science and Technology ,Jammu,"66,200","2,840",,,,,,,,,,,,,,,,,,,,,,,,,,,,,,,,,,,,,,,,,,,,,,,,,,,,,,,,,,,Indian_Engineering_Colleges_Dataset.csv,NIRF_2025_Scores_with_Rank.csv,Existing dataset + NIRF 2025 where conservatively matched,Not yet verified,Populate only from authoritative/current sources; do not infer missing values.
SSM College of Engineering and Technology,,,Jammu,India,,,,,,,,6.9,7.4,7.3,7.6,6.7,4.9,7.4,,SSM College of Engineering and Technology ,Jammu,--,--,,,,,,,,,,,,,,,,,,,,,,,,,,,,,,,,,,,,,,,,,,,,,,,,,,,,,,,,,,,Indian_Engineering_Colleges_Dataset.csv,NIRF_2025_Scores_with_Rank.csv,Existing dataset + NIRF 2025 where conservatively matched,Not yet verified,Populate only from authoritative/current sources; do not infer missing values.
Yogananda College of Engineering & Technology -[YCET],,,Jammu,India,,,,,,180000,,5.7,6.6,6.3,6.1,5.2,4.0,6.0,,"Yogananda College of Engineering & Technology -[YCET], ",Jammu,"1,80,000",--,,,,,,,,,,,,,,,,,,,,,,,,,,,,,,,,,,,,,,,,,,,,,,,,,,,,,,,,,,,Indian_Engineering_Colleges_Dataset.csv,NIRF_2025_Scores_with_Rank.csv,Existing dataset + NIRF 2025 where conservatively matched,Not yet verified,Populate only from authoritative/current sources; do not infer missing values.
"MBS College of Engineering and Technology, Jammu",,,Jammu,India,,,,,,49000,,5.7,7.3,6.5,7.0,5.0,3.8,4.4,,"MBS College of Engineering and Technology, Jammu ",Jammu,"49,000",--,,,,,,,,,,,,,,,,,,,,,,,,,,,,,,,,,,,,,,,,,,,,,,,,,,,,,,,,,,,Indian_Engineering_Colleges_Dataset.csv,NIRF_2025_Scores_with_Rank.csv,Existing dataset + NIRF 2025 where conservatively matched,Not yet verified,Populate only from authoritative/current sources; do not infer missing values.
Sher-e-Kashmir University of Agricultural Sciences and Technology,,,Jammu,India,,,,,,60000,30600,7.4,8.4,7.7,8.0,7.4,5.9,7.2,,Sher-e-Kashmir University of Agricultural Sciences and Technology ,Jammu,"60,000","30,600",,,,,,,,,,,,,,,,,,,,,,,,,,,,,,,,,,,,,,,,,,,,,,,,,,,,,,,,,,,Indian_Engineering_Colleges_Dataset.csv,NIRF_2025_Scores_with_Rank.csv,Existing dataset + NIRF 2025 where conservatively matched,Not yet verified,Populate only from authoritative/current sources; do not infer missing values.
"Government Degree College for Boys, Udhampur",,,Jammu,India,,,,,,,,6.6,6.7,7.0,6.7,5.7,5.3,8.0,,"Government Degree College for Boys, Udhampur ",Jammu,--,--,,,,,,,,,,,,,,,,,,,,,,,,,,,,,,,,,,,,,,,,,,,,,,,,,,,,,,,,,,,Indian_Engineering_Colleges_Dataset.csv,NIRF_2025_Scores_with_Rank.csv,Existing dataset + NIRF 2025 where conservatively matched,Not yet verified,Populate only from authoritative/current sources; do not infer missing values.
Baba Ghulam Shah Badshah University,,,Jammu,India,,,,,,249300,67500,7.2,7.9,7.4,7.1,7.6,5.9,7.1,,Baba Ghulam Shah Badshah University ,Jammu,"2,49,300","67,500",,,,,,,,,,,,,,,,,,,,,,,,,,,,,,,,,,,,,,,,,,,,,,,,,,,,,,,,,,,Indian_Engineering_Colleges_Dataset.csv,NIRF_2025_Scores_with_Rank.csv,Existing dataset + NIRF 2025 where conservatively matched,Not yet verified,Populate only from authoritative/current sources; do not infer missing values.
"Central University of Jammu, Jammu",,,Jammu,India,,,,,,11715,,8.2,8.4,8.5,8.6,7.8,7.3,8.5,,"Central University of Jammu, Jammu ",Jammu,"11,715",--,,,,,,,,,,,,,,,,,,,,,,,,,,,,,,,,,,,,,,,,,,,,,,,,,,,,,,,,,,,Indian_Engineering_Colleges_Dataset.csv,NIRF_2025_Scores_with_Rank.csv,Existing dataset + NIRF 2025 where conservatively matched,Not yet verified,Populate only from authoritative/current sources; do not infer missing values.
Central University of Kashmir,,,Jammu,India,,,,,,55900,,7.8,8.2,8.4,7.2,7.8,7.4,7.6,,Central University of Kashmir ,Jammu,"55,900",--,,,,,,,,,,,,,,,,,,,,,,,,,,,,,,,,,,,,,,,,,,,,,,,,,,,,,,,,,,,Indian_Engineering_Colleges_Dataset.csv,NIRF_2025_Scores_with_Rank.csv,Existing dataset + NIRF 2025 where conservatively matched,Not yet verified,Populate only from authoritative/current sources; do not infer missing values.
University of Kashmir,,,Jammu,India,,,,,,,,6.7,7.0,7.1,7.2,6.9,5.1,6.8,,University of Kashmir ,Jammu,--,--,,,,,,,,,,,,,,,,,,,,,,,,,,,,,,,,,,,,,,,,,,,,,,,,,,,,,,,,,,,Indian_Engineering_Colleges_Dataset.csv,NIRF_2025_Scores_with_Rank.csv,Existing dataset + NIRF 2025 where conservatively matched,Not yet verified,Populate only from authoritative/current sources; do not infer missing values.
"Govt. Gandhi Memorial Science College, Jammu",,,Jammu,India,,,,,,,,6.7,7.3,7.9,6.8,6.1,4.2,7.6,,"Govt. Gandhi Memorial Science College, Jammu ",Jammu,--,--,,,,,,,,,,,,,,,,,,,,,,,,,,,,,,,,,,,,,,,,,,,,,,,,,,,,,,,,,,,Indian_Engineering_Colleges_Dataset.csv,NIRF_2025_Scores_with_Rank.csv,Existing dataset + NIRF 2025 where conservatively matched,Not yet verified,Populate only from authoritative/current sources; do not infer missing values.
Kashmir Government Polytechnic,,,Jammu,India,,,,,,2130,2130,7.5,9.5,8.5,8.5,6.5,7.0,5.0,,Kashmir Government Polytechnic ,Jammu,"2,130","2,130",,,,,,,,,,,,,,,,,,,,,,,,,,,,,,,,,,,,,,,,,,,,,,,,,,,,,,,,,,,Indian_Engineering_Colleges_Dataset.csv,NIRF_2025_Scores_with_Rank.csv,Existing dataset + NIRF 2025 where conservatively matched,Not yet verified,Populate only from authoritative/current sources; do not infer missing values.
Cluster University of Srinagar,,,Jammu,India,,,,,,,,8.2,8.7,8.1,8.3,8.3,7.2,8.5,,Cluster University of Srinagar ,Jammu,--,--,,,,,,,,,,,,,,,,,,,,,,,,,,,,,,,,,,,,,,,,,,,,,,,,,,,,,,,,,,,Indian_Engineering_Colleges_Dataset.csv,NIRF_2025_Scores_with_Rank.csv,Existing dataset + NIRF 2025 where conservatively matched,Not yet verified,Populate only from authoritative/current sources; do not infer missing values.
Bhargava College of Engineering & Technology,,,Jammu,India,,,,,,,,,,,,,,,,Bhargava College of Engineering & Technology ,Jammu,--,--,,,,,,,,,,,,,,,,,,,,,,,,,,,,,,,,,,,,,,,,,,,,,,,,,,,,,,,,,,,Indian_Engineering_Colleges_Dataset.csv,NIRF_2025_Scores_with_Rank.csv,Existing dataset + NIRF 2025 where conservatively matched,Not yet verified,Populate only from authoritative/current sources; do not infer missing values.
"Government Polytechnic College -[GPC], Anantnag",,,Jammu,India,,,,,,2130,,,,,,,,,,"Government Polytechnic College -[GPC], Anantnag ",Jammu,"2,130",--,,,,,,,,,,,,,,,,,,,,,,,,,,,,,,,,,,,,,,,,,,,,,,,,,,,,,,,,,,,Indian_Engineering_Colleges_Dataset.csv,NIRF_2025_Scores_with_Rank.csv,Existing dataset + NIRF 2025 where conservatively matched,Not yet verified,Populate only from authoritative/current sources; do not infer missing values.
"Masterpro Institute of Technology, Srinagar",,,Jammu,India,,,,,,,,,,,,,,,,"Masterpro Institute of Technology, Srinagar ",Jammu,--,--,,,,,,,,,,,,,,,,,,,,,,,,,,,,,,,,,,,,,,,,,,,,,,,,,,,,,,,,,,,Indian_Engineering_Colleges_Dataset.csv,NIRF_2025_Scores_with_Rank.csv,Existing dataset + NIRF 2025 where conservatively matched,Not yet verified,Populate only from authoritative/current sources; do not infer missing values.
"Kite Polytechnic College, Budgam",,,Jammu,India,,,,,,,,,,,,,,,,"Kite Polytechnic College, Budgam ",Jammu,--,--,,,,,,,,,,,,,,,,,,,,,,,,,,,,,,,,,,,,,,,,,,,,,,,,,,,,,,,,,,,Indian_Engineering_Colleges_Dataset.csv,NIRF_2025_Scores_with_Rank.csv,Existing dataset + NIRF 2025 where conservatively matched,Not yet verified,Populate only from authoritative/current sources; do not infer missing values.
"Government Polytechnic Kargil, Kargil",,,Jammu,India,,,,,,2130,,,,,,,,,,"Government Polytechnic Kargil, Kargil ",Jammu,"2,130",--,,,,,,,,,,,,,,,,,,,,,,,,,,,,,,,,,,,,,,,,,,,,,,,,,,,,,,,,,,,Indian_Engineering_Colleges_Dataset.csv,NIRF_2025_Scores_with_Rank.csv,Existing dataset + NIRF 2025 where conservatively matched,Not yet verified,Populate only from authoritative/current sources; do not infer missing values.
"Government Polytechnic College, Baramulla",,,Jammu,India,,,,,,2130,2130,,,,,,,,,"Government Polytechnic College, Baramulla ",Jammu,"2,130","2,130",,,,,,,,,,,,,,,,,,,,,,,,,,,,,,,,,,,,,,,,,,,,,,,,,,,,,,,,,,,Indian_Engineering_Colleges_Dataset.csv,NIRF_2025_Scores_with_Rank.csv,Existing dataset + NIRF 2025 where conservatively matched,Not yet verified,Populate only from authoritative/current sources; do not infer missing values.
Government Polytechnic College,,,Jammu,India,,,,,,2130,2130,,,,,,,,,Government Polytechnic College ,Jammu,"2,130","2,130",,,,,,,,,,,,,,,,,,,,,,,,,,,,,,,,,,,,,,,,,,,,,,,,,,,,,,,,,,,Indian_Engineering_Colleges_Dataset.csv,NIRF_2025_Scores_with_Rank.csv,Existing dataset + NIRF 2025 where conservatively matched,Not yet verified,Populate only from authoritative/current sources; do not infer missing values.
"Government Polytechnic For Women-[GPW], Jammu",,,Jammu,India,,,,,,2130,,,,,,,,,,"Government Polytechnic For Women-[GPW], Jammu ",Jammu,"2,130",--,,,,,,,,,,,,,,,,,,,,,,,,,,,,,,,,,,,,,,,,,,,,,,,,,,,,,,,,,,,Indian_Engineering_Colleges_Dataset.csv,NIRF_2025_Scores_with_Rank.csv,Existing dataset + NIRF 2025 where conservatively matched,Not yet verified,Populate only from authoritative/current sources; do not infer missing values.
"Government Polytechnic College, Bandipora",,,Jammu,India,,,,,,2330,,,,,,,,,,"Government Polytechnic College, Bandipora ",Jammu,"2,330",--,,,,,,,,,,,,,,,,,,,,,,,,,,,,,,,,,,,,,,,,,,,,,,,,,,,,,,,,,,,Indian_Engineering_Colleges_Dataset.csv,NIRF_2025_Scores_with_Rank.csv,Existing dataset + NIRF 2025 where conservatively matched,Not yet verified,Populate only from authoritative/current sources; do not infer missing values.
"Government Polytechnic, Kulgam",,,Jammu,India,,,,,,4500,,,,,,,,,,"Government Polytechnic, Kulgam ",Jammu,"4,500",--,,,,,,,,,,,,,,,,,,,,,,,,,,,,,,,,,,,,,,,,,,,,,,,,,,,,,,,,,,,Indian_Engineering_Colleges_Dataset.csv,NIRF_2025_Scores_with_Rank.csv,Existing dataset + NIRF 2025 where conservatively matched,Not yet verified,Populate only from authoritative/current sources; do not infer missing values.
"Government Polytechnic College, Budgam",,,Jammu,India,,,,,,2130,,,,,,,,,,"Government Polytechnic College, Budgam ",Jammu,"2,130",--,,,,,,,,,,,,,,,,,,,,,,,,,,,,,,,,,,,,,,,,,,,,,,,,,,,,,,,,,,,Indian_Engineering_Colleges_Dataset.csv,NIRF_2025_Scores_with_Rank.csv,Existing dataset + NIRF 2025 where conservatively matched,Not yet verified,Populate only from authoritative/current sources; do not infer missing values.
"Government Polytechnic College, Sopore",,,Jammu,India,,,,,,2130,,,,,,,,,,"Government Polytechnic College, Sopore ",Jammu,"2,130",--,,,,,,,,,,,,,,,,,,,,,,,,,,,,,,,,,,,,,,,,,,,,,,,,,,,,,,,,,,,Indian_Engineering_Colleges_Dataset.csv,NIRF_2025_Scores_with_Rank.csv,Existing dataset + NIRF 2025 where conservatively matched,Not yet verified,Populate only from authoritative/current sources; do not infer missing values.
Panjab University,,,Chandigarh,India,,,,,,96300,27500,7.7,8.2,8.0,7.7,7.7,6.5,8.2,93,Panjab University ,Chandigarh,"96,300","27,500",11.22,17.69,10.31,8.36,19.64,20.2,125.0,3.37,27.72,12.61,13.1,3.36,,,,,,,,,,,,,,,,,,,,,,,,,,,,,,,,,,,,,,,,,,,,,,,Indian_Engineering_Colleges_Dataset.csv,NIRF_2025_Scores_with_Rank.csv,Existing dataset + NIRF 2025 where conservatively matched,Not yet verified,Populate only from authoritative/current sources; do not infer missing values.
Punjab Engineering College University of Technology,,,Chandigarh,India,,,,,,96750,93500,8.0,7.9,7.6,7.7,7.3,8.4,9.0,,Punjab Engineering College University of Technology ,Chandigarh,"96,750","93,500",,,,,,,,,,,,,,,,,,,,,,,,,,,,,,,,,,,,,,,,,,,,,,,,,,,,,,,,,,,Indian_Engineering_Colleges_Dataset.csv,NIRF_2025_Scores_with_Rank.csv,Existing dataset + NIRF 2025 where conservatively matched,Not yet verified,Populate only from authoritative/current sources; do not infer missing values.
"University Institute of Engineering, Chandigarh University",,,Chandigarh,India,,,,,,160000,80000,8.4,8.6,8.1,8.7,7.9,8.7,8.3,,"University Institute of Engineering, Chandigarh University ",Chandigarh,"1,60,000","80,000",,,,,,,,,,,,,,,,,,,,,,,,,,,,,,,,,,,,,,,,,,,,,,,,,,,,,,,,,,,Indian_Engineering_Colleges_Dataset.csv,NIRF_2025_Scores_with_Rank.csv,Existing dataset + NIRF 2025 where conservatively matched,Not yet verified,Populate only from authoritative/current sources; do not infer missing values.
National Institute of Technical Teachers Training and,,,Chandigarh,India,,,,,,44696,24500,7.7,7.7,8.6,7.7,6.7,7.7,8.0,,National Institute of Technical Teachers Training and ,Chandigarh,"44,696","24,500",,,,,,,,,,,,,,,,,,,,,,,,,,,,,,,,,,,,,,,,,,,,,,,,,,,,,,,,,,,Indian_Engineering_Colleges_Dataset.csv,NIRF_2025_Scores_with_Rank.csv,Existing dataset + NIRF 2025 where conservatively matched,Not yet verified,Populate only from authoritative/current sources; do not infer missing values.
University Institute of Engineering and Technology -[UIET],,,Chandigarh,India,,,,,,82197,16160,7.4,7.5,7.4,7.0,7.5,7.0,8.2,,"University Institute of Engineering and Technology -[UIET], ",Chandigarh,"82,197","16,160",,,,,,,,,,,,,,,,,,,,,,,,,,,,,,,,,,,,,,,,,,,,,,,,,,,,,,,,,,,Indian_Engineering_Colleges_Dataset.csv,NIRF_2025_Scores_with_Rank.csv,Existing dataset + NIRF 2025 where conservatively matched,Not yet verified,Populate only from authoritative/current sources; do not infer missing values.
Chandigarh College of Engineering and Technology,,,Chandigarh,India,,,,,,64240,,6.9,7.2,7.1,6.9,6.4,6.5,7.3,,Chandigarh College of Engineering and Technology ,Chandigarh,"64,240",--,,,,,,,,,,,,,,,,,,,,,,,,,,,,,,,,,,,,,,,,,,,,,,,,,,,,,,,,,,,Indian_Engineering_Colleges_Dataset.csv,NIRF_2025_Scores_with_Rank.csv,Existing dataset + NIRF 2025 where conservatively matched,Not yet verified,Populate only from authoritative/current sources; do not infer missing values.
Apex Institute of Technology,,,Chandigarh,India,,,,,,210000,,,,,,,,,,Apex Institute of Technology ,Chandigarh,"2,10,000",--,,,,,,,,,,,,,,,,,,,,,,,,,,,,,,,,,,,,,,,,,,,,,,,,,,,,,,,,,,,Indian_Engineering_Colleges_Dataset.csv,NIRF_2025_Scores_with_Rank.csv,Existing dataset + NIRF 2025 where conservatively matched,Not yet verified,Populate only from authoritative/current sources; do not infer missing values.
"IITT Institutions, Chandigarh",,,Chandigarh,India,,,,,,80750,78150,,,,,,,,,"IITT Institutions, Chandigarh ",Chandigarh,"80,750","78,150",,,,,,,,,,,,,,,,,,,,,,,,,,,,,,,,,,,,,,,,,,,,,,,,,,,,,,,,,,,Indian_Engineering_Colleges_Dataset.csv,NIRF_2025_Scores_with_Rank.csv,Existing dataset + NIRF 2025 where conservatively matched,Not yet verified,Populate only from authoritative/current sources; do not infer missing values.
Dr. S. S. Bhatnagar University Institute of,,,Chandigarh,India,,,,,,394000,30355,7.1,7.0,6.9,5.7,7.9,7.1,8.0,,Dr. S. S. Bhatnagar University Institute of ,Chandigarh,"3,94,000","30,355",,,,,,,,,,,,,,,,,,,,,,,,,,,,,,,,,,,,,,,,,,,,,,,,,,,,,,,,,,,Indian_Engineering_Colleges_Dataset.csv,NIRF_2025_Scores_with_Rank.csv,Existing dataset + NIRF 2025 where conservatively matched,Not yet verified,Populate only from authoritative/current sources; do not infer missing values.
Swami Vivekanand Institute of Engineering & Technology,,,Chandigarh,India,,,,,,88960,70000,7.6,8.3,7.4,8.1,6.9,7.4,7.2,,Swami Vivekanand Institute of Engineering & Technology ,Chandigarh,"88,960","70,000",,,,,,,,,,,,,,,,,,,,,,,,,,,,,,,,,,,,,,,,,,,,,,,,,,,,,,,,,,,Indian_Engineering_Colleges_Dataset.csv,NIRF_2025_Scores_with_Rank.csv,Existing dataset + NIRF 2025 where conservatively matched,Not yet verified,Populate only from authoritative/current sources; do not infer missing values.
"Gurukul Vidyapeeth, Chandigarh",,,Chandigarh,India,,,,,,,,3.5,5.0,4.0,3.0,3.0,2.0,4.0,,"Gurukul Vidyapeeth, Chandigarh ",Chandigarh,--,--,,,,,,,,,,,,,,,,,,,,,,,,,,,,,,,,,,,,,,,,,,,,,,,,,,,,,,,,,,,Indian_Engineering_Colleges_Dataset.csv,NIRF_2025_Scores_with_Rank.csv,Existing dataset + NIRF 2025 where conservatively matched,Not yet verified,Populate only from authoritative/current sources; do not infer missing values.
"Morph Academy, Chandigarh",,,Chandigarh,India,,,,,,170000,,8.3,9.0,9.0,8.5,6.0,8.5,9.0,,"Morph Academy, Chandigarh ",Chandigarh,"1,70,000",--,,,,,,,,,,,,,,,,,,,,,,,,,,,,,,,,,,,,,,,,,,,,,,,,,,,,,,,,,,,Indian_Engineering_Colleges_Dataset.csv,NIRF_2025_Scores_with_Rank.csv,Existing dataset + NIRF 2025 where conservatively matched,Not yet verified,Populate only from authoritative/current sources; do not infer missing values.
Indo Swiss Training Centre,,,Chandigarh,India,,,,,,51000,51000,8.6,8.3,9.2,8.8,8.5,8.5,8.0,,Indo Swiss Training Centre ,Chandigarh,"51,000","51,000",,,,,,,,,,,,,,,,,,,,,,,,,,,,,,,,,,,,,,,,,,,,,,,,,,,,,,,,,,,Indian_Engineering_Colleges_Dataset.csv,NIRF_2025_Scores_with_Rank.csv,Existing dataset + NIRF 2025 where conservatively matched,Not yet verified,Populate only from authoritative/current sources; do not infer missing values.
"Artex Informatic Solutions, Chandigarh",,,Chandigarh,India,,,,,,,,,,,,,,,,"Artex Informatic Solutions, Chandigarh ",Chandigarh,--,--,,,,,,,,,,,,,,,,,,,,,,,,,,,,,,,,,,,,,,,,,,,,,,,,,,,,,,,,,,,Indian_Engineering_Colleges_Dataset.csv,NIRF_2025_Scores_with_Rank.csv,Existing dataset + NIRF 2025 where conservatively matched,Not yet verified,Populate only from authoritative/current sources; do not infer missing values.
Swami Vivekanand Polytechnic College,,,Chandigarh,India,,,,,,32840,,,,,,,,,,Swami Vivekanand Polytechnic College ,Chandigarh,"32,840",--,,,,,,,,,,,,,,,,,,,,,,,,,,,,,,,,,,,,,,,,,,,,,,,,,,,,,,,,,,,Indian_Engineering_Colleges_Dataset.csv,NIRF_2025_Scores_with_Rank.csv,Existing dataset + NIRF 2025 where conservatively matched,Not yet verified,Populate only from authoritative/current sources; do not infer missing values.
"PG Government College for Girls, Chandigarh",,,Chandigarh,India,,,,,,55260,,8.1,7.7,8.9,8.3,7.4,8.2,8.0,,"PG Government College for Girls, Chandigarh ",Chandigarh,"55,260",--,,,,,,,,,,,,,,,,,,,,,,,,,,,,,,,,,,,,,,,,,,,,,,,,,,,,,,,,,,,Indian_Engineering_Colleges_Dataset.csv,NIRF_2025_Scores_with_Rank.csv,Existing dataset + NIRF 2025 where conservatively matched,Not yet verified,Populate only from authoritative/current sources; do not infer missing values.
Government Industrial Training Institute,,,Chandigarh,India,,,,,,,,,,,,,,,,Government Industrial Training Institute ,Chandigarh,--,--,,,,,,,,,,,,,,,,,,,,,,,,,,,,,,,,,,,,,,,,,,,,,,,,,,,,,,,,,,,Indian_Engineering_Colleges_Dataset.csv,NIRF_2025_Scores_with_Rank.csv,Existing dataset + NIRF 2025 where conservatively matched,Not yet verified,Populate only from authoritative/current sources; do not infer missing values.
Government Polytechnic for Women,,,Chandigarh,India,,,,,,7225,7225,,,,,,,,,Government Polytechnic for Women ,Chandigarh,"7,225","7,225",,,,,,,,,,,,,,,,,,,,,,,,,,,,,,,,,,,,,,,,,,,,,,,,,,,,,,,,,,,Indian_Engineering_Colleges_Dataset.csv,NIRF_2025_Scores_with_Rank.csv,Existing dataset + NIRF 2025 where conservatively matched,Not yet verified,Populate only from authoritative/current sources; do not infer missing values.
"Longowal Polytechnic College, Chandigarh",,,Chandigarh,India,,,,,,,,,,,,,,,,"Longowal Polytechnic College, Chandigarh ",Chandigarh,--,--,,,,,,,,,,,,,,,,,,,,,,,,,,,,,,,,,,,,,,,,,,,,,,,,,,,,,,,,,,,Indian_Engineering_Colleges_Dataset.csv,NIRF_2025_Scores_with_Rank.csv,Existing dataset + NIRF 2025 where conservatively matched,Not yet verified,Populate only from authoritative/current sources; do not infer missing values.
"Universal Polytechnic College, Chandigarh",,,Chandigarh,India,,,,,,,,,,,,,,,,"Universal Polytechnic College, Chandigarh ",Chandigarh,--,--,,,,,,,,,,,,,,,,,,,,,,,,,,,,,,,,,,,,,,,,,,,,,,,,,,,,,,,,,,,Indian_Engineering_Colleges_Dataset.csv,NIRF_2025_Scores_with_Rank.csv,Existing dataset + NIRF 2025 where conservatively matched,Not yet verified,Populate only from authoritative/current sources; do not infer missing values.
Swami Vivekanand Industrial Training Centre,,,Chandigarh,India,,,,,,15960,,,,,,,,,,Swami Vivekanand Industrial Training Centre ,Chandigarh,"15,960",--,,,,,,,,,,,,,,,,,,,,,,,,,,,,,,,,,,,,,,,,,,,,,,,,,,,,,,,,,,,Indian_Engineering_Colleges_Dataset.csv,NIRF_2025_Scores_with_Rank.csv,Existing dataset + NIRF 2025 where conservatively matched,Not yet verified,Populate only from authoritative/current sources; do not infer missing values.
Swami Vivekanand Group Of Institutes,,,Chandigarh,India,,,,,,88960,75000,8.5,9.0,,9.0,7.8,8.1,,,Swami Vivekanand Group Of Institutes ,Chandigarh,"88,960","75,000",,,,,,,,,,,,,,,,,,,,,,,,,,,,,,,,,,,,,,,,,,,,,,,,,,,,,,,,,,,Indian_Engineering_Colleges_Dataset.csv,NIRF_2025_Scores_with_Rank.csv,Existing dataset + NIRF 2025 where conservatively matched,Not yet verified,Populate only from authoritative/current sources; do not infer missing values.
National Institute of Technology,,,Goa,India,,,,,,144400,89400,7.3,8.3,8.4,5.6,6.0,7.9,7.6,,National Institute of Technology ,Goa,"1,44,400","89,400",,,,,,,,,,,,,,,,,,,,,,,,,,,,,,,,,,,,,,,,,,,,,,,,,,,,,,,,,,,Indian_Engineering_Colleges_Dataset.csv,NIRF_2025_Scores_with_Rank.csv,Existing dataset + NIRF 2025 where conservatively matched,Not yet verified,Populate only from authoritative/current sources; do not infer missing values.
Indian Institute of Technology,,,Goa,India,,,,,,229900,32019,8.0,8.4,8.5,7.9,7.9,7.0,8.4,,Indian Institute of Technology ,Goa,"2,29,900","32,019",,,,,,,,,,,,,,,,,,,,,,,,,,,,,,,,,,,,,,,,,,,,,,,,,,,,,,,,,,,Indian_Engineering_Colleges_Dataset.csv,NIRF_2025_Scores_with_Rank.csv,Existing dataset + NIRF 2025 where conservatively matched,Not yet verified,Populate only from authoritative/current sources; do not infer missing values.
Birla Institute of Technology and Science,,,Goa,India,,,,,,399475,399475,8.5,8.4,7.8,8.7,8.3,8.7,8.9,,Birla Institute of Technology and Science ,Goa,"3,99,475","3,99,475",,,,,,,,,,,,,,,,,,,,,,,,,,,,,,,,,,,,,,,,,,,,,,,,,,,,,,,,,,,Indian_Engineering_Colleges_Dataset.csv,NIRF_2025_Scores_with_Rank.csv,Existing dataset + NIRF 2025 where conservatively matched,Not yet verified,Populate only from authoritative/current sources; do not infer missing values.
Goa College of Engineering,,,Goa,India,,,,,,59500,57375,7.5,7.6,7.3,8.0,6.7,6.7,8.6,,Goa College of Engineering ,Goa,"59,500","57,375",,,,,,,,,,,,,,,,,,,,,,,,,,,,,,,,,,,,,,,,,,,,,,,,,,,,,,,,,,,Indian_Engineering_Colleges_Dataset.csv,NIRF_2025_Scores_with_Rank.csv,Existing dataset + NIRF 2025 where conservatively matched,Not yet verified,Populate only from authoritative/current sources; do not infer missing values.
"Padre Conceicao College of Engineering, Salcete",,,Goa,India,,,,,,130000,83500,6.6,7.4,7.6,6.7,4.2,6.8,6.9,,"Padre Conceicao College of Engineering, Salcete ",Goa,"1,30,000","83,500",,,,,,,,,,,,,,,,,,,,,,,,,,,,,,,,,,,,,,,,,,,,,,,,,,,,,,,,,,,Indian_Engineering_Colleges_Dataset.csv,NIRF_2025_Scores_with_Rank.csv,Existing dataset + NIRF 2025 where conservatively matched,Not yet verified,Populate only from authoritative/current sources; do not infer missing values.
National Centre for Antarctic and Ocean Research,,,Goa,India,,,,,,,,9.2,9.0,,,9.0,,,,National Centre for Antarctic and Ocean Research ,Goa,--,--,,,,,,,,,,,,,,,,,,,,,,,,,,,,,,,,,,,,,,,,,,,,,,,,,,,,,,,,,,,Indian_Engineering_Colleges_Dataset.csv,NIRF_2025_Scores_with_Rank.csv,Existing dataset + NIRF 2025 where conservatively matched,Not yet verified,Populate only from authoritative/current sources; do not infer missing values.
"Shree Rayeshwar Institute of Engineering and Information Technology, North Goa",,,Goa,India,,,,,,102300,,6.6,6.6,6.8,6.2,5.9,7.2,6.8,,"Shree Rayeshwar Institute of Engineering and Information Technology, North Goa ",Goa,"1,02,300",--,,,,,,,,,,,,,,,,,,,,,,,,,,,,,,,,,,,,,,,,,,,,,,,,,,,,,,,,,,,Indian_Engineering_Colleges_Dataset.csv,NIRF_2025_Scores_with_Rank.csv,Existing dataset + NIRF 2025 where conservatively matched,Not yet verified,Populate only from authoritative/current sources; do not infer missing values.
National Institute of Oceanography,,,Goa,India,,,,,,14000,14000,8.8,9.5,8.9,9.3,8.8,8.3,8.2,,National Institute of Oceanography ,Goa,"14,000","14,000",,,,,,,,,,,,,,,,,,,,,,,,,,,,,,,,,,,,,,,,,,,,,,,,,,,,,,,,,,,Indian_Engineering_Colleges_Dataset.csv,NIRF_2025_Scores_with_Rank.csv,Existing dataset + NIRF 2025 where conservatively matched,Not yet verified,Populate only from authoritative/current sources; do not infer missing values.
"Goa University, North Goa",,,Goa,India,,,,,,17290,,7.9,8.6,7.8,7.7,7.4,8.0,7.6,,"Goa University, North Goa ",Goa,"17,290",--,,,,,,,,,,,,,,,,,,,,,,,,,,,,,,,,,,,,,,,,,,,,,,,,,,,,,,,,,,,Indian_Engineering_Colleges_Dataset.csv,NIRF_2025_Scores_with_Rank.csv,Existing dataset + NIRF 2025 where conservatively matched,Not yet verified,Populate only from authoritative/current sources; do not infer missing values.
International Institute of Hotel Management,,,Goa,India,,,,,,,,8.7,8.5,8.9,8.5,8.5,9.1,8.6,,International Institute of Hotel Management ,Goa,--,--,,,,,,,,,,,,,,,,,,,,,,,,,,,,,,,,,,,,,,,,,,,,,,,,,,,,,,,,,,,Indian_Engineering_Colleges_Dataset.csv,NIRF_2025_Scores_with_Rank.csv,Existing dataset + NIRF 2025 where conservatively matched,Not yet verified,Populate only from authoritative/current sources; do not infer missing values.
"Government Polytechnic, Bicholim",,,Goa,India,,,,,,,,,,,,,,,,"Government Polytechnic, Bicholim ",Goa,--,--,,,,,,,,,,,,,,,,,,,,,,,,,,,,,,,,,,,,,,,,,,,,,,,,,,,,,,,,,,,Indian_Engineering_Colleges_Dataset.csv,NIRF_2025_Scores_with_Rank.csv,Existing dataset + NIRF 2025 where conservatively matched,Not yet verified,Populate only from authoritative/current sources; do not infer missing values.
"Agnel Polytechnic, South Goa",,,Goa,India,,,,,,37200,37200,,,,,,,,,"Agnel Polytechnic, South Goa ",Goa,"37,200","37,200",,,,,,,,,,,,,,,,,,,,,,,,,,,,,,,,,,,,,,,,,,,,,,,,,,,,,,,,,,,Indian_Engineering_Colleges_Dataset.csv,NIRF_2025_Scores_with_Rank.csv,Existing dataset + NIRF 2025 where conservatively matched,Not yet verified,Populate only from authoritative/current sources; do not infer missing values.
"Government Polytechnic, Curchorem",,,Goa,India,,,,,,16000,,,,,,,,,,"Government Polytechnic, Curchorem ",Goa,"16,000",--,,,,,,,,,,,,,,,,,,,,,,,,,,,,,,,,,,,,,,,,,,,,,,,,,,,,,,,,,,,Indian_Engineering_Colleges_Dataset.csv,NIRF_2025_Scores_with_Rank.csv,Existing dataset + NIRF 2025 where conservatively matched,Not yet verified,Populate only from authoritative/current sources; do not infer missing values.
Government Polytechnic,,,Goa,India,,,,,,42300,42300,,,,,,,,,Government Polytechnic ,Goa,"42,300","42,300",,,,,,,,,,,,,,,,,,,,,,,,,,,,,,,,,,,,,,,,,,,,,,,,,,,,,,,,,,,Indian_Engineering_Colleges_Dataset.csv,NIRF_2025_Scores_with_Rank.csv,Existing dataset + NIRF 2025 where conservatively matched,Not yet verified,Populate only from authoritative/current sources; do not infer missing values.
North Eastern Regional Institute of Science and Technology,,,Arunachal pradesh,India,,,,,,20470,29640,6.9,7.8,7.2,6.5,6.7,5.1,8.3,,North Eastern Regional Institute of Science and Technology ,Arunachal pradesh,"20,470","29,640",,,,,,,,,,,,,,,,,,,,,,,,,,,,,,,,,,,,,,,,,,,,,,,,,,,,,,,,,,,Indian_Engineering_Colleges_Dataset.csv,NIRF_2025_Scores_with_Rank.csv,Existing dataset + NIRF 2025 where conservatively matched,Not yet verified,Populate only from authoritative/current sources; do not infer missing values.
National Institute of Technology,,,Arunachal pradesh,India,,,,,,145600,92172,7.3,7.4,7.7,6.5,7.1,7.4,7.8,,National Institute of Technology ,Arunachal pradesh,"1,45,600","92,172",,,,,,,,,,,,,,,,,,,,,,,,,,,,,,,,,,,,,,,,,,,,,,,,,,,,,,,,,,,Indian_Engineering_Colleges_Dataset.csv,NIRF_2025_Scores_with_Rank.csv,Existing dataset + NIRF 2025 where conservatively matched,Not yet verified,Populate only from authoritative/current sources; do not infer missing values.
"Arunodaya University, Itanagar",,,Arunachal pradesh,India,,,,,,,,8.4,9.0,8.2,9.0,8.5,7.5,7.9,,"Arunodaya University, Itanagar ",Arunachal pradesh,--,--,,,,,,,,,,,,,,,,,,,,,,,,,,,,,,,,,,,,,,,,,,,,,,,,,,,,,,,,,,,Indian_Engineering_Colleges_Dataset.csv,NIRF_2025_Scores_with_Rank.csv,Existing dataset + NIRF 2025 where conservatively matched,Not yet verified,Populate only from authoritative/current sources; do not infer missing values.
Himalayan University,,,Arunachal pradesh,India,,,,,,81000,,8.6,8.6,8.9,9.1,8.0,8.1,9.0,,Himalayan University ,Arunachal pradesh,"81,000",--,,,,,,,,,,,,,,,,,,,,,,,,,,,,,,,,,,,,,,,,,,,,,,,,,,,,,,,,,,,Indian_Engineering_Colleges_Dataset.csv,NIRF_2025_Scores_with_Rank.csv,Existing dataset + NIRF 2025 where conservatively matched,Not yet verified,Populate only from authoritative/current sources; do not infer missing values.
Apex Professional University,,,Arunachal pradesh,India,,,,,,70000,87000,7.4,7.5,7.5,7.5,7.5,7.5,7.0,,Apex Professional University ,Arunachal pradesh,"70,000","87,000",,,,,,,,,,,,,,,,,,,,,,,,,,,,,,,,,,,,,,,,,,,,,,,,,,,,,,,,,,,Indian_Engineering_Colleges_Dataset.csv,NIRF_2025_Scores_with_Rank.csv,Existing dataset + NIRF 2025 where conservatively matched,Not yet verified,Populate only from authoritative/current sources; do not infer missing values.
Rajiv Gandhi University,,,Arunachal pradesh,India,,,,,,19850,16800,7.0,7.4,7.7,7.6,6.6,5.4,7.2,,Rajiv Gandhi University ,Arunachal pradesh,"19,850","16,800",,,,,,,,,,,,,,,,,,,,,,,,,,,,,,,,,,,,,,,,,,,,,,,,,,,,,,,,,,,Indian_Engineering_Colleges_Dataset.csv,NIRF_2025_Scores_with_Rank.csv,Existing dataset + NIRF 2025 where conservatively matched,Not yet verified,Populate only from authoritative/current sources; do not infer missing values.
Arunachal University of Studies,,,Arunachal pradesh,India,,,,,,25000,32000,8.3,8.7,8.4,8.1,7.9,8.2,8.4,,Arunachal University of Studies ,Arunachal pradesh,"25,000","32,000",,,,,,,,,,,,,,,,,,,,,,,,,,,,,,,,,,,,,,,,,,,,,,,,,,,,,,,,,,,Indian_Engineering_Colleges_Dataset.csv,NIRF_2025_Scores_with_Rank.csv,Existing dataset + NIRF 2025 where conservatively matched,Not yet verified,Populate only from authoritative/current sources; do not infer missing values.
North East Frontier Technical University,,,Arunachal pradesh,India,,,,,,,,8.3,9.0,8.5,8.2,7.6,8.7,8.0,,North East Frontier Technical University ,Arunachal pradesh,--,--,,,,,,,,,,,,,,,,,,,,,,,,,,,,,,,,,,,,,,,,,,,,,,,,,,,,,,,,,,,Indian_Engineering_Colleges_Dataset.csv,NIRF_2025_Scores_with_Rank.csv,Existing dataset + NIRF 2025 where conservatively matched,Not yet verified,Populate only from authoritative/current sources; do not infer missing values.
Venkateshwara Open University,,,Arunachal pradesh,India,,,,,,10000,,7.9,8.3,8.5,7.5,7.3,7.8,8.2,,Venkateshwara Open University ,Arunachal pradesh,"10,000",--,,,,,,,,,,,,,,,,,,,,,,,,,,,,,,,,,,,,,,,,,,,,,,,,,,,,,,,,,,,Indian_Engineering_Colleges_Dataset.csv,NIRF_2025_Scores_with_Rank.csv,Existing dataset + NIRF 2025 where conservatively matched,Not yet verified,Populate only from authoritative/current sources; do not infer missing values.
"Tomi Polytechnic College, Basar",,,Arunachal pradesh,India,,,,,,45000,,,,,,,,,,"Tomi Polytechnic College, Basar ",Arunachal pradesh,"45,000",--,,,,,,,,,,,,,,,,,,,,,,,,,,,,,,,,,,,,,,,,,,,,,,,,,,,,,,,,,,,Indian_Engineering_Colleges_Dataset.csv,NIRF_2025_Scores_with_Rank.csv,Existing dataset + NIRF 2025 where conservatively matched,Not yet verified,Populate only from authoritative/current sources; do not infer missing values.
"Government Polytechnic Laying, Itanagar",,,Arunachal pradesh,India,,,,,,,,,,,,,,,,"Government Polytechnic Laying, Itanagar ",Arunachal pradesh,--,--,,,,,,,,,,,,,,,,,,,,,,,,,,,,,,,,,,,,,,,,,,,,,,,,,,,,,,,,,,,Indian_Engineering_Colleges_Dataset.csv,NIRF_2025_Scores_with_Rank.csv,Existing dataset + NIRF 2025 where conservatively matched,Not yet verified,Populate only from authoritative/current sources; do not infer missing values.
"Government Polytechnic Roing, Roing",,,Arunachal pradesh,India,,,,,,15050,,,,,,,,,,"Government Polytechnic Roing, Roing ",Arunachal pradesh,"15,050",--,,,,,,,,,,,,,,,,,,,,,,,,,,,,,,,,,,,,,,,,,,,,,,,,,,,,,,,,,,,Indian_Engineering_Colleges_Dataset.csv,NIRF_2025_Scores_with_Rank.csv,Existing dataset + NIRF 2025 where conservatively matched,Not yet verified,Populate only from authoritative/current sources; do not infer missing values.
Government Polytechnic,,,Arunachal pradesh,India,,,,,,15350,,,,,,,,,,Government Polytechnic ,Arunachal pradesh,"15,350",--,,,,,,,,,,,,,,,,,,,,,,,,,,,,,,,,,,,,,,,,,,,,,,,,,,,,,,,,,,,Indian_Engineering_Colleges_Dataset.csv,NIRF_2025_Scores_with_Rank.csv,Existing dataset + NIRF 2025 where conservatively matched,Not yet verified,Populate only from authoritative/current sources; do not infer missing values.
Rajiv Gandhi Government Polytechnic,,,Arunachal pradesh,India,,,,,,15350,,,,,,,,,,Rajiv Gandhi Government Polytechnic ,Arunachal pradesh,"15,350",--,,,,,,,,,,,,,,,,,,,,,,,,,,,,,,,,,,,,,,,,,,,,,,,,,,,,,,,,,,,Indian_Engineering_Colleges_Dataset.csv,NIRF_2025_Scores_with_Rank.csv,Existing dataset + NIRF 2025 where conservatively matched,Not yet verified,Populate only from authoritative/current sources; do not infer missing values.
"The Global University, Itanagar",,,Arunachal pradesh,India,,,,,,90000,100000,,,,,,,,,"The Global University, Itanagar ",Arunachal pradesh,"90,000","1,00,000",,,,,,,,,,,,,,,,,,,,,,,,,,,,,,,,,,,,,,,,,,,,,,,,,,,,,,,,,,,Indian_Engineering_Colleges_Dataset.csv,NIRF_2025_Scores_with_Rank.csv,Existing dataset + NIRF 2025 where conservatively matched,Not yet verified,Populate only from authoritative/current sources; do not infer missing values.
National Institute of Technology,,,Meghalaya,India,,,,,,253700,43000,7.3,8.1,7.9,6.1,7.0,7.1,7.5,,National Institute of Technology ,Meghalaya,"2,53,700","43,000",,,,,,,,,,,,,,,,,,,,,,,,,,,,,,,,,,,,,,,,,,,,,,,,,,,,,,,,,,,Indian_Engineering_Colleges_Dataset.csv,NIRF_2025_Scores_with_Rank.csv,Existing dataset + NIRF 2025 where conservatively matched,Not yet verified,Populate only from authoritative/current sources; do not infer missing values.
"CMJ University, Ri-Bhoi",,,Meghalaya,India,,,,,,375000,235000,8.3,8.8,8.5,7.8,7.8,8.2,8.6,,"CMJ University, Ri-Bhoi ",Meghalaya,"3,75,000","2,35,000",,,,,,,,,,,,,,,,,,,,,,,,,,,,,,,,,,,,,,,,,,,,,,,,,,,,,,,,,,,Indian_Engineering_Colleges_Dataset.csv,NIRF_2025_Scores_with_Rank.csv,Existing dataset + NIRF 2025 where conservatively matched,Not yet verified,Populate only from authoritative/current sources; do not infer missing values.
North-Eastern Hill University,,,Meghalaya,India,,,,,,5060,5010,7.9,7.9,8.2,8.4,7.8,6.6,8.2,,North-Eastern Hill University ,Meghalaya,"5,060","5,010",,,,,,,,,,,,,,,,,,,,,,,,,,,,,,,,,,,,,,,,,,,,,,,,,,,,,,,,,,,Indian_Engineering_Colleges_Dataset.csv,NIRF_2025_Scores_with_Rank.csv,Existing dataset + NIRF 2025 where conservatively matched,Not yet verified,Populate only from authoritative/current sources; do not infer missing values.
William Carey University,,,Meghalaya,India,,,,,,106000,106000,8.5,9.2,8.4,8.2,8.4,8.1,8.6,,William Carey University ,Meghalaya,"1,06,000","1,06,000",,,,,,,,,,,,,,,,,,,,,,,,,,,,,,,,,,,,,,,,,,,,,,,,,,,,,,,,,,,Indian_Engineering_Colleges_Dataset.csv,NIRF_2025_Scores_with_Rank.csv,Existing dataset + NIRF 2025 where conservatively matched,Not yet verified,Populate only from authoritative/current sources; do not infer missing values.
Mahatma Gandhi University,,,Meghalaya,India,,,,,,16000,,8.1,9.0,9.0,9.0,7.0,6.3,8.4,,Mahatma Gandhi University ,Meghalaya,"16,000",--,,,,,,,,,,,,,,,,,,,,,,,,,,,,,,,,,,,,,,,,,,,,,,,,,,,,,,,,,,,Indian_Engineering_Colleges_Dataset.csv,NIRF_2025_Scores_with_Rank.csv,Existing dataset + NIRF 2025 where conservatively matched,Not yet verified,Populate only from authoritative/current sources; do not infer missing values.
"MIT University, Shillong",,,Meghalaya,India,,,,,,135000,,3.8,4.8,3.8,3.3,2.5,4.5,3.8,,"MIT University, Shillong ",Meghalaya,"1,35,000",--,,,,,,,,,,,,,,,,,,,,,,,,,,,,,,,,,,,,,,,,,,,,,,,,,,,,,,,,,,,Indian_Engineering_Colleges_Dataset.csv,NIRF_2025_Scores_with_Rank.csv,Existing dataset + NIRF 2025 where conservatively matched,Not yet verified,Populate only from authoritative/current sources; do not infer missing values.
Regional Institute of Science and Technolog,,,Meghalaya,India,,,,,,125000,,8.2,9.0,7.7,9.0,8.0,7.0,8.3,,Regional Institute of Science and Technolog ,Meghalaya,"1,25,000",--,,,,,,,,,,,,,,,,,,,,,,,,,,,,,,,,,,,,,,,,,,,,,,,,,,,,,,,,,,,Indian_Engineering_Colleges_Dataset.csv,NIRF_2025_Scores_with_Rank.csv,Existing dataset + NIRF 2025 where conservatively matched,Not yet verified,Populate only from authoritative/current sources; do not infer missing values.
"Tura Polytechnic College, Tura",,,Meghalaya,India,,,,,,3516,,,,,,,,,,"Tura Polytechnic College, Tura ",Meghalaya,"3,516",--,,,,,,,,,,,,,,,,,,,,,,,,,,,,,,,,,,,,,,,,,,,,,,,,,,,,,,,,,,,Indian_Engineering_Colleges_Dataset.csv,NIRF_2025_Scores_with_Rank.csv,Existing dataset + NIRF 2025 where conservatively matched,Not yet verified,Populate only from authoritative/current sources; do not infer missing values.
"Shillong Polytechnic, Mawlai",,,Meghalaya,India,,,,,,,,,,,,,,,,"Shillong Polytechnic, Mawlai ",Meghalaya,--,--,,,,,,,,,,,,,,,,,,,,,,,,,,,,,,,,,,,,,,,,,,,,,,,,,,,,,,,,,,,Indian_Engineering_Colleges_Dataset.csv,NIRF_2025_Scores_with_Rank.csv,Existing dataset + NIRF 2025 where conservatively matched,Not yet verified,Populate only from authoritative/current sources; do not infer missing values.
"Jowai Polytechnic, Jowai",,,Meghalaya,India,,,,,,1500,,,,,,,,,,"Jowai Polytechnic, Jowai ",Meghalaya,"1,500",--,,,,,,,,,,,,,,,,,,,,,,,,,,,,,,,,,,,,,,,,,,,,,,,,,,,,,,,,,,,Indian_Engineering_Colleges_Dataset.csv,NIRF_2025_Scores_with_Rank.csv,Existing dataset + NIRF 2025 where conservatively matched,Not yet verified,Populate only from authoritative/current sources; do not infer missing values.
National Institute of Technology,,,Nagaland,India,,,,,,133800,85700,7.0,7.3,7.5,6.3,6.0,7.2,7.8,,National Institute of Technology ,Nagaland,"1,33,800","85,700",,,,,,,,,,,,,,,,,,,,,,,,,,,,,,,,,,,,,,,,,,,,,,,,,,,,,,,,,,,Indian_Engineering_Colleges_Dataset.csv,NIRF_2025_Scores_with_Rank.csv,Existing dataset + NIRF 2025 where conservatively matched,Not yet verified,Populate only from authoritative/current sources; do not infer missing values.
"St.Joseph University, Dimapur",,,Nagaland,India,,,,,,123000,,8.1,8.4,8.3,8.0,7.9,8.1,8.1,,"St.Joseph University, Dimapur ",Nagaland,"1,23,000",--,,,,,,,,,,,,,,,,,,,,,,,,,,,,,,,,,,,,,,,,,,,,,,,,,,,,,,,,,,,Indian_Engineering_Colleges_Dataset.csv,NIRF_2025_Scores_with_Rank.csv,Existing dataset + NIRF 2025 where conservatively matched,Not yet verified,Populate only from authoritative/current sources; do not infer missing values.
"Nagaland University, Zunhebotto",,,Nagaland,India,,,,,,26960,,8.1,8.1,8.7,7.8,7.7,7.8,8.3,,"Nagaland University, Zunhebotto ",Nagaland,"26,960",--,,,,,,,,,,,,,,,,,,,,,,,,,,,,,,,,,,,,,,,,,,,,,,,,,,,,,,,,,,,Indian_Engineering_Colleges_Dataset.csv,NIRF_2025_Scores_with_Rank.csv,Existing dataset + NIRF 2025 where conservatively matched,Not yet verified,Populate only from authoritative/current sources; do not infer missing values.
The Global Open University,,,Nagaland,India,,,,,,6525,,7.8,8.9,8.4,7.6,7.3,7.3,7.4,,The Global Open University ,Nagaland,"6,525",--,,,,,,,,,,,,,,,,,,,,,,,,,,,,,,,,,,,,,,,,,,,,,,,,,,,,,,,,,,,Indian_Engineering_Colleges_Dataset.csv,NIRF_2025_Scores_with_Rank.csv,Existing dataset + NIRF 2025 where conservatively matched,Not yet verified,Populate only from authoritative/current sources; do not infer missing values.
"Government Polytechnic, Kohima",,,Nagaland,India,,,,,,7450,,,,,,,,,,"Government Polytechnic, Kohima ",Nagaland,"7,450",--,,,,,,,,,,,,,,,,,,,,,,,,,,,,,,,,,,,,,,,,,,,,,,,,,,,,,,,,,,,Indian_Engineering_Colleges_Dataset.csv,NIRF_2025_Scores_with_Rank.csv,Existing dataset + NIRF 2025 where conservatively matched,Not yet verified,Populate only from authoritative/current sources; do not infer missing values.
"Khelhoshe Polytechnic Atoizu[KPA], Kohima",,,Nagaland,India,,,,,,11100,,,,,,,,,,"Khelhoshe Polytechnic Atoizu[KPA], Kohima ",Nagaland,"11,100",--,,,,,,,,,,,,,,,,,,,,,,,,,,,,,,,,,,,,,,,,,,,,,,,,,,,,,,,,,,,Indian_Engineering_Colleges_Dataset.csv,NIRF_2025_Scores_with_Rank.csv,Existing dataset + NIRF 2025 where conservatively matched,Not yet verified,Populate only from authoritative/current sources; do not infer missing values.
"Government Polytechnic Seithekema C, Dimapur",,,Nagaland,India,,,,,,8000,,,,,,,,,,"Government Polytechnic Seithekema C, Dimapur ",Nagaland,"8,000",--,,,,,,,,,,,,,,,,,,,,,,,,,,,,,,,,,,,,,,,,,,,,,,,,,,,,,,,,,,,Indian_Engineering_Colleges_Dataset.csv,NIRF_2025_Scores_with_Rank.csv,Existing dataset + NIRF 2025 where conservatively matched,Not yet verified,Populate only from authoritative/current sources; do not infer missing values.
Government Polytechnic Tsunazho,,,Nagaland,India,,,,,,7550,,,,,,,,,,Government Polytechnic Tsunazho ,Nagaland,"7,550",--,,,,,,,,,,,,,,,,,,,,,,,,,,,,,,,,,,,,,,,,,,,,,,,,,,,,,,,,,,,Indian_Engineering_Colleges_Dataset.csv,NIRF_2025_Scores_with_Rank.csv,Existing dataset + NIRF 2025 where conservatively matched,Not yet verified,Populate only from authoritative/current sources; do not infer missing values.
"Government Polytechnic Sedem, Tuensang",,,Nagaland,India,,,,,,10500,,,,,,,,,,"Government Polytechnic Sedem, Tuensang ",Nagaland,"10,500",--,,,,,,,,,,,,,,,,,,,,,,,,,,,,,,,,,,,,,,,,,,,,,,,,,,,,,,,,,,,Indian_Engineering_Colleges_Dataset.csv,NIRF_2025_Scores_with_Rank.csv,Existing dataset + NIRF 2025 where conservatively matched,Not yet verified,Populate only from authoritative/current sources; do not infer missing values.
"Institute of Communication and Information Technology, Kohima",,,Nagaland,India,,,,,,,,,,,,,,,,"Institute of Communication and Information Technology, Kohima ",Nagaland,--,--,,,,,,,,,,,,,,,,,,,,,,,,,,,,,,,,,,,,,,,,,,,,,,,,,,,,,,,,,,,Indian_Engineering_Colleges_Dataset.csv,NIRF_2025_Scores_with_Rank.csv,Existing dataset + NIRF 2025 where conservatively matched,Not yet verified,Populate only from authoritative/current sources; do not infer missing values.
Pondicherry Engineering College,,,Puducherry,India,,,,,,171200,38050,7.8,8.5,8.1,7.5,6.9,8.0,7.7,,Pondicherry Engineering College ,Puducherry,"1,71,200","38,050",,,,,,,,,,,,,,,,,,,,,,,,,,,,,,,,,,,,,,,,,,,,,,,,,,,,,,,,,,,Indian_Engineering_Colleges_Dataset.csv,NIRF_2025_Scores_with_Rank.csv,Existing dataset + NIRF 2025 where conservatively matched,Not yet verified,Populate only from authoritative/current sources; do not infer missing values.
National Institute of Technology,,,Puducherry,India,,,,,,54366,28400,7.0,7.8,7.2,6.3,6.8,6.6,7.2,,National Institute of Technology ,Puducherry,"54,366","28,400",,,,,,,,,,,,,,,,,,,,,,,,,,,,,,,,,,,,,,,,,,,,,,,,,,,,,,,,,,,Indian_Engineering_Colleges_Dataset.csv,NIRF_2025_Scores_with_Rank.csv,Existing dataset + NIRF 2025 where conservatively matched,Not yet verified,Populate only from authoritative/current sources; do not infer missing values.
Manakula Vinayagar Institute of Technology,,,Puducherry,India,,,,,,244000,,7.4,7.9,7.6,7.7,7.1,7.5,6.8,,Manakula Vinayagar Institute of Technology ,Puducherry,"2,44,000",--,,,,,,,,,,,,,,,,,,,,,,,,,,,,,,,,,,,,,,,,,,,,,,,,,,,,,,,,,,,Indian_Engineering_Colleges_Dataset.csv,NIRF_2025_Scores_with_Rank.csv,Existing dataset + NIRF 2025 where conservatively matched,Not yet verified,Populate only from authoritative/current sources; do not infer missing values.
"Sri Manakula Vinayagar Engineering College, Pondicherry",,,Puducherry,India,,,,,,40000,20450,7.5,8.1,7.9,7.8,6.6,8.1,6.5,,"Sri Manakula Vinayagar Engineering College, Pondicherry ",Puducherry,"40,000","20,450",,,,,,,,,,,,,,,,,,,,,,,,,,,,,,,,,,,,,,,,,,,,,,,,,,,,,,,,,,,Indian_Engineering_Colleges_Dataset.csv,NIRF_2025_Scores_with_Rank.csv,Existing dataset + NIRF 2025 where conservatively matched,Not yet verified,Populate only from authoritative/current sources; do not infer missing values.
"Rajiv Gandhi College of Engineering and Technology, Pondicherry",,,Puducherry,India,,,,,,40000,20450,6.8,7.1,7.0,6.9,6.0,6.9,6.6,,"Rajiv Gandhi College of Engineering and Technology, Pondicherry ",Puducherry,"40,000","20,450",,,,,,,,,,,,,,,,,,,,,,,,,,,,,,,,,,,,,,,,,,,,,,,,,,,,,,,,,,,Indian_Engineering_Colleges_Dataset.csv,NIRF_2025_Scores_with_Rank.csv,Existing dataset + NIRF 2025 where conservatively matched,Not yet verified,Populate only from authoritative/current sources; do not infer missing values.
"Christ College of Engineering and Technology, Pondicherry",,,Puducherry,India,,,,,,116000,90000,7.0,8.2,7.9,6.4,5.8,6.5,7.1,,"Christ College of Engineering and Technology, Pondicherry ",Puducherry,"1,16,000","90,000",,,,,,,,,,,,,,,,,,,,,,,,,,,,,,,,,,,,,,,,,,,,,,,,,,,,,,,,,,,Indian_Engineering_Colleges_Dataset.csv,NIRF_2025_Scores_with_Rank.csv,Existing dataset + NIRF 2025 where conservatively matched,Not yet verified,Populate only from authoritative/current sources; do not infer missing values.
Perunthalaivar Kamarajar Institute of Engineering and Technology,,,Puducherry,India,,,,,,31915,,8.0,8.0,8.0,8.0,8.0,8.0,8.0,,Perunthalaivar Kamarajar Institute of Engineering and Technology ,Puducherry,"31,915",--,,,,,,,,,,,,,,,,,,,,,,,,,,,,,,,,,,,,,,,,,,,,,,,,,,,,,,,,,,,Indian_Engineering_Colleges_Dataset.csv,NIRF_2025_Scores_with_Rank.csv,Existing dataset + NIRF 2025 where conservatively matched,Not yet verified,Populate only from authoritative/current sources; do not infer missing values.
Achariya College of Engineering Technology,,,Puducherry,India,,,,,,68000,,6.3,7.0,6.1,6.5,6.0,5.4,6.9,,Achariya College of Engineering Technology ,Puducherry,"68,000",--,,,,,,,,,,,,,,,,,,,,,,,,,,,,,,,,,,,,,,,,,,,,,,,,,,,,,,,,,,,Indian_Engineering_Colleges_Dataset.csv,NIRF_2025_Scores_with_Rank.csv,Existing dataset + NIRF 2025 where conservatively matched,Not yet verified,Populate only from authoritative/current sources; do not infer missing values.
"Regency Institute of Technology, Yanam",,,Puducherry,India,,,,,,41263,,5.7,5.4,5.2,7.1,6.0,4.4,5.9,,"Regency Institute of Technology, Yanam ",Puducherry,"41,263",--,,,,,,,,,,,,,,,,,,,,,,,,,,,,,,,,,,,,,,,,,,,,,,,,,,,,,,,,,,,Indian_Engineering_Colleges_Dataset.csv,NIRF_2025_Scores_with_Rank.csv,Existing dataset + NIRF 2025 where conservatively matched,Not yet verified,Populate only from authoritative/current sources; do not infer missing values.
Bharathiyar College of Engineering and Technology,,,Puducherry,India,,,,,,,,6.0,6.5,7.0,7.5,5.8,4.5,4.8,,Bharathiyar College of Engineering and Technology ,Puducherry,--,--,,,,,,,,,,,,,,,,,,,,,,,,,,,,,,,,,,,,,,,,,,,,,,,,,,,,,,,,,,,Indian_Engineering_Colleges_Dataset.csv,NIRF_2025_Scores_with_Rank.csv,Existing dataset + NIRF 2025 where conservatively matched,Not yet verified,Populate only from authoritative/current sources; do not infer missing values.
"PSV College of Engineering and Technology, Pondicherry",,,Puducherry,India,,,,,,30000,,5.3,5.3,6.0,5.3,4.7,5.0,5.7,,"PSV College of Engineering and Technology, Pondicherry ",Puducherry,"30,000",--,,,,,,,,,,,,,,,,,,,,,,,,,,,,,,,,,,,,,,,,,,,,,,,,,,,,,,,,,,,Indian_Engineering_Colleges_Dataset.csv,NIRF_2025_Scores_with_Rank.csv,Existing dataset + NIRF 2025 where conservatively matched,Not yet verified,Populate only from authoritative/current sources; do not infer missing values.
Christ Institute of Technology,,,Puducherry,India,,,,,,45000,,5.2,5.6,5.7,5.3,4.9,5.0,4.4,,Christ Institute of Technology ,Puducherry,"45,000",--,,,,,,,,,,,,,,,,,,,,,,,,,,,,,,,,,,,,,,,,,,,,,,,,,,,,,,,,,,,Indian_Engineering_Colleges_Dataset.csv,NIRF_2025_Scores_with_Rank.csv,Existing dataset + NIRF 2025 where conservatively matched,Not yet verified,Populate only from authoritative/current sources; do not infer missing values.
R V S College of Engineering and Technology,,,Puducherry,India,,,,,,40000,,,,,,,,,,R V S College of Engineering and Technology ,Puducherry,"40,000",--,,,,,,,,,,,,,,,,,,,,,,,,,,,,,,,,,,,,,,,,,,,,,,,,,,,,,,,,,,,Indian_Engineering_Colleges_Dataset.csv,NIRF_2025_Scores_with_Rank.csv,Existing dataset + NIRF 2025 where conservatively matched,Not yet verified,Populate only from authoritative/current sources; do not infer missing values.
"Alpha College of Engineering & Technology, Pondicherry",,,Puducherry,India,,,,,,29000,,4.7,5.0,5.0,4.2,5.3,3.8,5.0,,"Alpha College of Engineering & Technology, Pondicherry ",Puducherry,"29,000",--,,,,,,,,,,,,,,,,,,,,,,,,,,,,,,,,,,,,,,,,,,,,,,,,,,,,,,,,,,,Indian_Engineering_Colleges_Dataset.csv,NIRF_2025_Scores_with_Rank.csv,Existing dataset + NIRF 2025 where conservatively matched,Not yet verified,Populate only from authoritative/current sources; do not infer missing values.
Pondicherry University,,,Puducherry,India,,,,,,26218,36301,7.8,8.0,8.0,8.1,7.3,6.9,8.4,,Pondicherry University ,Puducherry,"26,218","36,301",,,,,,,,,,,,,,,,,,,,,,,,,,,,,,,,,,,,,,,,,,,,,,,,,,,,,,,,,,,Indian_Engineering_Colleges_Dataset.csv,NIRF_2025_Scores_with_Rank.csv,Existing dataset + NIRF 2025 where conservatively matched,Not yet verified,Populate only from authoritative/current sources; do not infer missing values.
"Sri Chakra Maritime College, Pondicherry",,,Puducherry,India,,,,,,,,,,,,,,,,"Sri Chakra Maritime College, Pondicherry ",Puducherry,--,--,,,,,,,,,,,,,,,,,,,,,,,,,,,,,,,,,,,,,,,,,,,,,,,,,,,,,,,,,,,Indian_Engineering_Colleges_Dataset.csv,NIRF_2025_Scores_with_Rank.csv,Existing dataset + NIRF 2025 where conservatively matched,Not yet verified,Populate only from authoritative/current sources; do not infer missing values.
"Motilal Nehru Government Polytechnic College, Pondicherry",,,Puducherry,India,,,,,,,,,,,,,,,,"Motilal Nehru Government Polytechnic College, Pondicherry ",Puducherry,--,--,,,,,,,,,,,,,,,,,,,,,,,,,,,,,,,,,,,,,,,,,,,,,,,,,,,,,,,,,,,Indian_Engineering_Colleges_Dataset.csv,NIRF_2025_Scores_with_Rank.csv,Existing dataset + NIRF 2025 where conservatively matched,Not yet verified,Populate only from authoritative/current sources; do not infer missing values.
Karaikal Polytechnic College,,,Puducherry,India,,,,,,6000,,,,,,,,,,Karaikal Polytechnic College ,Puducherry,"6,000",--,,,,,,,,,,,,,,,,,,,,,,,,,,,,,,,,,,,,,,,,,,,,,,,,,,,,,,,,,,,Indian_Engineering_Colleges_Dataset.csv,NIRF_2025_Scores_with_Rank.csv,Existing dataset + NIRF 2025 where conservatively matched,Not yet verified,Populate only from authoritative/current sources; do not infer missing values.
Dr. B. R. Ambedkar Polytechnic College,,,Puducherry,India,,,,,,6000,,,,,,,,,,Dr. B. R. Ambedkar Polytechnic College ,Puducherry,"6,000",--,,,,,,,,,,,,,,,,,,,,,,,,,,,,,,,,,,,,,,,,,,,,,,,,,,,,,,,,,,,Indian_Engineering_Colleges_Dataset.csv,NIRF_2025_Scores_with_Rank.csv,Existing dataset + NIRF 2025 where conservatively matched,Not yet verified,Populate only from authoritative/current sources; do not infer missing values.
Indira Gandhi Polytechnic College,,,Puducherry,India,,,,,,7095,7195,,,,,,,,,Indira Gandhi Polytechnic College ,Puducherry,"7,095","7,195",,,,,,,,,,,,,,,,,,,,,,,,,,,,,,,,,,,,,,,,,,,,,,,,,,,,,,,,,,,Indian_Engineering_Colleges_Dataset.csv,NIRF_2025_Scores_with_Rank.csv,Existing dataset + NIRF 2025 where conservatively matched,Not yet verified,Populate only from authoritative/current sources; do not infer missing values.
"Sri Manakula Vinayagar Polytechnic College-[SMVPC], Pondicherry",,,Puducherry,India,,,,,,17500,,,,,,,,,,"Sri Manakula Vinayagar Polytechnic College-[SMVPC], Pondicherry ",Puducherry,"17,500",--,,,,,,,,,,,,,,,,,,,,,,,,,,,,,,,,,,,,,,,,,,,,,,,,,,,,,,,,,,,Indian_Engineering_Colleges_Dataset.csv,NIRF_2025_Scores_with_Rank.csv,Existing dataset + NIRF 2025 where conservatively matched,Not yet verified,Populate only from authoritative/current sources; do not infer missing values.
Women’s Polytechnic College,,,Puducherry,India,,,,,,6000,6000,,,,,,,,,Women’s Polytechnic College ,Puducherry,"6,000","6,000",,,,,,,,,,,,,,,,,,,,,,,,,,,,,,,,,,,,,,,,,,,,,,,,,,,,,,,,,,,Indian_Engineering_Colleges_Dataset.csv,NIRF_2025_Scores_with_Rank.csv,Existing dataset + NIRF 2025 where conservatively matched,Not yet verified,Populate only from authoritative/current sources; do not infer missing values.
National Institute of Technology,,,Tripura,India,,,,,,150100,89800,8.0,8.1,7.3,8.7,7.7,7.8,8.2,,National Institute of Technology ,Tripura,"1,50,100","89,800",,,,,,,,,,,,,,,,,,,,,,,,,,,,,,,,,,,,,,,,,,,,,,,,,,,,,,,,,,,Indian_Engineering_Colleges_Dataset.csv,NIRF_2025_Scores_with_Rank.csv,Existing dataset + NIRF 2025 where conservatively matched,Not yet verified,Populate only from authoritative/current sources; do not infer missing values.
"ICFAI University, West Tripura",,,Tripura,India,,,,,,130000,111000,8.0,8.1,8.1,8.3,7.6,7.6,8.5,,"ICFAI University, West Tripura ",Tripura,"1,30,000","1,11,000",,,,,,,,,,,,,,,,,,,,,,,,,,,,,,,,,,,,,,,,,,,,,,,,,,,,,,,,,,,Indian_Engineering_Colleges_Dataset.csv,NIRF_2025_Scores_with_Rank.csv,Existing dataset + NIRF 2025 where conservatively matched,Not yet verified,Populate only from authoritative/current sources; do not infer missing values.
Indian Institute of Information Technology,,,Tripura,India,,,,,,206200,,8.4,8.9,8.9,8.4,7.6,8.1,8.6,,Indian Institute of Information Technology ,Tripura,"2,06,200",--,,,,,,,,,,,,,,,,,,,,,,,,,,,,,,,,,,,,,,,,,,,,,,,,,,,,,,,,,,,Indian_Engineering_Colleges_Dataset.csv,NIRF_2025_Scores_with_Rank.csv,Existing dataset + NIRF 2025 where conservatively matched,Not yet verified,Populate only from authoritative/current sources; do not infer missing values.
"Tripura Institute of Technology, Agartala",,,Tripura,India,,,,,,12180,6751,7.6,7.8,8.2,8.3,6.5,6.8,8.1,,"Tripura Institute of Technology, Agartala ",Tripura,"12,180","6,751",,,,,,,,,,,,,,,,,,,,,,,,,,,,,,,,,,,,,,,,,,,,,,,,,,,,,,,,,,,Indian_Engineering_Colleges_Dataset.csv,NIRF_2025_Scores_with_Rank.csv,Existing dataset + NIRF 2025 where conservatively matched,Not yet verified,Populate only from authoritative/current sources; do not infer missing values.
Techno College of Engineering Agartala,,,Tripura,India,,,,,,98000,,8.0,7.6,7.6,9.2,7.4,7.8,8.4,,Techno College of Engineering Agartala ,Tripura,"98,000",--,,,,,,,,,,,,,,,,,,,,,,,,,,,,,,,,,,,,,,,,,,,,,,,,,,,,,,,,,,,Indian_Engineering_Colleges_Dataset.csv,NIRF_2025_Scores_with_Rank.csv,Existing dataset + NIRF 2025 where conservatively matched,Not yet verified,Populate only from authoritative/current sources; do not infer missing values.
"Tripura University, West Tripura",,,Tripura,India,,,,,,55300,5200,7.5,8.0,8.4,7.6,7.1,6.0,8.0,,"Tripura University, West Tripura ",Tripura,"55,300","5,200",,,,,,,,,,,,,,,,,,,,,,,,,,,,,,,,,,,,,,,,,,,,,,,,,,,,,,,,,,,Indian_Engineering_Colleges_Dataset.csv,NIRF_2025_Scores_with_Rank.csv,Existing dataset + NIRF 2025 where conservatively matched,Not yet verified,Populate only from authoritative/current sources; do not infer missing values.
"TTAADC Polytechnic Institute, West Tripura",,,Tripura,India,,,,,,6750,,,,,,,,,,"TTAADC Polytechnic Institute, West Tripura ",Tripura,"6,750",--,,,,,,,,,,,,,,,,,,,,,,,,,,,,,,,,,,,,,,,,,,,,,,,,,,,,,,,,,,,Indian_Engineering_Colleges_Dataset.csv,NIRF_2025_Scores_with_Rank.csv,Existing dataset + NIRF 2025 where conservatively matched,Not yet verified,Populate only from authoritative/current sources; do not infer missing values.
Sikkim Manipal University,,,Sikkim,India,,,,,,260000,174000,7.4,7.9,8.2,7.6,6.5,6.8,7.4,,Sikkim Manipal University ,Sikkim,"2,60,000","1,74,000",,,,,,,,,,,,,,,,,,,,,,,,,,,,,,,,,,,,,,,,,,,,,,,,,,,,,,,,,,,Indian_Engineering_Colleges_Dataset.csv,NIRF_2025_Scores_with_Rank.csv,Existing dataset + NIRF 2025 where conservatively matched,Not yet verified,Populate only from authoritative/current sources; do not infer missing values.
National Institute of Technology,,,Sikkim,India,,,,,,139400,82900,7.5,8.1,8.0,6.5,7.2,7.8,7.6,,National Institute of Technology ,Sikkim,"1,39,400","82,900",,,,,,,,,,,,,,,,,,,,,,,,,,,,,,,,,,,,,,,,,,,,,,,,,,,,,,,,,,,Indian_Engineering_Colleges_Dataset.csv,NIRF_2025_Scores_with_Rank.csv,Existing dataset + NIRF 2025 where conservatively matched,Not yet verified,Populate only from authoritative/current sources; do not infer missing values.
"SRM University Sikkim, Gangtok",,,Sikkim,India,,,,,,225000,,8.1,7.7,8.5,8.3,7.1,8.3,8.4,,"SRM University Sikkim, Gangtok ",Sikkim,"2,25,000",--,,,,,,,,,,,,,,,,,,,,,,,,,,,,,,,,,,,,,,,,,,,,,,,,,,,,,,,,,,,Indian_Engineering_Colleges_Dataset.csv,NIRF_2025_Scores_with_Rank.csv,Existing dataset + NIRF 2025 where conservatively matched,Not yet verified,Populate only from authoritative/current sources; do not infer missing values.
Vinayaka Missions Sikkim University,,,Sikkim,India,,,,,,,,7.8,7.8,8.0,7.8,7.8,7.5,7.8,,Vinayaka Missions Sikkim University ,Sikkim,--,--,,,,,,,,,,,,,,,,,,,,,,,,,,,,,,,,,,,,,,,,,,,,,,,,,,,,,,,,,,,Indian_Engineering_Colleges_Dataset.csv,NIRF_2025_Scores_with_Rank.csv,Existing dataset + NIRF 2025 where conservatively matched,Not yet verified,Populate only from authoritative/current sources; do not infer missing values.
College of Agricultural Engineering and Post Harvest Technology,,,Sikkim,India,,,,,,4280,,6.8,6.8,7.1,6.6,6.2,6.6,7.4,,College of Agricultural Engineering and Post Harvest Technology ,Sikkim,"4,280",--,,,,,,,,,,,,,,,,,,,,,,,,,,,,,,,,,,,,,,,,,,,,,,,,,,,,,,,,,,,Indian_Engineering_Colleges_Dataset.csv,NIRF_2025_Scores_with_Rank.csv,Existing dataset + NIRF 2025 where conservatively matched,Not yet verified,Populate only from authoritative/current sources; do not infer missing values.
National Institute of Technology,,,Manipur,India,,,,,,147700,89400,7.9,7.9,8.2,7.4,7.1,8.4,8.2,,National Institute of Technology ,Manipur,"1,47,700","89,400",,,,,,,,,,,,,,,,,,,,,,,,,,,,,,,,,,,,,,,,,,,,,,,,,,,,,,,,,,,Indian_Engineering_Colleges_Dataset.csv,NIRF_2025_Scores_with_Rank.csv,Existing dataset + NIRF 2025 where conservatively matched,Not yet verified,Populate only from authoritative/current sources; do not infer missing values.
Indian Institute of Information Technology,,,Manipur,India,,,,,,187945,21795,6.8,7.1,7.6,6.3,6.7,6.6,6.2,,Indian Institute of Information Technology ,Manipur,"1,87,945","21,795",,,,,,,,,,,,,,,,,,,,,,,,,,,,,,,,,,,,,,,,,,,,,,,,,,,,,,,,,,,Indian_Engineering_Colleges_Dataset.csv,NIRF_2025_Scores_with_Rank.csv,Existing dataset + NIRF 2025 where conservatively matched,Not yet verified,Populate only from authoritative/current sources; do not infer missing values.
Manipur Institute of Technology,,,Manipur,India,,,,,,69200,75900,7.0,7.0,7.3,7.0,6.5,7.0,7.0,,Manipur Institute of Technology ,Manipur,"69,200","75,900",,,,,,,,,,,,,,,,,,,,,,,,,,,,,,,,,,,,,,,,,,,,,,,,,,,,,,,,,,,Indian_Engineering_Colleges_Dataset.csv,NIRF_2025_Scores_with_Rank.csv,Existing dataset + NIRF 2025 where conservatively matched,Not yet verified,Populate only from authoritative/current sources; do not infer missing values.
Manipur Technical University,,,Manipur,India,,,,,,63000,,8.3,,,,,,,,Manipur Technical University ,Manipur,"63,000",--,,,,,,,,,,,,,,,,,,,,,,,,,,,,,,,,,,,,,,,,,,,,,,,,,,,,,,,,,,,Indian_Engineering_Colleges_Dataset.csv,NIRF_2025_Scores_with_Rank.csv,Existing dataset + NIRF 2025 where conservatively matched,Not yet verified,Populate only from authoritative/current sources; do not infer missing values.
Central Agricultural University,,,Manipur,India,,,,,,2980,5500,7.5,8.0,7.5,9.0,6.7,6.8,7.0,,Central Agricultural University ,Manipur,"2,980","5,500",,,,,,,,,,,,,,,,,,,,,,,,,,,,,,,,,,,,,,,,,,,,,,,,,,,,,,,,,,,Indian_Engineering_Colleges_Dataset.csv,NIRF_2025_Scores_with_Rank.csv,Existing dataset + NIRF 2025 where conservatively matched,Not yet verified,Populate only from authoritative/current sources; do not infer missing values.
Manipur University,,,Manipur,India,,,,,,61250,61250,8.1,8.4,8.5,7.7,8.2,7.2,8.4,,Manipur University ,Manipur,"61,250","61,250",,,,,,,,,,,,,,,,,,,,,,,,,,,,,,,,,,,,,,,,,,,,,,,,,,,,,,,,,,,Indian_Engineering_Colleges_Dataset.csv,NIRF_2025_Scores_with_Rank.csv,Existing dataset + NIRF 2025 where conservatively matched,Not yet verified,Populate only from authoritative/current sources; do not infer missing values.
"Government Polytechnic, Imphal",,,Manipur,India,,,,,,,,,,,,,,,,"Government Polytechnic, Imphal ",Manipur,--,--,,,,,,,,,,,,,,,,,,,,,,,,,,,,,,,,,,,,,,,,,,,,,,,,,,,,,,,,,,,Indian_Engineering_Colleges_Dataset.csv,NIRF_2025_Scores_with_Rank.csv,Existing dataset + NIRF 2025 where conservatively matched,Not yet verified,Populate only from authoritative/current sources; do not infer missing values.
"Bir Tikendrajit University, Imphal",,,Manipur,India,,,,,,160000,160000,,,,,,,,,"Bir Tikendrajit University, Imphal ",Manipur,"1,60,000","1,60,000",,,,,,,,,,,,,,,,,,,,,,,,,,,,,,,,,,,,,,,,,,,,,,,,,,,,,,,,,,,Indian_Engineering_Colleges_Dataset.csv,NIRF_2025_Scores_with_Rank.csv,Existing dataset + NIRF 2025 where conservatively matched,Not yet verified,Populate only from authoritative/current sources; do not infer missing values.
National Institute of Technology,,,Mizoram,India,,,,,,136500,82500,5.4,6.3,6.4,3.9,4.5,6.5,5.0,,National Institute of Technology ,Mizoram,"1,36,500","82,500",,,,,,,,,,,,,,,,,,,,,,,,,,,,,,,,,,,,,,,,,,,,,,,,,,,,,,,,,,,Indian_Engineering_Colleges_Dataset.csv,NIRF_2025_Scores_with_Rank.csv,Existing dataset + NIRF 2025 where conservatively matched,Not yet verified,Populate only from authoritative/current sources; do not infer missing values.
"Mizoram University, School of Engineering and Technology",,,Mizoram,India,,,,,,29000,,5.7,6.0,7.5,6.0,2.0,5.5,7.0,,"Mizoram University, School of Engineering and Technology ",Mizoram,"29,000",--,,,,,,,,,,,,,,,,,,,,,,,,,,,,,,,,,,,,,,,,,,,,,,,,,,,,,,,,,,,Indian_Engineering_Colleges_Dataset.csv,NIRF_2025_Scores_with_Rank.csv,Existing dataset + NIRF 2025 where conservatively matched,Not yet verified,Populate only from authoritative/current sources; do not infer missing values.
"Mizoram Polytechnic, Lunglei",,,Mizoram,India,,,,,,5550,,,,,,,,,,"Mizoram Polytechnic, Lunglei ",Mizoram,"5,550",--,,,,,,,,,,,,,,,,,,,,,,,,,,,,,,,,,,,,,,,,,,,,,,,,,,,,,,,,,,,Indian_Engineering_Colleges_Dataset.csv,NIRF_2025_Scores_with_Rank.csv,Existing dataset + NIRF 2025 where conservatively matched,Not yet verified,Populate only from authoritative/current sources; do not infer missing values.
Mizoram University,,,Mizoram,India,,,,,,39150,43000,8.0,8.7,8.8,8.0,7.0,7.6,7.9,,Mizoram University ,Mizoram,"39,150","43,000",,,,,,,,,,,,,,,,,,,,,,,,,,,,,,,,,,,,,,,,,,,,,,,,,,,,,,,,,,,Indian_Engineering_Colleges_Dataset.csv,NIRF_2025_Scores_with_Rank.csv,Existing dataset + NIRF 2025 where conservatively matched,Not yet verified,Populate only from authoritative/current sources; do not infer missing values.
National Institute of Electronics & Information Technology,,,Mizoram,India,,,,,,44560,33950,5.3,7.0,,7.0,6.0,1.0,,,National Institute of Electronics & Information Technology ,Mizoram,"44,560","33,950",,,,,,,,,,,,,,,,,,,,,,,,,,,,,,,,,,,,,,,,,,,,,,,,,,,,,,,,,,,Indian_Engineering_Colleges_Dataset.csv,NIRF_2025_Scores_with_Rank.csv,Existing dataset + NIRF 2025 where conservatively matched,Not yet verified,Populate only from authoritative/current sources; do not infer missing values.
"Dr. B R Ambedkar Institute of Technology, Port Blair",,,Andaman,India,,,,,,12083,4780,,,,,,,,,"Dr. B R Ambedkar Institute of Technology, Port Blair ",Andaman,"12,083","4,780",,,,,,,,,,,,,,,,,,,,,,,,,,,,,,,,,,,,,,,,,,,,,,,,,,,,,,,,,,,Indian_Engineering_Colleges_Dataset.csv,NIRF_2025_Scores_with_Rank.csv,Existing dataset + NIRF 2025 where conservatively matched,Not yet verified,Populate only from authoritative/current sources; do not infer missing values.
"Plastindia International University, Dadra & Nagar Haveli",,,Dadra,India,,,,,,,,,,,,,,,,"Plastindia International University, Dadra & Nagar Haveli ",Dadra,--,--,,,,,,,,,,,,,,,,,,,,,,,,,,,,,,,,,,,,,,,,,,,,,,,,,,,,,,,,,,,Indian_Engineering_Colleges_Dataset.csv,NIRF_2025_Scores_with_Rank.csv,Existing dataset + NIRF 2025 where conservatively matched,Not yet verified,Populate only from authoritative/current sources; do not infer missing values.
"Government Polytechnic, Daman",,,Daman,India,,,,,,3575,8280,,,,,,,,,"Government Polytechnic, Daman ",Daman,"3,575","8,280",,,,,,,,,,,,,,,,,,,,,,,,,,,,,,,,,,,,,,,,,,,,,,,,,,,,,,,,,,,Indian_Engineering_Colleges_Dataset.csv,NIRF_2025_Scores_with_Rank.csv,Existing dataset + NIRF 2025 where conservatively matched,Not yet verified,Populate only from authoritative/current sources; do not infer missing values.
